site,route,area,vehicle,direction,trip,time,extras,advertised_one_way_base,selection,review,submitted,worker_calculated,saved,in_band,selection_review_mismatch,cls,note
NAT-live(c5ee3b1),NADI_DOWNTOWN,Nadi,sedan,airport -> destination (arrival),one-way,day 10:00,none,19,19,19,19,30.15,,false,false,CONSENT_REQUIRED,refused; Worker fare 30.15
NAT-live(c5ee3b1),NADI_DOWNTOWN,Nadi,sedan,airport -> destination (arrival),one-way,night 23:00,none,19,25,25,25,36.18,,false,false,CONSENT_REQUIRED,refused; Worker fare 36.18
NAT-live(c5ee3b1),NADI_DOWNTOWN,Nadi,sedan,airport -> destination (arrival),one-way,day 10:00,child seat,19,27,27,27,38.15,,false,false,CONSENT_REQUIRED,refused; Worker fare 38.15
NAT-live(c5ee3b1),NADI_DOWNTOWN,Nadi,sedan,airport -> destination (arrival),one-way,night 23:00,child seat,19,33,33,33,44.18,,false,false,CONSENT_REQUIRED,refused; Worker fare 44.18
NAT-live(c5ee3b1),NADI_DOWNTOWN,Nadi,sedan,airport -> destination (arrival),return,day 10:00,none,19,40,40,40,49.78,40,true,false,IN_BAND_DIFFERENCE,
NAT-live(c5ee3b1),NADI_DOWNTOWN,Nadi,sedan,airport -> destination (arrival),return,night 23:00,none,19,45,45,45,59.93,,false,false,CONSENT_REQUIRED,refused; Worker fare 59.93
NAT-live(c5ee3b1),NADI_DOWNTOWN,Nadi,sedan,airport -> destination (arrival),return,day 10:00,child seat,19,48,48,48,57.78,48,true,false,IN_BAND_DIFFERENCE,
NAT-live(c5ee3b1),NADI_DOWNTOWN,Nadi,sedan,airport -> destination (arrival),return,night 23:00,child seat,19,48,48,48,67.93,,false,false,CONSENT_REQUIRED,refused; Worker fare 67.93
NAT-live(c5ee3b1),NADI_DOWNTOWN,Nadi,minivan,airport -> destination (arrival),one-way,day 10:00,none,49,49,49,49,46.42,49,true,false,IN_BAND_DIFFERENCE,
NAT-live(c5ee3b1),NADI_DOWNTOWN,Nadi,minivan,airport -> destination (arrival),one-way,night 23:00,none,49,54,54,54,55.7,54,true,false,IN_BAND_DIFFERENCE,
NAT-live(c5ee3b1),NADI_DOWNTOWN,Nadi,minivan,airport -> destination (arrival),one-way,day 10:00,child seat,49,51,51,51,53.42,51,true,false,IN_BAND_DIFFERENCE,
NAT-live(c5ee3b1),NADI_DOWNTOWN,Nadi,minivan,airport -> destination (arrival),one-way,night 23:00,child seat,49,61,61,61,62.7,61,true,false,IN_BAND_DIFFERENCE,
NAT-live(c5ee3b1),NADI_DOWNTOWN,Nadi,minivan,airport -> destination (arrival),return,day 10:00,none,49,85,85,85,85.13,85,true,false,IN_BAND_DIFFERENCE,
NAT-live(c5ee3b1),NADI_DOWNTOWN,Nadi,minivan,airport -> destination (arrival),return,night 23:00,none,49,99,99,99,103.15,99,true,false,IN_BAND_DIFFERENCE,
NAT-live(c5ee3b1),NADI_DOWNTOWN,Nadi,minivan,airport -> destination (arrival),return,day 10:00,child seat,49,93,93,93,93.13,93,true,false,IN_BAND_DIFFERENCE,
NAT-live(c5ee3b1),NADI_DOWNTOWN,Nadi,minivan,airport -> destination (arrival),return,night 23:00,child seat,49,106,106,106,110.15,106,true,false,IN_BAND_DIFFERENCE,
NAT-live(c5ee3b1),NADI_DOWNTOWN,Nadi,minibus,airport -> destination (arrival),one-way,day 10:00,none,79,71,71,71,71.46,71,true,false,IN_BAND_DIFFERENCE,
NAT-live(c5ee3b1),NADI_DOWNTOWN,Nadi,minibus,airport -> destination (arrival),one-way,night 23:00,none,79,85,85,85,85.35,85,true,false,IN_BAND_DIFFERENCE,
NAT-live(c5ee3b1),NADI_DOWNTOWN,Nadi,minibus,airport -> destination (arrival),one-way,day 10:00,child seat,79,78,78,78,78.46,78,true,false,IN_BAND_DIFFERENCE,
NAT-live(c5ee3b1),NADI_DOWNTOWN,Nadi,minibus,airport -> destination (arrival),one-way,night 23:00,child seat,79,93,93,93,93.35,93,true,false,IN_BAND_DIFFERENCE,
NAT-live(c5ee3b1),NADI_DOWNTOWN,Nadi,minibus,airport -> destination (arrival),return,day 10:00,none,79,135,135,135,132,135,true,false,IN_BAND_DIFFERENCE,
NAT-live(c5ee3b1),NADI_DOWNTOWN,Nadi,minibus,airport -> destination (arrival),return,night 23:00,none,79,162,162,162,158.4,162,true,false,IN_BAND_DIFFERENCE,
NAT-live(c5ee3b1),NADI_DOWNTOWN,Nadi,minibus,airport -> destination (arrival),return,day 10:00,child seat,79,142,142,142,139,142,true,false,IN_BAND_DIFFERENCE,
NAT-live(c5ee3b1),NADI_DOWNTOWN,Nadi,minibus,airport -> destination (arrival),return,night 23:00,child seat,79,169,169,169,166.4,169,true,false,IN_BAND_DIFFERENCE,
NAT-live(c5ee3b1),TANOA_INTERNATIONAL,Nadi Airport,sedan,airport -> destination (arrival),one-way,day 10:00,none,15,15,15,15,,,,false,ZONE_NOT_IN_PRICING_DATA,
NAT-live(c5ee3b1),TANOA_INTERNATIONAL,Nadi Airport,sedan,airport -> destination (arrival),one-way,night 23:00,none,15,20,20,20,,,,false,ZONE_NOT_IN_PRICING_DATA,
NAT-live(c5ee3b1),TANOA_INTERNATIONAL,Nadi Airport,sedan,airport -> destination (arrival),one-way,day 10:00,child seat,15,23,23,23,,,,false,ZONE_NOT_IN_PRICING_DATA,
NAT-live(c5ee3b1),TANOA_INTERNATIONAL,Nadi Airport,sedan,airport -> destination (arrival),one-way,night 23:00,child seat,15,28,28,28,,,,false,ZONE_NOT_IN_PRICING_DATA,
NAT-live(c5ee3b1),TANOA_INTERNATIONAL,Nadi Airport,sedan,airport -> destination (arrival),return,day 10:00,none,15,30,30,30,,,,false,ZONE_NOT_IN_PRICING_DATA,
NAT-live(c5ee3b1),TANOA_INTERNATIONAL,Nadi Airport,sedan,airport -> destination (arrival),return,night 23:00,none,15,35,35,35,,,,false,ZONE_NOT_IN_PRICING_DATA,
NAT-live(c5ee3b1),TANOA_INTERNATIONAL,Nadi Airport,sedan,airport -> destination (arrival),return,day 10:00,child seat,15,38,38,38,,,,false,ZONE_NOT_IN_PRICING_DATA,
NAT-live(c5ee3b1),TANOA_INTERNATIONAL,Nadi Airport,sedan,airport -> destination (arrival),return,night 23:00,child seat,15,43,43,43,,,,false,ZONE_NOT_IN_PRICING_DATA,
NAT-live(c5ee3b1),TANOA_INTERNATIONAL,Nadi Airport,minivan,airport -> destination (arrival),one-way,day 10:00,none,25,25,25,25,,,,false,ZONE_NOT_IN_PRICING_DATA,
NAT-live(c5ee3b1),TANOA_INTERNATIONAL,Nadi Airport,minivan,airport -> destination (arrival),one-way,night 23:00,none,25,30,30,30,,,,false,ZONE_NOT_IN_PRICING_DATA,
NAT-live(c5ee3b1),TANOA_INTERNATIONAL,Nadi Airport,minivan,airport -> destination (arrival),one-way,day 10:00,child seat,25,33,33,33,,,,false,ZONE_NOT_IN_PRICING_DATA,
NAT-live(c5ee3b1),TANOA_INTERNATIONAL,Nadi Airport,minivan,airport -> destination (arrival),one-way,night 23:00,child seat,25,38,38,38,,,,false,ZONE_NOT_IN_PRICING_DATA,
NAT-live(c5ee3b1),TANOA_INTERNATIONAL,Nadi Airport,minivan,airport -> destination (arrival),return,day 10:00,none,25,50,50,50,,,,false,ZONE_NOT_IN_PRICING_DATA,
NAT-live(c5ee3b1),TANOA_INTERNATIONAL,Nadi Airport,minivan,airport -> destination (arrival),return,night 23:00,none,25,54,54,54,,,,false,ZONE_NOT_IN_PRICING_DATA,
NAT-live(c5ee3b1),TANOA_INTERNATIONAL,Nadi Airport,minivan,airport -> destination (arrival),return,day 10:00,child seat,25,52,52,52,,,,false,ZONE_NOT_IN_PRICING_DATA,
NAT-live(c5ee3b1),TANOA_INTERNATIONAL,Nadi Airport,minivan,airport -> destination (arrival),return,night 23:00,child seat,25,61,61,61,,,,false,ZONE_NOT_IN_PRICING_DATA,
NAT-live(c5ee3b1),TANOA_INTERNATIONAL,Nadi Airport,minibus,airport -> destination (arrival),one-way,day 10:00,none,45,45,45,45,,,,false,ZONE_NOT_IN_PRICING_DATA,
NAT-live(c5ee3b1),TANOA_INTERNATIONAL,Nadi Airport,minibus,airport -> destination (arrival),one-way,night 23:00,none,45,49,49,49,,,,false,ZONE_NOT_IN_PRICING_DATA,
NAT-live(c5ee3b1),TANOA_INTERNATIONAL,Nadi Airport,minibus,airport -> destination (arrival),one-way,day 10:00,child seat,45,48,48,48,,,,false,ZONE_NOT_IN_PRICING_DATA,
NAT-live(c5ee3b1),TANOA_INTERNATIONAL,Nadi Airport,minibus,airport -> destination (arrival),one-way,night 23:00,child seat,45,57,57,57,,,,false,ZONE_NOT_IN_PRICING_DATA,
NAT-live(c5ee3b1),TANOA_INTERNATIONAL,Nadi Airport,minibus,airport -> destination (arrival),return,day 10:00,none,45,76,76,76,,,,false,ZONE_NOT_IN_PRICING_DATA,
NAT-live(c5ee3b1),TANOA_INTERNATIONAL,Nadi Airport,minibus,airport -> destination (arrival),return,night 23:00,none,45,90,90,90,,,,false,ZONE_NOT_IN_PRICING_DATA,
NAT-live(c5ee3b1),TANOA_INTERNATIONAL,Nadi Airport,minibus,airport -> destination (arrival),return,day 10:00,child seat,45,84,84,84,,,,false,ZONE_NOT_IN_PRICING_DATA,
NAT-live(c5ee3b1),TANOA_INTERNATIONAL,Nadi Airport,minibus,airport -> destination (arrival),return,night 23:00,child seat,45,97,97,97,,,,false,ZONE_NOT_IN_PRICING_DATA,
NAT-live(c5ee3b1),MERCURE_NADI,Nadi,sedan,airport -> destination (arrival),one-way,day 10:00,none,19,19,19,19,30.15,,false,false,CONSENT_REQUIRED,refused; Worker fare 30.15
NAT-live(c5ee3b1),MERCURE_NADI,Nadi,sedan,airport -> destination (arrival),one-way,night 23:00,none,19,25,25,25,36.18,,false,false,CONSENT_REQUIRED,refused; Worker fare 36.18
NAT-live(c5ee3b1),MERCURE_NADI,Nadi,sedan,airport -> destination (arrival),one-way,day 10:00,child seat,19,27,27,27,38.15,,false,false,CONSENT_REQUIRED,refused; Worker fare 38.15
NAT-live(c5ee3b1),MERCURE_NADI,Nadi,sedan,airport -> destination (arrival),one-way,night 23:00,child seat,19,33,33,33,44.18,,false,false,CONSENT_REQUIRED,refused; Worker fare 44.18
NAT-live(c5ee3b1),MERCURE_NADI,Nadi,sedan,airport -> destination (arrival),return,day 10:00,none,19,40,40,40,49.78,40,true,false,IN_BAND_DIFFERENCE,
NAT-live(c5ee3b1),MERCURE_NADI,Nadi,sedan,airport -> destination (arrival),return,night 23:00,none,19,45,45,45,59.93,,false,false,CONSENT_REQUIRED,refused; Worker fare 59.93
NAT-live(c5ee3b1),MERCURE_NADI,Nadi,sedan,airport -> destination (arrival),return,day 10:00,child seat,19,48,48,48,57.78,48,true,false,IN_BAND_DIFFERENCE,
NAT-live(c5ee3b1),MERCURE_NADI,Nadi,sedan,airport -> destination (arrival),return,night 23:00,child seat,19,48,48,48,67.93,,false,false,CONSENT_REQUIRED,refused; Worker fare 67.93
NAT-live(c5ee3b1),MERCURE_NADI,Nadi,minivan,airport -> destination (arrival),one-way,day 10:00,none,49,49,49,49,46.42,49,true,false,IN_BAND_DIFFERENCE,
NAT-live(c5ee3b1),MERCURE_NADI,Nadi,minivan,airport -> destination (arrival),one-way,night 23:00,none,49,54,54,54,55.7,54,true,false,IN_BAND_DIFFERENCE,
NAT-live(c5ee3b1),MERCURE_NADI,Nadi,minivan,airport -> destination (arrival),one-way,day 10:00,child seat,49,51,51,51,53.42,51,true,false,IN_BAND_DIFFERENCE,
NAT-live(c5ee3b1),MERCURE_NADI,Nadi,minivan,airport -> destination (arrival),one-way,night 23:00,child seat,49,61,61,61,62.7,61,true,false,IN_BAND_DIFFERENCE,
NAT-live(c5ee3b1),MERCURE_NADI,Nadi,minivan,airport -> destination (arrival),return,day 10:00,none,49,85,85,85,85.13,85,true,false,IN_BAND_DIFFERENCE,
NAT-live(c5ee3b1),MERCURE_NADI,Nadi,minivan,airport -> destination (arrival),return,night 23:00,none,49,99,99,99,103.15,99,true,false,IN_BAND_DIFFERENCE,
NAT-live(c5ee3b1),MERCURE_NADI,Nadi,minivan,airport -> destination (arrival),return,day 10:00,child seat,49,93,93,93,93.13,93,true,false,IN_BAND_DIFFERENCE,
NAT-live(c5ee3b1),MERCURE_NADI,Nadi,minivan,airport -> destination (arrival),return,night 23:00,child seat,49,106,106,106,110.15,106,true,false,IN_BAND_DIFFERENCE,
NAT-live(c5ee3b1),MERCURE_NADI,Nadi,minibus,airport -> destination (arrival),one-way,day 10:00,none,79,71,71,71,71.46,71,true,false,IN_BAND_DIFFERENCE,
NAT-live(c5ee3b1),MERCURE_NADI,Nadi,minibus,airport -> destination (arrival),one-way,night 23:00,none,79,85,85,85,85.35,85,true,false,IN_BAND_DIFFERENCE,
NAT-live(c5ee3b1),MERCURE_NADI,Nadi,minibus,airport -> destination (arrival),one-way,day 10:00,child seat,79,78,78,78,78.46,78,true,false,IN_BAND_DIFFERENCE,
NAT-live(c5ee3b1),MERCURE_NADI,Nadi,minibus,airport -> destination (arrival),one-way,night 23:00,child seat,79,93,93,93,93.35,93,true,false,IN_BAND_DIFFERENCE,
NAT-live(c5ee3b1),MERCURE_NADI,Nadi,minibus,airport -> destination (arrival),return,day 10:00,none,79,135,135,135,132,135,true,false,IN_BAND_DIFFERENCE,
NAT-live(c5ee3b1),MERCURE_NADI,Nadi,minibus,airport -> destination (arrival),return,night 23:00,none,79,162,162,162,158.4,162,true,false,IN_BAND_DIFFERENCE,
NAT-live(c5ee3b1),MERCURE_NADI,Nadi,minibus,airport -> destination (arrival),return,day 10:00,child seat,79,142,142,142,139,142,true,false,IN_BAND_DIFFERENCE,
NAT-live(c5ee3b1),MERCURE_NADI,Nadi,minibus,airport -> destination (arrival),return,night 23:00,child seat,79,169,169,169,166.4,169,true,false,IN_BAND_DIFFERENCE,
NAT-live(c5ee3b1),WAILOALOA_BEACH,Wailoaloa,sedan,airport -> destination (arrival),one-way,day 10:00,none,39,39,39,39,30.36,39,true,false,IN_BAND_DIFFERENCE,
NAT-live(c5ee3b1),WAILOALOA_BEACH,Wailoaloa,sedan,airport -> destination (arrival),one-way,night 23:00,none,39,50,50,50,36.43,,false,false,CONSENT_REQUIRED,refused; Worker fare 36.43
NAT-live(c5ee3b1),WAILOALOA_BEACH,Wailoaloa,sedan,airport -> destination (arrival),one-way,day 10:00,child seat,39,47,47,47,38.36,47,true,false,IN_BAND_DIFFERENCE,
NAT-live(c5ee3b1),WAILOALOA_BEACH,Wailoaloa,sedan,airport -> destination (arrival),one-way,night 23:00,child seat,39,52,52,52,44.43,52,true,false,IN_BAND_DIFFERENCE,
NAT-live(c5ee3b1),WAILOALOA_BEACH,Wailoaloa,sedan,airport -> destination (arrival),return,day 10:00,none,39,67,67,67,50.17,,false,false,CONSENT_REQUIRED,refused; Worker fare 50.17
NAT-live(c5ee3b1),WAILOALOA_BEACH,Wailoaloa,sedan,airport -> destination (arrival),return,night 23:00,none,39,81,81,81,60.4,,false,false,CONSENT_REQUIRED,refused; Worker fare 60.4
NAT-live(c5ee3b1),WAILOALOA_BEACH,Wailoaloa,sedan,airport -> destination (arrival),return,day 10:00,child seat,39,75,75,75,58.17,75,true,false,IN_BAND_DIFFERENCE,
NAT-live(c5ee3b1),WAILOALOA_BEACH,Wailoaloa,sedan,airport -> destination (arrival),return,night 23:00,child seat,39,88,88,88,67.4,,false,false,CONSENT_REQUIRED,refused; Worker fare 67.4
NAT-live(c5ee3b1),WAILOALOA_BEACH,Wailoaloa,minivan,airport -> destination (arrival),one-way,day 10:00,none,59,53,53,53,46.63,53,true,false,IN_BAND_DIFFERENCE,
NAT-live(c5ee3b1),WAILOALOA_BEACH,Wailoaloa,minivan,airport -> destination (arrival),one-way,night 23:00,none,59,67,67,67,55.96,67,true,false,IN_BAND_DIFFERENCE,
NAT-live(c5ee3b1),WAILOALOA_BEACH,Wailoaloa,minivan,airport -> destination (arrival),one-way,day 10:00,child seat,59,60,60,60,53.63,60,true,false,IN_BAND_DIFFERENCE,
NAT-live(c5ee3b1),WAILOALOA_BEACH,Wailoaloa,minivan,airport -> destination (arrival),one-way,night 23:00,child seat,59,75,75,75,62.96,75,true,false,IN_BAND_DIFFERENCE,
NAT-live(c5ee3b1),WAILOALOA_BEACH,Wailoaloa,minivan,airport -> destination (arrival),return,day 10:00,none,59,99,99,99,85.52,99,true,false,IN_BAND_DIFFERENCE,
NAT-live(c5ee3b1),WAILOALOA_BEACH,Wailoaloa,minivan,airport -> destination (arrival),return,night 23:00,none,59,121,121,121,103.62,121,true,false,IN_BAND_DIFFERENCE,
NAT-live(c5ee3b1),WAILOALOA_BEACH,Wailoaloa,minivan,airport -> destination (arrival),return,day 10:00,child seat,59,106,106,106,93.52,106,true,false,IN_BAND_DIFFERENCE,
NAT-live(c5ee3b1),WAILOALOA_BEACH,Wailoaloa,minivan,airport -> destination (arrival),return,night 23:00,child seat,59,129,129,129,110.62,129,true,false,IN_BAND_DIFFERENCE,
NAT-live(c5ee3b1),WAILOALOA_BEACH,Wailoaloa,minibus,airport -> destination (arrival),one-way,day 10:00,none,89,80,80,80,71.7,80,true,false,IN_BAND_DIFFERENCE,
NAT-live(c5ee3b1),WAILOALOA_BEACH,Wailoaloa,minibus,airport -> destination (arrival),one-way,night 23:00,none,89,99,99,99,85.64,99,true,false,IN_BAND_DIFFERENCE,
NAT-live(c5ee3b1),WAILOALOA_BEACH,Wailoaloa,minibus,airport -> destination (arrival),one-way,day 10:00,child seat,89,87,87,87,78.7,87,true,false,IN_BAND_DIFFERENCE,
NAT-live(c5ee3b1),WAILOALOA_BEACH,Wailoaloa,minibus,airport -> destination (arrival),one-way,night 23:00,child seat,89,106,106,106,93.64,106,true,false,IN_BAND_DIFFERENCE,
NAT-live(c5ee3b1),WAILOALOA_BEACH,Wailoaloa,minibus,airport -> destination (arrival),return,day 10:00,none,89,148,148,148,132.45,148,true,false,IN_BAND_DIFFERENCE,
NAT-live(c5ee3b1),WAILOALOA_BEACH,Wailoaloa,minibus,airport -> destination (arrival),return,night 23:00,none,89,180,180,180,158.93,180,true,false,IN_BAND_DIFFERENCE,
NAT-live(c5ee3b1),WAILOALOA_BEACH,Wailoaloa,minibus,airport -> destination (arrival),return,day 10:00,child seat,89,156,156,156,139.45,156,true,false,IN_BAND_DIFFERENCE,
NAT-live(c5ee3b1),WAILOALOA_BEACH,Wailoaloa,minibus,airport -> destination (arrival),return,night 23:00,child seat,89,187,187,187,166.93,187,true,false,IN_BAND_DIFFERENCE,
NAT-live(c5ee3b1),CROWNE_PLAZA_NADI_BAY,Wailoaloa,sedan,airport -> destination (arrival),one-way,day 10:00,none,39,39,39,39,30.36,39,true,false,IN_BAND_DIFFERENCE,
NAT-live(c5ee3b1),CROWNE_PLAZA_NADI_BAY,Wailoaloa,sedan,airport -> destination (arrival),one-way,night 23:00,none,39,50,50,50,36.43,,false,false,CONSENT_REQUIRED,refused; Worker fare 36.43
NAT-live(c5ee3b1),CROWNE_PLAZA_NADI_BAY,Wailoaloa,sedan,airport -> destination (arrival),one-way,day 10:00,child seat,39,47,47,47,38.36,47,true,false,IN_BAND_DIFFERENCE,
NAT-live(c5ee3b1),CROWNE_PLAZA_NADI_BAY,Wailoaloa,sedan,airport -> destination (arrival),one-way,night 23:00,child seat,39,52,52,52,44.43,52,true,false,IN_BAND_DIFFERENCE,
NAT-live(c5ee3b1),CROWNE_PLAZA_NADI_BAY,Wailoaloa,sedan,airport -> destination (arrival),return,day 10:00,none,39,67,67,67,50.17,,false,false,CONSENT_REQUIRED,refused; Worker fare 50.17
NAT-live(c5ee3b1),CROWNE_PLAZA_NADI_BAY,Wailoaloa,sedan,airport -> destination (arrival),return,night 23:00,none,39,81,81,81,60.4,,false,false,CONSENT_REQUIRED,refused; Worker fare 60.4
NAT-live(c5ee3b1),CROWNE_PLAZA_NADI_BAY,Wailoaloa,sedan,airport -> destination (arrival),return,day 10:00,child seat,39,75,75,75,58.17,75,true,false,IN_BAND_DIFFERENCE,
NAT-live(c5ee3b1),CROWNE_PLAZA_NADI_BAY,Wailoaloa,sedan,airport -> destination (arrival),return,night 23:00,child seat,39,88,88,88,67.4,,false,false,CONSENT_REQUIRED,refused; Worker fare 67.4
NAT-live(c5ee3b1),CROWNE_PLAZA_NADI_BAY,Wailoaloa,minivan,airport -> destination (arrival),one-way,day 10:00,none,59,53,53,53,46.63,53,true,false,IN_BAND_DIFFERENCE,
NAT-live(c5ee3b1),CROWNE_PLAZA_NADI_BAY,Wailoaloa,minivan,airport -> destination (arrival),one-way,night 23:00,none,59,67,67,67,55.96,67,true,false,IN_BAND_DIFFERENCE,
NAT-live(c5ee3b1),CROWNE_PLAZA_NADI_BAY,Wailoaloa,minivan,airport -> destination (arrival),one-way,day 10:00,child seat,59,60,60,60,53.63,60,true,false,IN_BAND_DIFFERENCE,
NAT-live(c5ee3b1),CROWNE_PLAZA_NADI_BAY,Wailoaloa,minivan,airport -> destination (arrival),one-way,night 23:00,child seat,59,75,75,75,62.96,75,true,false,IN_BAND_DIFFERENCE,
NAT-live(c5ee3b1),CROWNE_PLAZA_NADI_BAY,Wailoaloa,minivan,airport -> destination (arrival),return,day 10:00,none,59,99,99,99,85.52,99,true,false,IN_BAND_DIFFERENCE,
NAT-live(c5ee3b1),CROWNE_PLAZA_NADI_BAY,Wailoaloa,minivan,airport -> destination (arrival),return,night 23:00,none,59,121,121,121,103.62,121,true,false,IN_BAND_DIFFERENCE,
NAT-live(c5ee3b1),CROWNE_PLAZA_NADI_BAY,Wailoaloa,minivan,airport -> destination (arrival),return,day 10:00,child seat,59,106,106,106,93.52,106,true,false,IN_BAND_DIFFERENCE,
NAT-live(c5ee3b1),CROWNE_PLAZA_NADI_BAY,Wailoaloa,minivan,airport -> destination (arrival),return,night 23:00,child seat,59,129,129,129,110.62,129,true,false,IN_BAND_DIFFERENCE,
NAT-live(c5ee3b1),CROWNE_PLAZA_NADI_BAY,Wailoaloa,minibus,airport -> destination (arrival),one-way,day 10:00,none,89,80,80,80,71.7,80,true,false,IN_BAND_DIFFERENCE,
NAT-live(c5ee3b1),CROWNE_PLAZA_NADI_BAY,Wailoaloa,minibus,airport -> destination (arrival),one-way,night 23:00,none,89,99,99,99,85.64,99,true,false,IN_BAND_DIFFERENCE,
NAT-live(c5ee3b1),CROWNE_PLAZA_NADI_BAY,Wailoaloa,minibus,airport -> destination (arrival),one-way,day 10:00,child seat,89,87,87,87,78.7,87,true,false,IN_BAND_DIFFERENCE,
NAT-live(c5ee3b1),CROWNE_PLAZA_NADI_BAY,Wailoaloa,minibus,airport -> destination (arrival),one-way,night 23:00,child seat,89,106,106,106,93.64,106,true,false,IN_BAND_DIFFERENCE,
NAT-live(c5ee3b1),CROWNE_PLAZA_NADI_BAY,Wailoaloa,minibus,airport -> destination (arrival),return,day 10:00,none,89,148,148,148,132.45,148,true,false,IN_BAND_DIFFERENCE,
NAT-live(c5ee3b1),CROWNE_PLAZA_NADI_BAY,Wailoaloa,minibus,airport -> destination (arrival),return,night 23:00,none,89,180,180,180,158.93,180,true,false,IN_BAND_DIFFERENCE,
NAT-live(c5ee3b1),CROWNE_PLAZA_NADI_BAY,Wailoaloa,minibus,airport -> destination (arrival),return,day 10:00,child seat,89,156,156,156,139.45,156,true,false,IN_BAND_DIFFERENCE,
NAT-live(c5ee3b1),CROWNE_PLAZA_NADI_BAY,Wailoaloa,minibus,airport -> destination (arrival),return,night 23:00,child seat,89,187,187,187,166.93,187,true,false,IN_BAND_DIFFERENCE,
NAT-live(c5ee3b1),HILTON_DENARAU,Denarau,sedan,airport -> destination (arrival),one-way,day 10:00,none,49,49,49,49,47.87,49,true,false,IN_BAND_DIFFERENCE,
NAT-live(c5ee3b1),HILTON_DENARAU,Denarau,sedan,airport -> destination (arrival),one-way,night 23:00,none,49,54,54,54,51.44,54,true,false,IN_BAND_DIFFERENCE,
NAT-live(c5ee3b1),HILTON_DENARAU,Denarau,sedan,airport -> destination (arrival),one-way,day 10:00,child seat,49,51,51,51,49.87,51,true,false,IN_BAND_DIFFERENCE,
NAT-live(c5ee3b1),HILTON_DENARAU,Denarau,sedan,airport -> destination (arrival),one-way,night 23:00,child seat,49,61,61,61,58.44,61,true,false,IN_BAND_DIFFERENCE,
NAT-live(c5ee3b1),HILTON_DENARAU,Denarau,sedan,airport -> destination (arrival),return,day 10:00,none,49,85,85,85,79.56,85,true,false,IN_BAND_DIFFERENCE,
NAT-live(c5ee3b1),HILTON_DENARAU,Denarau,sedan,airport -> destination (arrival),return,night 23:00,none,49,99,99,99,95.27,99,true,false,IN_BAND_DIFFERENCE,
NAT-live(c5ee3b1),HILTON_DENARAU,Denarau,sedan,airport -> destination (arrival),return,day 10:00,child seat,49,93,93,93,86.56,93,true,false,IN_BAND_DIFFERENCE,
NAT-live(c5ee3b1),HILTON_DENARAU,Denarau,sedan,airport -> destination (arrival),return,night 23:00,child seat,49,106,106,106,103.27,106,true,false,IN_BAND_DIFFERENCE,
NAT-live(c5ee3b1),HILTON_DENARAU,Denarau,minivan,airport -> destination (arrival),one-way,day 10:00,none,69,62,62,62,62.08,62,true,false,IN_BAND_DIFFERENCE,
NAT-live(c5ee3b1),HILTON_DENARAU,Denarau,minivan,airport -> destination (arrival),one-way,night 23:00,none,69,76,76,76,74.9,76,true,false,IN_BAND_DIFFERENCE,
NAT-live(c5ee3b1),HILTON_DENARAU,Denarau,minivan,airport -> destination (arrival),one-way,day 10:00,child seat,69,69,69,69,69.08,69,true,false,IN_BAND_DIFFERENCE,
NAT-live(c5ee3b1),HILTON_DENARAU,Denarau,minivan,airport -> destination (arrival),one-way,night 23:00,child seat,69,84,84,84,81.9,84,true,false,IN_BAND_DIFFERENCE,
NAT-live(c5ee3b1),HILTON_DENARAU,Denarau,minivan,airport -> destination (arrival),return,day 10:00,none,69,117,117,117,114.8,117,true,false,IN_BAND_DIFFERENCE,
NAT-live(c5ee3b1),HILTON_DENARAU,Denarau,minivan,airport -> destination (arrival),return,night 23:00,none,69,139,139,139,138.36,139,true,false,IN_BAND_DIFFERENCE,
NAT-live(c5ee3b1),HILTON_DENARAU,Denarau,minivan,airport -> destination (arrival),return,day 10:00,child seat,69,124,124,124,121.8,124,true,false,IN_BAND_DIFFERENCE,
NAT-live(c5ee3b1),HILTON_DENARAU,Denarau,minivan,airport -> destination (arrival),return,night 23:00,child seat,69,147,147,147,145.36,147,true,false,IN_BAND_DIFFERENCE,
NAT-live(c5ee3b1),HILTON_DENARAU,Denarau,minibus,airport -> destination (arrival),one-way,day 10:00,none,99,89,89,89,89.84,89,true,false,IN_BAND_DIFFERENCE,
NAT-live(c5ee3b1),HILTON_DENARAU,Denarau,minibus,airport -> destination (arrival),one-way,night 23:00,none,99,108,108,108,107.81,108,true,false,IN_BAND_DIFFERENCE,
NAT-live(c5ee3b1),HILTON_DENARAU,Denarau,minibus,airport -> destination (arrival),one-way,day 10:00,child seat,99,96,96,96,96.84,96,true,false,IN_BAND_DIFFERENCE,
NAT-live(c5ee3b1),HILTON_DENARAU,Denarau,minibus,airport -> destination (arrival),one-way,night 23:00,child seat,99,115,115,115,114.81,115,true,false,IN_BAND_DIFFERENCE,
NAT-live(c5ee3b1),HILTON_DENARAU,Denarau,minibus,airport -> destination (arrival),return,day 10:00,none,99,166,166,166,166.7,166,true,false,IN_BAND_DIFFERENCE,
NAT-live(c5ee3b1),HILTON_DENARAU,Denarau,minibus,airport -> destination (arrival),return,night 23:00,none,99,198,198,198,199.64,198,true,false,IN_BAND_DIFFERENCE,
NAT-live(c5ee3b1),HILTON_DENARAU,Denarau,minibus,airport -> destination (arrival),return,day 10:00,child seat,99,174,174,174,173.7,174,true,false,IN_BAND_DIFFERENCE,
NAT-live(c5ee3b1),HILTON_DENARAU,Denarau,minibus,airport -> destination (arrival),return,night 23:00,child seat,99,205,205,205,206.64,205,true,false,IN_BAND_DIFFERENCE,
NAT-live(c5ee3b1),SOFITEL_DENARAU,Denarau,sedan,airport -> destination (arrival),one-way,day 10:00,none,49,49,49,49,47.87,49,true,false,IN_BAND_DIFFERENCE,
NAT-live(c5ee3b1),SOFITEL_DENARAU,Denarau,sedan,airport -> destination (arrival),one-way,night 23:00,none,49,54,54,54,51.44,54,true,false,IN_BAND_DIFFERENCE,
NAT-live(c5ee3b1),SOFITEL_DENARAU,Denarau,sedan,airport -> destination (arrival),one-way,day 10:00,child seat,49,51,51,51,49.87,51,true,false,IN_BAND_DIFFERENCE,
NAT-live(c5ee3b1),SOFITEL_DENARAU,Denarau,sedan,airport -> destination (arrival),one-way,night 23:00,child seat,49,61,61,61,58.44,61,true,false,IN_BAND_DIFFERENCE,
NAT-live(c5ee3b1),SOFITEL_DENARAU,Denarau,sedan,airport -> destination (arrival),return,day 10:00,none,49,85,85,85,79.56,85,true,false,IN_BAND_DIFFERENCE,
NAT-live(c5ee3b1),SOFITEL_DENARAU,Denarau,sedan,airport -> destination (arrival),return,night 23:00,none,49,99,99,99,95.27,99,true,false,IN_BAND_DIFFERENCE,
NAT-live(c5ee3b1),SOFITEL_DENARAU,Denarau,sedan,airport -> destination (arrival),return,day 10:00,child seat,49,93,93,93,86.56,93,true,false,IN_BAND_DIFFERENCE,
NAT-live(c5ee3b1),SOFITEL_DENARAU,Denarau,sedan,airport -> destination (arrival),return,night 23:00,child seat,49,106,106,106,103.27,106,true,false,IN_BAND_DIFFERENCE,
NAT-live(c5ee3b1),SOFITEL_DENARAU,Denarau,minivan,airport -> destination (arrival),one-way,day 10:00,none,69,62,62,62,62.08,62,true,false,IN_BAND_DIFFERENCE,
NAT-live(c5ee3b1),SOFITEL_DENARAU,Denarau,minivan,airport -> destination (arrival),one-way,night 23:00,none,69,76,76,76,74.9,76,true,false,IN_BAND_DIFFERENCE,
NAT-live(c5ee3b1),SOFITEL_DENARAU,Denarau,minivan,airport -> destination (arrival),one-way,day 10:00,child seat,69,69,69,69,69.08,69,true,false,IN_BAND_DIFFERENCE,
NAT-live(c5ee3b1),SOFITEL_DENARAU,Denarau,minivan,airport -> destination (arrival),one-way,night 23:00,child seat,69,84,84,84,81.9,84,true,false,IN_BAND_DIFFERENCE,
NAT-live(c5ee3b1),SOFITEL_DENARAU,Denarau,minivan,airport -> destination (arrival),return,day 10:00,none,69,117,117,117,114.8,117,true,false,IN_BAND_DIFFERENCE,
NAT-live(c5ee3b1),SOFITEL_DENARAU,Denarau,minivan,airport -> destination (arrival),return,night 23:00,none,69,139,139,139,138.36,139,true,false,IN_BAND_DIFFERENCE,
NAT-live(c5ee3b1),SOFITEL_DENARAU,Denarau,minivan,airport -> destination (arrival),return,day 10:00,child seat,69,124,124,124,121.8,124,true,false,IN_BAND_DIFFERENCE,
NAT-live(c5ee3b1),SOFITEL_DENARAU,Denarau,minivan,airport -> destination (arrival),return,night 23:00,child seat,69,147,147,147,145.36,147,true,false,IN_BAND_DIFFERENCE,
NAT-live(c5ee3b1),SOFITEL_DENARAU,Denarau,minibus,airport -> destination (arrival),one-way,day 10:00,none,99,89,89,89,89.84,89,true,false,IN_BAND_DIFFERENCE,
NAT-live(c5ee3b1),SOFITEL_DENARAU,Denarau,minibus,airport -> destination (arrival),one-way,night 23:00,none,99,108,108,108,107.81,108,true,false,IN_BAND_DIFFERENCE,
NAT-live(c5ee3b1),SOFITEL_DENARAU,Denarau,minibus,airport -> destination (arrival),one-way,day 10:00,child seat,99,96,96,96,96.84,96,true,false,IN_BAND_DIFFERENCE,
NAT-live(c5ee3b1),SOFITEL_DENARAU,Denarau,minibus,airport -> destination (arrival),one-way,night 23:00,child seat,99,115,115,115,114.81,115,true,false,IN_BAND_DIFFERENCE,
NAT-live(c5ee3b1),SOFITEL_DENARAU,Denarau,minibus,airport -> destination (arrival),return,day 10:00,none,99,166,166,166,166.7,166,true,false,IN_BAND_DIFFERENCE,
NAT-live(c5ee3b1),SOFITEL_DENARAU,Denarau,minibus,airport -> destination (arrival),return,night 23:00,none,99,198,198,198,199.64,198,true,false,IN_BAND_DIFFERENCE,
NAT-live(c5ee3b1),SOFITEL_DENARAU,Denarau,minibus,airport -> destination (arrival),return,day 10:00,child seat,99,174,174,174,173.7,174,true,false,IN_BAND_DIFFERENCE,
NAT-live(c5ee3b1),SOFITEL_DENARAU,Denarau,minibus,airport -> destination (arrival),return,night 23:00,child seat,99,205,205,205,206.64,205,true,false,IN_BAND_DIFFERENCE,
NAT-live(c5ee3b1),PORT_DENARAU_MARINA,Denarau,sedan,airport -> destination (arrival),one-way,day 10:00,none,49,49,49,49,47.87,49,true,false,IN_BAND_DIFFERENCE,
NAT-live(c5ee3b1),PORT_DENARAU_MARINA,Denarau,sedan,airport -> destination (arrival),one-way,night 23:00,none,49,54,54,54,51.44,54,true,false,IN_BAND_DIFFERENCE,
NAT-live(c5ee3b1),PORT_DENARAU_MARINA,Denarau,sedan,airport -> destination (arrival),one-way,day 10:00,child seat,49,51,51,51,49.87,51,true,false,IN_BAND_DIFFERENCE,
NAT-live(c5ee3b1),PORT_DENARAU_MARINA,Denarau,sedan,airport -> destination (arrival),one-way,night 23:00,child seat,49,61,61,61,58.44,61,true,false,IN_BAND_DIFFERENCE,
NAT-live(c5ee3b1),PORT_DENARAU_MARINA,Denarau,sedan,airport -> destination (arrival),return,day 10:00,none,49,85,85,85,79.56,85,true,false,IN_BAND_DIFFERENCE,
NAT-live(c5ee3b1),PORT_DENARAU_MARINA,Denarau,sedan,airport -> destination (arrival),return,night 23:00,none,49,99,99,99,95.27,99,true,false,IN_BAND_DIFFERENCE,
NAT-live(c5ee3b1),PORT_DENARAU_MARINA,Denarau,sedan,airport -> destination (arrival),return,day 10:00,child seat,49,93,93,93,86.56,93,true,false,IN_BAND_DIFFERENCE,
NAT-live(c5ee3b1),PORT_DENARAU_MARINA,Denarau,sedan,airport -> destination (arrival),return,night 23:00,child seat,49,106,106,106,103.27,106,true,false,IN_BAND_DIFFERENCE,
NAT-live(c5ee3b1),PORT_DENARAU_MARINA,Denarau,minivan,airport -> destination (arrival),one-way,day 10:00,none,69,62,62,62,62.08,62,true,false,IN_BAND_DIFFERENCE,
NAT-live(c5ee3b1),PORT_DENARAU_MARINA,Denarau,minivan,airport -> destination (arrival),one-way,night 23:00,none,69,76,76,76,74.9,76,true,false,IN_BAND_DIFFERENCE,
NAT-live(c5ee3b1),PORT_DENARAU_MARINA,Denarau,minivan,airport -> destination (arrival),one-way,day 10:00,child seat,69,69,69,69,69.08,69,true,false,IN_BAND_DIFFERENCE,
NAT-live(c5ee3b1),PORT_DENARAU_MARINA,Denarau,minivan,airport -> destination (arrival),one-way,night 23:00,child seat,69,84,84,84,81.9,84,true,false,IN_BAND_DIFFERENCE,
NAT-live(c5ee3b1),PORT_DENARAU_MARINA,Denarau,minivan,airport -> destination (arrival),return,day 10:00,none,69,117,117,117,114.8,117,true,false,IN_BAND_DIFFERENCE,
NAT-live(c5ee3b1),PORT_DENARAU_MARINA,Denarau,minivan,airport -> destination (arrival),return,night 23:00,none,69,139,139,139,138.36,139,true,false,IN_BAND_DIFFERENCE,
NAT-live(c5ee3b1),PORT_DENARAU_MARINA,Denarau,minivan,airport -> destination (arrival),return,day 10:00,child seat,69,124,124,124,121.8,124,true,false,IN_BAND_DIFFERENCE,
NAT-live(c5ee3b1),PORT_DENARAU_MARINA,Denarau,minivan,airport -> destination (arrival),return,night 23:00,child seat,69,147,147,147,145.36,147,true,false,IN_BAND_DIFFERENCE,
NAT-live(c5ee3b1),PORT_DENARAU_MARINA,Denarau,minibus,airport -> destination (arrival),one-way,day 10:00,none,99,89,89,89,89.84,89,true,false,IN_BAND_DIFFERENCE,
NAT-live(c5ee3b1),PORT_DENARAU_MARINA,Denarau,minibus,airport -> destination (arrival),one-way,night 23:00,none,99,108,108,108,107.81,108,true,false,IN_BAND_DIFFERENCE,
NAT-live(c5ee3b1),PORT_DENARAU_MARINA,Denarau,minibus,airport -> destination (arrival),one-way,day 10:00,child seat,99,96,96,96,96.84,96,true,false,IN_BAND_DIFFERENCE,
NAT-live(c5ee3b1),PORT_DENARAU_MARINA,Denarau,minibus,airport -> destination (arrival),one-way,night 23:00,child seat,99,115,115,115,114.81,115,true,false,IN_BAND_DIFFERENCE,
NAT-live(c5ee3b1),PORT_DENARAU_MARINA,Denarau,minibus,airport -> destination (arrival),return,day 10:00,none,99,166,166,166,166.7,166,true,false,IN_BAND_DIFFERENCE,
NAT-live(c5ee3b1),PORT_DENARAU_MARINA,Denarau,minibus,airport -> destination (arrival),return,night 23:00,none,99,198,198,198,199.64,198,true,false,IN_BAND_DIFFERENCE,
NAT-live(c5ee3b1),PORT_DENARAU_MARINA,Denarau,minibus,airport -> destination (arrival),return,day 10:00,child seat,99,174,174,174,173.7,174,true,false,IN_BAND_DIFFERENCE,
NAT-live(c5ee3b1),PORT_DENARAU_MARINA,Denarau,minibus,airport -> destination (arrival),return,night 23:00,child seat,99,205,205,205,206.64,205,true,false,IN_BAND_DIFFERENCE,
NAT-live(c5ee3b1),DOUBLETREE_SONAISALI,Sonaisali,sedan,airport -> destination (arrival),one-way,day 10:00,none,69,62,62,62,70.83,62,true,false,IN_BAND_DIFFERENCE,
NAT-live(c5ee3b1),DOUBLETREE_SONAISALI,Sonaisali,sedan,airport -> destination (arrival),one-way,night 23:00,none,69,76,76,76,85.6,76,true,false,IN_BAND_DIFFERENCE,
NAT-live(c5ee3b1),DOUBLETREE_SONAISALI,Sonaisali,sedan,airport -> destination (arrival),one-way,day 10:00,child seat,69,69,69,69,77.83,69,true,false,IN_BAND_DIFFERENCE,
NAT-live(c5ee3b1),DOUBLETREE_SONAISALI,Sonaisali,sedan,airport -> destination (arrival),one-way,night 23:00,child seat,69,84,84,84,92.6,84,true,false,IN_BAND_DIFFERENCE,
NAT-live(c5ee3b1),DOUBLETREE_SONAISALI,Sonaisali,sedan,airport -> destination (arrival),return,day 10:00,none,69,117,117,117,130.84,117,true,false,IN_BAND_DIFFERENCE,
NAT-live(c5ee3b1),DOUBLETREE_SONAISALI,Sonaisali,sedan,airport -> destination (arrival),return,night 23:00,none,69,139,139,139,157,139,true,false,IN_BAND_DIFFERENCE,
NAT-live(c5ee3b1),DOUBLETREE_SONAISALI,Sonaisali,sedan,airport -> destination (arrival),return,day 10:00,child seat,69,124,124,124,138.84,124,true,false,IN_BAND_DIFFERENCE,
NAT-live(c5ee3b1),DOUBLETREE_SONAISALI,Sonaisali,sedan,airport -> destination (arrival),return,night 23:00,child seat,69,147,147,147,165,147,true,false,IN_BAND_DIFFERENCE,
NAT-live(c5ee3b1),DOUBLETREE_SONAISALI,Sonaisali,minivan,airport -> destination (arrival),one-way,day 10:00,none,89,80,80,80,91.46,80,true,false,IN_BAND_DIFFERENCE,
NAT-live(c5ee3b1),DOUBLETREE_SONAISALI,Sonaisali,minivan,airport -> destination (arrival),one-way,night 23:00,none,89,99,99,99,109.75,99,true,false,IN_BAND_DIFFERENCE,
NAT-live(c5ee3b1),DOUBLETREE_SONAISALI,Sonaisali,minivan,airport -> destination (arrival),one-way,day 10:00,child seat,89,87,87,87,98.46,87,true,false,IN_BAND_DIFFERENCE,
NAT-live(c5ee3b1),DOUBLETREE_SONAISALI,Sonaisali,minivan,airport -> destination (arrival),one-way,night 23:00,child seat,89,106,106,106,116.75,106,true,false,IN_BAND_DIFFERENCE,
NAT-live(c5ee3b1),DOUBLETREE_SONAISALI,Sonaisali,minivan,airport -> destination (arrival),return,day 10:00,none,89,148,148,148,168.7,148,true,false,IN_BAND_DIFFERENCE,
NAT-live(c5ee3b1),DOUBLETREE_SONAISALI,Sonaisali,minivan,airport -> destination (arrival),return,night 23:00,none,89,180,180,180,202.24,180,true,false,IN_BAND_DIFFERENCE,
NAT-live(c5ee3b1),DOUBLETREE_SONAISALI,Sonaisali,minivan,airport -> destination (arrival),return,day 10:00,child seat,89,156,156,156,175.7,156,true,false,IN_BAND_DIFFERENCE,
NAT-live(c5ee3b1),DOUBLETREE_SONAISALI,Sonaisali,minivan,airport -> destination (arrival),return,night 23:00,child seat,89,187,187,187,210.24,187,true,false,IN_BAND_DIFFERENCE,
NAT-live(c5ee3b1),DOUBLETREE_SONAISALI,Sonaisali,minibus,airport -> destination (arrival),one-way,day 10:00,none,119,107,107,107,118.46,107,true,false,IN_BAND_DIFFERENCE,
NAT-live(c5ee3b1),DOUBLETREE_SONAISALI,Sonaisali,minibus,airport -> destination (arrival),one-way,night 23:00,none,119,130,130,130,141.75,130,true,false,IN_BAND_DIFFERENCE,
NAT-live(c5ee3b1),DOUBLETREE_SONAISALI,Sonaisali,minibus,airport -> destination (arrival),one-way,day 10:00,child seat,119,114,114,114,125.46,114,true,false,IN_BAND_DIFFERENCE,
NAT-live(c5ee3b1),DOUBLETREE_SONAISALI,Sonaisali,minibus,airport -> destination (arrival),one-way,night 23:00,child seat,119,138,138,138,148.75,138,true,false,IN_BAND_DIFFERENCE,
NAT-live(c5ee3b1),DOUBLETREE_SONAISALI,Sonaisali,minibus,airport -> destination (arrival),return,day 10:00,none,119,202,202,202,219.2,202,true,false,IN_BAND_DIFFERENCE,
NAT-live(c5ee3b1),DOUBLETREE_SONAISALI,Sonaisali,minibus,airport -> destination (arrival),return,night 23:00,none,119,238,238,238,262.84,238,true,false,IN_BAND_DIFFERENCE,
NAT-live(c5ee3b1),DOUBLETREE_SONAISALI,Sonaisali,minibus,airport -> destination (arrival),return,day 10:00,child seat,119,210,210,210,226.2,210,true,false,IN_BAND_DIFFERENCE,
NAT-live(c5ee3b1),DOUBLETREE_SONAISALI,Sonaisali,minibus,airport -> destination (arrival),return,night 23:00,child seat,119,246,246,246,269.84,246,true,false,IN_BAND_DIFFERENCE,
NAT-live(c5ee3b1),FIRST_LANDING,Vuda Point,sedan,airport -> destination (arrival),one-way,day 10:00,none,79,71,71,71,67.5,71,true,false,IN_BAND_DIFFERENCE,
NAT-live(c5ee3b1),FIRST_LANDING,Vuda Point,sedan,airport -> destination (arrival),one-way,night 23:00,none,79,85,85,85,80.4,85,true,false,IN_BAND_DIFFERENCE,
NAT-live(c5ee3b1),FIRST_LANDING,Vuda Point,sedan,airport -> destination (arrival),one-way,day 10:00,child seat,79,78,78,78,74.5,78,true,false,IN_BAND_DIFFERENCE,
NAT-live(c5ee3b1),FIRST_LANDING,Vuda Point,sedan,airport -> destination (arrival),one-way,night 23:00,child seat,79,93,93,93,87.4,93,true,false,IN_BAND_DIFFERENCE,
NAT-live(c5ee3b1),FIRST_LANDING,Vuda Point,sedan,airport -> destination (arrival),return,day 10:00,none,79,135,135,135,123.83,135,true,false,IN_BAND_DIFFERENCE,
NAT-live(c5ee3b1),FIRST_LANDING,Vuda Point,sedan,airport -> destination (arrival),return,night 23:00,none,79,162,162,162,148.39,162,true,false,IN_BAND_DIFFERENCE,
NAT-live(c5ee3b1),FIRST_LANDING,Vuda Point,sedan,airport -> destination (arrival),return,day 10:00,child seat,79,142,142,142,130.83,142,true,false,IN_BAND_DIFFERENCE,
NAT-live(c5ee3b1),FIRST_LANDING,Vuda Point,sedan,airport -> destination (arrival),return,night 23:00,child seat,79,169,169,169,156.39,169,true,false,IN_BAND_DIFFERENCE,
NAT-live(c5ee3b1),FIRST_LANDING,Vuda Point,minivan,airport -> destination (arrival),one-way,day 10:00,none,99,89,89,89,85.23,89,true,false,IN_BAND_DIFFERENCE,
NAT-live(c5ee3b1),FIRST_LANDING,Vuda Point,minivan,airport -> destination (arrival),one-way,night 23:00,none,99,108,108,108,102.08,108,true,false,IN_BAND_DIFFERENCE,
NAT-live(c5ee3b1),FIRST_LANDING,Vuda Point,minivan,airport -> destination (arrival),one-way,day 10:00,child seat,99,96,96,96,92.23,96,true,false,IN_BAND_DIFFERENCE,
NAT-live(c5ee3b1),FIRST_LANDING,Vuda Point,minivan,airport -> destination (arrival),one-way,night 23:00,child seat,99,115,115,115,109.08,115,true,false,IN_BAND_DIFFERENCE,
NAT-live(c5ee3b1),FIRST_LANDING,Vuda Point,minivan,airport -> destination (arrival),return,day 10:00,none,99,166,166,166,157.33,166,true,false,IN_BAND_DIFFERENCE,
NAT-live(c5ee3b1),FIRST_LANDING,Vuda Point,minivan,airport -> destination (arrival),return,night 23:00,none,99,198,198,198,188.19,198,true,false,IN_BAND_DIFFERENCE,
NAT-live(c5ee3b1),FIRST_LANDING,Vuda Point,minivan,airport -> destination (arrival),return,day 10:00,child seat,99,174,174,174,164.33,174,true,false,IN_BAND_DIFFERENCE,
NAT-live(c5ee3b1),FIRST_LANDING,Vuda Point,minivan,airport -> destination (arrival),return,night 23:00,child seat,99,205,205,205,195.19,205,true,false,IN_BAND_DIFFERENCE,
NAT-live(c5ee3b1),FIRST_LANDING,Vuda Point,minibus,airport -> destination (arrival),one-way,day 10:00,none,129,116,116,116,112.23,116,true,false,IN_BAND_DIFFERENCE,
NAT-live(c5ee3b1),FIRST_LANDING,Vuda Point,minibus,airport -> destination (arrival),one-way,night 23:00,none,129,139,139,139,134.08,139,true,false,IN_BAND_DIFFERENCE,
NAT-live(c5ee3b1),FIRST_LANDING,Vuda Point,minibus,airport -> destination (arrival),one-way,day 10:00,child seat,129,123,123,123,119.23,123,true,false,IN_BAND_DIFFERENCE,
NAT-live(c5ee3b1),FIRST_LANDING,Vuda Point,minibus,airport -> destination (arrival),one-way,night 23:00,child seat,129,147,147,147,141.08,147,true,false,IN_BAND_DIFFERENCE,
NAT-live(c5ee3b1),FIRST_LANDING,Vuda Point,minibus,airport -> destination (arrival),return,day 10:00,none,129,216,216,216,206.83,216,true,false,IN_BAND_DIFFERENCE,
NAT-live(c5ee3b1),FIRST_LANDING,Vuda Point,minibus,airport -> destination (arrival),return,night 23:00,none,129,261,261,261,247.79,261,true,false,IN_BAND_DIFFERENCE,
NAT-live(c5ee3b1),FIRST_LANDING,Vuda Point,minibus,airport -> destination (arrival),return,day 10:00,child seat,129,223,223,223,213.83,223,true,false,IN_BAND_DIFFERENCE,
NAT-live(c5ee3b1),FIRST_LANDING,Vuda Point,minibus,airport -> destination (arrival),return,night 23:00,child seat,129,268,268,268,255.79,268,true,false,IN_BAND_DIFFERENCE,
NAT-live(c5ee3b1),VUDA_MARINA,Vuda Point,sedan,airport -> destination (arrival),one-way,day 10:00,none,79,71,71,71,67.5,71,true,false,IN_BAND_DIFFERENCE,
NAT-live(c5ee3b1),VUDA_MARINA,Vuda Point,sedan,airport -> destination (arrival),one-way,night 23:00,none,79,85,85,85,80.4,85,true,false,IN_BAND_DIFFERENCE,
NAT-live(c5ee3b1),VUDA_MARINA,Vuda Point,sedan,airport -> destination (arrival),one-way,day 10:00,child seat,79,78,78,78,74.5,78,true,false,IN_BAND_DIFFERENCE,
NAT-live(c5ee3b1),VUDA_MARINA,Vuda Point,sedan,airport -> destination (arrival),one-way,night 23:00,child seat,79,93,93,93,87.4,93,true,false,IN_BAND_DIFFERENCE,
NAT-live(c5ee3b1),VUDA_MARINA,Vuda Point,sedan,airport -> destination (arrival),return,day 10:00,none,79,135,135,135,123.83,135,true,false,IN_BAND_DIFFERENCE,
NAT-live(c5ee3b1),VUDA_MARINA,Vuda Point,sedan,airport -> destination (arrival),return,night 23:00,none,79,162,162,162,148.39,162,true,false,IN_BAND_DIFFERENCE,
NAT-live(c5ee3b1),VUDA_MARINA,Vuda Point,sedan,airport -> destination (arrival),return,day 10:00,child seat,79,142,142,142,130.83,142,true,false,IN_BAND_DIFFERENCE,
NAT-live(c5ee3b1),VUDA_MARINA,Vuda Point,sedan,airport -> destination (arrival),return,night 23:00,child seat,79,169,169,169,156.39,169,true,false,IN_BAND_DIFFERENCE,
NAT-live(c5ee3b1),VUDA_MARINA,Vuda Point,minivan,airport -> destination (arrival),one-way,day 10:00,none,99,89,89,89,85.23,89,true,false,IN_BAND_DIFFERENCE,
NAT-live(c5ee3b1),VUDA_MARINA,Vuda Point,minivan,airport -> destination (arrival),one-way,night 23:00,none,99,108,108,108,102.08,108,true,false,IN_BAND_DIFFERENCE,
NAT-live(c5ee3b1),VUDA_MARINA,Vuda Point,minivan,airport -> destination (arrival),one-way,day 10:00,child seat,99,96,96,96,92.23,96,true,false,IN_BAND_DIFFERENCE,
NAT-live(c5ee3b1),VUDA_MARINA,Vuda Point,minivan,airport -> destination (arrival),one-way,night 23:00,child seat,99,115,115,115,109.08,115,true,false,IN_BAND_DIFFERENCE,
NAT-live(c5ee3b1),VUDA_MARINA,Vuda Point,minivan,airport -> destination (arrival),return,day 10:00,none,99,166,166,166,157.33,166,true,false,IN_BAND_DIFFERENCE,
NAT-live(c5ee3b1),VUDA_MARINA,Vuda Point,minivan,airport -> destination (arrival),return,night 23:00,none,99,198,198,198,188.19,198,true,false,IN_BAND_DIFFERENCE,
NAT-live(c5ee3b1),VUDA_MARINA,Vuda Point,minivan,airport -> destination (arrival),return,day 10:00,child seat,99,174,174,174,164.33,174,true,false,IN_BAND_DIFFERENCE,
NAT-live(c5ee3b1),VUDA_MARINA,Vuda Point,minivan,airport -> destination (arrival),return,night 23:00,child seat,99,205,205,205,195.19,205,true,false,IN_BAND_DIFFERENCE,
NAT-live(c5ee3b1),VUDA_MARINA,Vuda Point,minibus,airport -> destination (arrival),one-way,day 10:00,none,129,116,116,116,112.23,116,true,false,IN_BAND_DIFFERENCE,
NAT-live(c5ee3b1),VUDA_MARINA,Vuda Point,minibus,airport -> destination (arrival),one-way,night 23:00,none,129,139,139,139,134.08,139,true,false,IN_BAND_DIFFERENCE,
NAT-live(c5ee3b1),VUDA_MARINA,Vuda Point,minibus,airport -> destination (arrival),one-way,day 10:00,child seat,129,123,123,123,119.23,123,true,false,IN_BAND_DIFFERENCE,
NAT-live(c5ee3b1),VUDA_MARINA,Vuda Point,minibus,airport -> destination (arrival),one-way,night 23:00,child seat,129,147,147,147,141.08,147,true,false,IN_BAND_DIFFERENCE,
NAT-live(c5ee3b1),VUDA_MARINA,Vuda Point,minibus,airport -> destination (arrival),return,day 10:00,none,129,216,216,216,206.83,216,true,false,IN_BAND_DIFFERENCE,
NAT-live(c5ee3b1),VUDA_MARINA,Vuda Point,minibus,airport -> destination (arrival),return,night 23:00,none,129,261,261,261,247.79,261,true,false,IN_BAND_DIFFERENCE,
NAT-live(c5ee3b1),VUDA_MARINA,Vuda Point,minibus,airport -> destination (arrival),return,day 10:00,child seat,129,223,223,223,213.83,223,true,false,IN_BAND_DIFFERENCE,
NAT-live(c5ee3b1),VUDA_MARINA,Vuda Point,minibus,airport -> destination (arrival),return,night 23:00,child seat,129,268,268,268,255.79,268,true,false,IN_BAND_DIFFERENCE,
NAT-live(c5ee3b1),LAUTOKA_HOTEL,Lautoka,sedan,airport -> destination (arrival),one-way,day 10:00,none,89,80,80,80,76.07,80,true,false,IN_BAND_DIFFERENCE,
NAT-live(c5ee3b1),LAUTOKA_HOTEL,Lautoka,sedan,airport -> destination (arrival),one-way,night 23:00,none,89,99,99,99,90.88,99,true,false,IN_BAND_DIFFERENCE,
NAT-live(c5ee3b1),LAUTOKA_HOTEL,Lautoka,sedan,airport -> destination (arrival),one-way,day 10:00,child seat,89,87,87,87,83.07,87,true,false,IN_BAND_DIFFERENCE,
NAT-live(c5ee3b1),LAUTOKA_HOTEL,Lautoka,sedan,airport -> destination (arrival),one-way,night 23:00,child seat,89,106,106,106,97.88,106,true,false,IN_BAND_DIFFERENCE,
NAT-live(c5ee3b1),LAUTOKA_HOTEL,Lautoka,sedan,airport -> destination (arrival),return,day 10:00,none,89,148,148,148,139.53,148,true,false,IN_BAND_DIFFERENCE,
NAT-live(c5ee3b1),LAUTOKA_HOTEL,Lautoka,sedan,airport -> destination (arrival),return,night 23:00,none,89,180,180,180,167.64,180,true,false,IN_BAND_DIFFERENCE,
NAT-live(c5ee3b1),LAUTOKA_HOTEL,Lautoka,sedan,airport -> destination (arrival),return,day 10:00,child seat,89,156,156,156,147.53,156,true,false,IN_BAND_DIFFERENCE,
NAT-live(c5ee3b1),LAUTOKA_HOTEL,Lautoka,sedan,airport -> destination (arrival),return,night 23:00,child seat,89,187,187,187,175.64,187,true,false,IN_BAND_DIFFERENCE,
NAT-live(c5ee3b1),LAUTOKA_HOTEL,Lautoka,minivan,airport -> destination (arrival),one-way,day 10:00,none,119,107,107,107,99.22,107,true,false,IN_BAND_DIFFERENCE,
NAT-live(c5ee3b1),LAUTOKA_HOTEL,Lautoka,minivan,airport -> destination (arrival),one-way,night 23:00,none,119,130,130,130,119.26,130,true,false,IN_BAND_DIFFERENCE,
NAT-live(c5ee3b1),LAUTOKA_HOTEL,Lautoka,minivan,airport -> destination (arrival),one-way,day 10:00,child seat,119,114,114,114,106.22,114,true,false,IN_BAND_DIFFERENCE,
NAT-live(c5ee3b1),LAUTOKA_HOTEL,Lautoka,minivan,airport -> destination (arrival),one-way,night 23:00,child seat,119,138,138,138,126.26,138,true,false,IN_BAND_DIFFERENCE,
NAT-live(c5ee3b1),LAUTOKA_HOTEL,Lautoka,minivan,airport -> destination (arrival),return,day 10:00,none,119,202,202,202,183.91,202,true,false,IN_BAND_DIFFERENCE,
NAT-live(c5ee3b1),LAUTOKA_HOTEL,Lautoka,minivan,airport -> destination (arrival),return,night 23:00,none,119,238,238,238,220.69,238,true,false,IN_BAND_DIFFERENCE,
NAT-live(c5ee3b1),LAUTOKA_HOTEL,Lautoka,minivan,airport -> destination (arrival),return,day 10:00,child seat,119,210,210,210,190.91,210,true,false,IN_BAND_DIFFERENCE,
NAT-live(c5ee3b1),LAUTOKA_HOTEL,Lautoka,minivan,airport -> destination (arrival),return,night 23:00,child seat,119,246,246,246,227.69,246,true,false,IN_BAND_DIFFERENCE,
NAT-live(c5ee3b1),LAUTOKA_HOTEL,Lautoka,minibus,airport -> destination (arrival),one-way,day 10:00,none,149,134,134,134,126.22,134,true,false,IN_BAND_DIFFERENCE,
NAT-live(c5ee3b1),LAUTOKA_HOTEL,Lautoka,minibus,airport -> destination (arrival),one-way,night 23:00,none,149,162,162,162,151.26,162,true,false,IN_BAND_DIFFERENCE,
NAT-live(c5ee3b1),LAUTOKA_HOTEL,Lautoka,minibus,airport -> destination (arrival),one-way,day 10:00,child seat,149,141,141,141,133.22,141,true,false,IN_BAND_DIFFERENCE,
NAT-live(c5ee3b1),LAUTOKA_HOTEL,Lautoka,minibus,airport -> destination (arrival),one-way,night 23:00,child seat,149,169,169,169,158.26,169,true,false,IN_BAND_DIFFERENCE,
NAT-live(c5ee3b1),LAUTOKA_HOTEL,Lautoka,minibus,airport -> destination (arrival),return,day 10:00,none,149,252,252,252,233.41,252,true,false,IN_BAND_DIFFERENCE,
NAT-live(c5ee3b1),LAUTOKA_HOTEL,Lautoka,minibus,airport -> destination (arrival),return,night 23:00,none,149,301,301,301,280.29,301,true,false,IN_BAND_DIFFERENCE,
NAT-live(c5ee3b1),LAUTOKA_HOTEL,Lautoka,minibus,airport -> destination (arrival),return,day 10:00,child seat,149,259,259,259,240.41,259,true,false,IN_BAND_DIFFERENCE,
NAT-live(c5ee3b1),LAUTOKA_HOTEL,Lautoka,minibus,airport -> destination (arrival),return,night 23:00,child seat,149,309,309,309,287.29,309,true,false,IN_BAND_DIFFERENCE,
NAT-live(c5ee3b1),TANOA_LAUTOKA,Lautoka,sedan,airport -> destination (arrival),one-way,day 10:00,none,89,80,80,80,76.07,80,true,false,IN_BAND_DIFFERENCE,
NAT-live(c5ee3b1),TANOA_LAUTOKA,Lautoka,sedan,airport -> destination (arrival),one-way,night 23:00,none,89,99,99,99,90.88,99,true,false,IN_BAND_DIFFERENCE,
NAT-live(c5ee3b1),TANOA_LAUTOKA,Lautoka,sedan,airport -> destination (arrival),one-way,day 10:00,child seat,89,87,87,87,83.07,87,true,false,IN_BAND_DIFFERENCE,
NAT-live(c5ee3b1),TANOA_LAUTOKA,Lautoka,sedan,airport -> destination (arrival),one-way,night 23:00,child seat,89,106,106,106,97.88,106,true,false,IN_BAND_DIFFERENCE,
NAT-live(c5ee3b1),TANOA_LAUTOKA,Lautoka,sedan,airport -> destination (arrival),return,day 10:00,none,89,148,148,148,139.53,148,true,false,IN_BAND_DIFFERENCE,
NAT-live(c5ee3b1),TANOA_LAUTOKA,Lautoka,sedan,airport -> destination (arrival),return,night 23:00,none,89,180,180,180,167.64,180,true,false,IN_BAND_DIFFERENCE,
NAT-live(c5ee3b1),TANOA_LAUTOKA,Lautoka,sedan,airport -> destination (arrival),return,day 10:00,child seat,89,156,156,156,147.53,156,true,false,IN_BAND_DIFFERENCE,
NAT-live(c5ee3b1),TANOA_LAUTOKA,Lautoka,sedan,airport -> destination (arrival),return,night 23:00,child seat,89,187,187,187,175.64,187,true,false,IN_BAND_DIFFERENCE,
NAT-live(c5ee3b1),TANOA_LAUTOKA,Lautoka,minivan,airport -> destination (arrival),one-way,day 10:00,none,119,107,107,107,99.22,107,true,false,IN_BAND_DIFFERENCE,
NAT-live(c5ee3b1),TANOA_LAUTOKA,Lautoka,minivan,airport -> destination (arrival),one-way,night 23:00,none,119,130,130,130,119.26,130,true,false,IN_BAND_DIFFERENCE,
NAT-live(c5ee3b1),TANOA_LAUTOKA,Lautoka,minivan,airport -> destination (arrival),one-way,day 10:00,child seat,119,114,114,114,106.22,114,true,false,IN_BAND_DIFFERENCE,
NAT-live(c5ee3b1),TANOA_LAUTOKA,Lautoka,minivan,airport -> destination (arrival),one-way,night 23:00,child seat,119,138,138,138,126.26,138,true,false,IN_BAND_DIFFERENCE,
NAT-live(c5ee3b1),TANOA_LAUTOKA,Lautoka,minivan,airport -> destination (arrival),return,day 10:00,none,119,202,202,202,183.91,202,true,false,IN_BAND_DIFFERENCE,
NAT-live(c5ee3b1),TANOA_LAUTOKA,Lautoka,minivan,airport -> destination (arrival),return,night 23:00,none,119,238,238,238,220.69,238,true,false,IN_BAND_DIFFERENCE,
NAT-live(c5ee3b1),TANOA_LAUTOKA,Lautoka,minivan,airport -> destination (arrival),return,day 10:00,child seat,119,210,210,210,190.91,210,true,false,IN_BAND_DIFFERENCE,
NAT-live(c5ee3b1),TANOA_LAUTOKA,Lautoka,minivan,airport -> destination (arrival),return,night 23:00,child seat,119,246,246,246,227.69,246,true,false,IN_BAND_DIFFERENCE,
NAT-live(c5ee3b1),TANOA_LAUTOKA,Lautoka,minibus,airport -> destination (arrival),one-way,day 10:00,none,149,134,134,134,126.22,134,true,false,IN_BAND_DIFFERENCE,
NAT-live(c5ee3b1),TANOA_LAUTOKA,Lautoka,minibus,airport -> destination (arrival),one-way,night 23:00,none,149,162,162,162,151.26,162,true,false,IN_BAND_DIFFERENCE,
NAT-live(c5ee3b1),TANOA_LAUTOKA,Lautoka,minibus,airport -> destination (arrival),one-way,day 10:00,child seat,149,141,141,141,133.22,141,true,false,IN_BAND_DIFFERENCE,
NAT-live(c5ee3b1),TANOA_LAUTOKA,Lautoka,minibus,airport -> destination (arrival),one-way,night 23:00,child seat,149,169,169,169,158.26,169,true,false,IN_BAND_DIFFERENCE,
NAT-live(c5ee3b1),TANOA_LAUTOKA,Lautoka,minibus,airport -> destination (arrival),return,day 10:00,none,149,252,252,252,233.41,252,true,false,IN_BAND_DIFFERENCE,
NAT-live(c5ee3b1),TANOA_LAUTOKA,Lautoka,minibus,airport -> destination (arrival),return,night 23:00,none,149,301,301,301,280.29,301,true,false,IN_BAND_DIFFERENCE,
NAT-live(c5ee3b1),TANOA_LAUTOKA,Lautoka,minibus,airport -> destination (arrival),return,day 10:00,child seat,149,259,259,259,240.41,259,true,false,IN_BAND_DIFFERENCE,
NAT-live(c5ee3b1),TANOA_LAUTOKA,Lautoka,minibus,airport -> destination (arrival),return,night 23:00,child seat,149,309,309,309,287.29,309,true,false,IN_BAND_DIFFERENCE,
NAT-live(c5ee3b1),LAUTOKA_CRUISE,Lautoka,sedan,airport -> destination (arrival),one-way,day 10:00,none,89,80,80,80,76.07,80,true,false,IN_BAND_DIFFERENCE,
NAT-live(c5ee3b1),LAUTOKA_CRUISE,Lautoka,sedan,airport -> destination (arrival),one-way,night 23:00,none,89,99,99,99,90.88,99,true,false,IN_BAND_DIFFERENCE,
NAT-live(c5ee3b1),LAUTOKA_CRUISE,Lautoka,sedan,airport -> destination (arrival),one-way,day 10:00,child seat,89,87,87,87,83.07,87,true,false,IN_BAND_DIFFERENCE,
NAT-live(c5ee3b1),LAUTOKA_CRUISE,Lautoka,sedan,airport -> destination (arrival),one-way,night 23:00,child seat,89,106,106,106,97.88,106,true,false,IN_BAND_DIFFERENCE,
NAT-live(c5ee3b1),LAUTOKA_CRUISE,Lautoka,sedan,airport -> destination (arrival),return,day 10:00,none,89,148,148,148,139.53,148,true,false,IN_BAND_DIFFERENCE,
NAT-live(c5ee3b1),LAUTOKA_CRUISE,Lautoka,sedan,airport -> destination (arrival),return,night 23:00,none,89,180,180,180,167.64,180,true,false,IN_BAND_DIFFERENCE,
NAT-live(c5ee3b1),LAUTOKA_CRUISE,Lautoka,sedan,airport -> destination (arrival),return,day 10:00,child seat,89,156,156,156,147.53,156,true,false,IN_BAND_DIFFERENCE,
NAT-live(c5ee3b1),LAUTOKA_CRUISE,Lautoka,sedan,airport -> destination (arrival),return,night 23:00,child seat,89,187,187,187,175.64,187,true,false,IN_BAND_DIFFERENCE,
NAT-live(c5ee3b1),LAUTOKA_CRUISE,Lautoka,minivan,airport -> destination (arrival),one-way,day 10:00,none,119,107,107,107,99.22,107,true,false,IN_BAND_DIFFERENCE,
NAT-live(c5ee3b1),LAUTOKA_CRUISE,Lautoka,minivan,airport -> destination (arrival),one-way,night 23:00,none,119,130,130,130,119.26,130,true,false,IN_BAND_DIFFERENCE,
NAT-live(c5ee3b1),LAUTOKA_CRUISE,Lautoka,minivan,airport -> destination (arrival),one-way,day 10:00,child seat,119,114,114,114,106.22,114,true,false,IN_BAND_DIFFERENCE,
NAT-live(c5ee3b1),LAUTOKA_CRUISE,Lautoka,minivan,airport -> destination (arrival),one-way,night 23:00,child seat,119,138,138,138,126.26,138,true,false,IN_BAND_DIFFERENCE,
NAT-live(c5ee3b1),LAUTOKA_CRUISE,Lautoka,minivan,airport -> destination (arrival),return,day 10:00,none,119,202,202,202,183.91,202,true,false,IN_BAND_DIFFERENCE,
NAT-live(c5ee3b1),LAUTOKA_CRUISE,Lautoka,minivan,airport -> destination (arrival),return,night 23:00,none,119,238,238,238,220.69,238,true,false,IN_BAND_DIFFERENCE,
NAT-live(c5ee3b1),LAUTOKA_CRUISE,Lautoka,minivan,airport -> destination (arrival),return,day 10:00,child seat,119,210,210,210,190.91,210,true,false,IN_BAND_DIFFERENCE,
NAT-live(c5ee3b1),LAUTOKA_CRUISE,Lautoka,minivan,airport -> destination (arrival),return,night 23:00,child seat,119,246,246,246,227.69,246,true,false,IN_BAND_DIFFERENCE,
NAT-live(c5ee3b1),LAUTOKA_CRUISE,Lautoka,minibus,airport -> destination (arrival),one-way,day 10:00,none,149,134,134,134,126.22,134,true,false,IN_BAND_DIFFERENCE,
NAT-live(c5ee3b1),LAUTOKA_CRUISE,Lautoka,minibus,airport -> destination (arrival),one-way,night 23:00,none,149,162,162,162,151.26,162,true,false,IN_BAND_DIFFERENCE,
NAT-live(c5ee3b1),LAUTOKA_CRUISE,Lautoka,minibus,airport -> destination (arrival),one-way,day 10:00,child seat,149,141,141,141,133.22,141,true,false,IN_BAND_DIFFERENCE,
NAT-live(c5ee3b1),LAUTOKA_CRUISE,Lautoka,minibus,airport -> destination (arrival),one-way,night 23:00,child seat,149,169,169,169,158.26,169,true,false,IN_BAND_DIFFERENCE,
NAT-live(c5ee3b1),LAUTOKA_CRUISE,Lautoka,minibus,airport -> destination (arrival),return,day 10:00,none,149,252,252,252,233.41,252,true,false,IN_BAND_DIFFERENCE,
NAT-live(c5ee3b1),LAUTOKA_CRUISE,Lautoka,minibus,airport -> destination (arrival),return,night 23:00,none,149,301,301,301,280.29,301,true,false,IN_BAND_DIFFERENCE,
NAT-live(c5ee3b1),LAUTOKA_CRUISE,Lautoka,minibus,airport -> destination (arrival),return,day 10:00,child seat,149,259,259,259,240.41,259,true,false,IN_BAND_DIFFERENCE,
NAT-live(c5ee3b1),LAUTOKA_CRUISE,Lautoka,minibus,airport -> destination (arrival),return,night 23:00,child seat,149,309,309,309,287.29,309,true,false,IN_BAND_DIFFERENCE,
NAT-live(c5ee3b1),MARRIOTT_MOMI,Momi Bay,sedan,airport -> destination (arrival),one-way,day 10:00,none,99,89,89,89,85.29,89,true,false,IN_BAND_DIFFERENCE,
NAT-live(c5ee3b1),MARRIOTT_MOMI,Momi Bay,sedan,airport -> destination (arrival),one-way,night 23:00,none,99,108,108,108,102.15,108,true,false,IN_BAND_DIFFERENCE,
NAT-live(c5ee3b1),MARRIOTT_MOMI,Momi Bay,sedan,airport -> destination (arrival),one-way,day 10:00,child seat,99,96,96,96,92.29,96,true,false,IN_BAND_DIFFERENCE,
NAT-live(c5ee3b1),MARRIOTT_MOMI,Momi Bay,sedan,airport -> destination (arrival),one-way,night 23:00,child seat,99,115,115,115,109.15,115,true,false,IN_BAND_DIFFERENCE,
NAT-live(c5ee3b1),MARRIOTT_MOMI,Momi Bay,sedan,airport -> destination (arrival),return,day 10:00,none,99,166,166,166,157.44,166,true,false,IN_BAND_DIFFERENCE,
NAT-live(c5ee3b1),MARRIOTT_MOMI,Momi Bay,sedan,airport -> destination (arrival),return,night 23:00,none,99,198,198,198,188.32,198,true,false,IN_BAND_DIFFERENCE,
NAT-live(c5ee3b1),MARRIOTT_MOMI,Momi Bay,sedan,airport -> destination (arrival),return,day 10:00,child seat,99,174,174,174,164.44,174,true,false,IN_BAND_DIFFERENCE,
NAT-live(c5ee3b1),MARRIOTT_MOMI,Momi Bay,sedan,airport -> destination (arrival),return,night 23:00,child seat,99,205,205,205,195.32,205,true,false,IN_BAND_DIFFERENCE,
NAT-live(c5ee3b1),MARRIOTT_MOMI,Momi Bay,minivan,airport -> destination (arrival),one-way,day 10:00,none,149,134,134,134,132.42,134,true,false,IN_BAND_DIFFERENCE,
NAT-live(c5ee3b1),MARRIOTT_MOMI,Momi Bay,minivan,airport -> destination (arrival),one-way,night 23:00,none,149,162,162,162,158.9,162,true,false,IN_BAND_DIFFERENCE,
NAT-live(c5ee3b1),MARRIOTT_MOMI,Momi Bay,minivan,airport -> destination (arrival),one-way,day 10:00,child seat,149,141,141,141,139.42,141,true,false,IN_BAND_DIFFERENCE,
NAT-live(c5ee3b1),MARRIOTT_MOMI,Momi Bay,minivan,airport -> destination (arrival),one-way,night 23:00,child seat,149,169,169,169,166.9,169,true,false,IN_BAND_DIFFERENCE,
NAT-live(c5ee3b1),MARRIOTT_MOMI,Momi Bay,minivan,airport -> destination (arrival),return,day 10:00,none,149,252,252,252,245.73,252,true,false,IN_BAND_DIFFERENCE,
NAT-live(c5ee3b1),MARRIOTT_MOMI,Momi Bay,minivan,airport -> destination (arrival),return,night 23:00,none,149,301,301,301,294.27,301,true,false,IN_BAND_DIFFERENCE,
NAT-live(c5ee3b1),MARRIOTT_MOMI,Momi Bay,minivan,airport -> destination (arrival),return,day 10:00,child seat,149,259,259,259,252.73,259,true,false,IN_BAND_DIFFERENCE,
NAT-live(c5ee3b1),MARRIOTT_MOMI,Momi Bay,minivan,airport -> destination (arrival),return,night 23:00,child seat,149,309,309,309,301.27,309,true,false,IN_BAND_DIFFERENCE,
NAT-live(c5ee3b1),MARRIOTT_MOMI,Momi Bay,minibus,airport -> destination (arrival),one-way,day 10:00,none,175.92,157.92,157.92,157.92,157.92,157.92,true,false,MATCH,
NAT-live(c5ee3b1),MARRIOTT_MOMI,Momi Bay,minibus,airport -> destination (arrival),one-way,night 23:00,none,175.92,193,193,193,190.1,193,true,false,IN_BAND_DIFFERENCE,
NAT-live(c5ee3b1),MARRIOTT_MOMI,Momi Bay,minibus,airport -> destination (arrival),one-way,day 10:00,child seat,175.92,165.92,165.92,165.92,165.92,165.92,true,false,MATCH,
NAT-live(c5ee3b1),MARRIOTT_MOMI,Momi Bay,minibus,airport -> destination (arrival),one-way,night 23:00,child seat,175.92,201,201,201,197.1,201,true,false,IN_BAND_DIFFERENCE,
NAT-live(c5ee3b1),MARRIOTT_MOMI,Momi Bay,minibus,airport -> destination (arrival),return,day 10:00,none,175.92,297,297,297,292.45,297,true,false,IN_BAND_DIFFERENCE,
NAT-live(c5ee3b1),MARRIOTT_MOMI,Momi Bay,minibus,airport -> destination (arrival),return,night 23:00,none,175.92,355,355,355,351.54,355,true,false,IN_BAND_DIFFERENCE,
NAT-live(c5ee3b1),MARRIOTT_MOMI,Momi Bay,minibus,airport -> destination (arrival),return,day 10:00,child seat,175.92,304,304,304,300.45,304,true,false,IN_BAND_DIFFERENCE,
NAT-live(c5ee3b1),MARRIOTT_MOMI,Momi Bay,minibus,airport -> destination (arrival),return,night 23:00,child seat,175.92,363,363,363,358.54,363,true,false,IN_BAND_DIFFERENCE,
NAT-live(c5ee3b1),INTERCONTINENTAL_NATADOLA,Natadola,sedan,airport -> destination (arrival),one-way,day 10:00,none,99,89,89,89,105.43,89,true,false,IN_BAND_DIFFERENCE,
NAT-live(c5ee3b1),INTERCONTINENTAL_NATADOLA,Natadola,sedan,airport -> destination (arrival),one-way,night 23:00,none,99,108,108,108,126.92,108,true,false,IN_BAND_DIFFERENCE,
NAT-live(c5ee3b1),INTERCONTINENTAL_NATADOLA,Natadola,sedan,airport -> destination (arrival),one-way,day 10:00,child seat,99,96,96,96,112.43,96,true,false,IN_BAND_DIFFERENCE,
NAT-live(c5ee3b1),INTERCONTINENTAL_NATADOLA,Natadola,sedan,airport -> destination (arrival),one-way,night 23:00,child seat,99,115,115,115,133.92,115,true,false,IN_BAND_DIFFERENCE,
NAT-live(c5ee3b1),INTERCONTINENTAL_NATADOLA,Natadola,sedan,airport -> destination (arrival),return,day 10:00,none,99,166,166,166,195.25,166,true,false,IN_BAND_DIFFERENCE,
NAT-live(c5ee3b1),INTERCONTINENTAL_NATADOLA,Natadola,sedan,airport -> destination (arrival),return,night 23:00,none,99,198,198,198,234.69,198,true,false,IN_BAND_DIFFERENCE,
NAT-live(c5ee3b1),INTERCONTINENTAL_NATADOLA,Natadola,sedan,airport -> destination (arrival),return,day 10:00,child seat,99,174,174,174,202.25,174,true,false,IN_BAND_DIFFERENCE,
NAT-live(c5ee3b1),INTERCONTINENTAL_NATADOLA,Natadola,sedan,airport -> destination (arrival),return,night 23:00,child seat,99,205,205,205,241.69,205,true,false,IN_BAND_DIFFERENCE,
NAT-live(c5ee3b1),INTERCONTINENTAL_NATADOLA,Natadola,minivan,airport -> destination (arrival),one-way,day 10:00,none,149,134,134,134,139.13,134,true,false,IN_BAND_DIFFERENCE,
NAT-live(c5ee3b1),INTERCONTINENTAL_NATADOLA,Natadola,minivan,airport -> destination (arrival),one-way,night 23:00,none,149,162,162,162,167.16,162,true,false,IN_BAND_DIFFERENCE,
NAT-live(c5ee3b1),INTERCONTINENTAL_NATADOLA,Natadola,minivan,airport -> destination (arrival),one-way,day 10:00,child seat,149,141,141,141,147.13,141,true,false,IN_BAND_DIFFERENCE,
NAT-live(c5ee3b1),INTERCONTINENTAL_NATADOLA,Natadola,minivan,airport -> destination (arrival),one-way,night 23:00,child seat,149,169,169,169,175.16,169,true,false,IN_BAND_DIFFERENCE,
NAT-live(c5ee3b1),INTERCONTINENTAL_NATADOLA,Natadola,minivan,airport -> destination (arrival),return,day 10:00,none,149,252,252,252,257.99,252,true,false,IN_BAND_DIFFERENCE,
NAT-live(c5ee3b1),INTERCONTINENTAL_NATADOLA,Natadola,minivan,airport -> destination (arrival),return,night 23:00,none,149,301,301,301,310.39,301,true,false,IN_BAND_DIFFERENCE,
NAT-live(c5ee3b1),INTERCONTINENTAL_NATADOLA,Natadola,minivan,airport -> destination (arrival),return,day 10:00,child seat,149,259,259,259,265.99,259,true,false,IN_BAND_DIFFERENCE,
NAT-live(c5ee3b1),INTERCONTINENTAL_NATADOLA,Natadola,minivan,airport -> destination (arrival),return,night 23:00,child seat,149,309,309,309,317.39,309,true,false,IN_BAND_DIFFERENCE,
NAT-live(c5ee3b1),INTERCONTINENTAL_NATADOLA,Natadola,minibus,airport -> destination (arrival),one-way,day 10:00,none,179,161,161,161,172.31,161,true,false,IN_BAND_DIFFERENCE,
NAT-live(c5ee3b1),INTERCONTINENTAL_NATADOLA,Natadola,minibus,airport -> destination (arrival),one-way,night 23:00,none,179,193,193,193,206.57,193,true,false,IN_BAND_DIFFERENCE,
NAT-live(c5ee3b1),INTERCONTINENTAL_NATADOLA,Natadola,minibus,airport -> destination (arrival),one-way,day 10:00,child seat,179,168,168,168,179.31,168,true,false,IN_BAND_DIFFERENCE,
NAT-live(c5ee3b1),INTERCONTINENTAL_NATADOLA,Natadola,minibus,airport -> destination (arrival),one-way,night 23:00,child seat,179,201,201,201,213.57,201,true,false,IN_BAND_DIFFERENCE,
NAT-live(c5ee3b1),INTERCONTINENTAL_NATADOLA,Natadola,minibus,airport -> destination (arrival),return,day 10:00,none,179,301,301,301,318.92,301,true,false,IN_BAND_DIFFERENCE,
NAT-live(c5ee3b1),INTERCONTINENTAL_NATADOLA,Natadola,minibus,airport -> destination (arrival),return,night 23:00,none,179,360,360,360,382.71,360,true,false,IN_BAND_DIFFERENCE,
NAT-live(c5ee3b1),INTERCONTINENTAL_NATADOLA,Natadola,minibus,airport -> destination (arrival),return,day 10:00,child seat,179,309,309,309,325.92,309,true,false,IN_BAND_DIFFERENCE,
NAT-live(c5ee3b1),INTERCONTINENTAL_NATADOLA,Natadola,minibus,airport -> destination (arrival),return,night 23:00,child seat,179,367,367,367,389.71,367,true,false,IN_BAND_DIFFERENCE,
NAT-live(c5ee3b1),ROBINSON_CRUSOE,Natadola,sedan,airport -> destination (arrival),one-way,day 10:00,none,99,89,89,89,105.43,89,true,false,IN_BAND_DIFFERENCE,
NAT-live(c5ee3b1),ROBINSON_CRUSOE,Natadola,sedan,airport -> destination (arrival),one-way,night 23:00,none,99,108,108,108,126.92,108,true,false,IN_BAND_DIFFERENCE,
NAT-live(c5ee3b1),ROBINSON_CRUSOE,Natadola,sedan,airport -> destination (arrival),one-way,day 10:00,child seat,99,96,96,96,112.43,96,true,false,IN_BAND_DIFFERENCE,
NAT-live(c5ee3b1),ROBINSON_CRUSOE,Natadola,sedan,airport -> destination (arrival),one-way,night 23:00,child seat,99,115,115,115,133.92,115,true,false,IN_BAND_DIFFERENCE,
NAT-live(c5ee3b1),ROBINSON_CRUSOE,Natadola,sedan,airport -> destination (arrival),return,day 10:00,none,99,166,166,166,195.25,166,true,false,IN_BAND_DIFFERENCE,
NAT-live(c5ee3b1),ROBINSON_CRUSOE,Natadola,sedan,airport -> destination (arrival),return,night 23:00,none,99,198,198,198,234.69,198,true,false,IN_BAND_DIFFERENCE,
NAT-live(c5ee3b1),ROBINSON_CRUSOE,Natadola,sedan,airport -> destination (arrival),return,day 10:00,child seat,99,174,174,174,202.25,174,true,false,IN_BAND_DIFFERENCE,
NAT-live(c5ee3b1),ROBINSON_CRUSOE,Natadola,sedan,airport -> destination (arrival),return,night 23:00,child seat,99,205,205,205,241.69,205,true,false,IN_BAND_DIFFERENCE,
NAT-live(c5ee3b1),ROBINSON_CRUSOE,Natadola,minivan,airport -> destination (arrival),one-way,day 10:00,none,149,134,134,134,139.13,134,true,false,IN_BAND_DIFFERENCE,
NAT-live(c5ee3b1),ROBINSON_CRUSOE,Natadola,minivan,airport -> destination (arrival),one-way,night 23:00,none,149,162,162,162,167.16,162,true,false,IN_BAND_DIFFERENCE,
NAT-live(c5ee3b1),ROBINSON_CRUSOE,Natadola,minivan,airport -> destination (arrival),one-way,day 10:00,child seat,149,141,141,141,147.13,141,true,false,IN_BAND_DIFFERENCE,
NAT-live(c5ee3b1),ROBINSON_CRUSOE,Natadola,minivan,airport -> destination (arrival),one-way,night 23:00,child seat,149,169,169,169,175.16,169,true,false,IN_BAND_DIFFERENCE,
NAT-live(c5ee3b1),ROBINSON_CRUSOE,Natadola,minivan,airport -> destination (arrival),return,day 10:00,none,149,252,252,252,257.99,252,true,false,IN_BAND_DIFFERENCE,
NAT-live(c5ee3b1),ROBINSON_CRUSOE,Natadola,minivan,airport -> destination (arrival),return,night 23:00,none,149,301,301,301,310.39,301,true,false,IN_BAND_DIFFERENCE,
NAT-live(c5ee3b1),ROBINSON_CRUSOE,Natadola,minivan,airport -> destination (arrival),return,day 10:00,child seat,149,259,259,259,265.99,259,true,false,IN_BAND_DIFFERENCE,
NAT-live(c5ee3b1),ROBINSON_CRUSOE,Natadola,minivan,airport -> destination (arrival),return,night 23:00,child seat,149,309,309,309,317.39,309,true,false,IN_BAND_DIFFERENCE,
NAT-live(c5ee3b1),ROBINSON_CRUSOE,Natadola,minibus,airport -> destination (arrival),one-way,day 10:00,none,179,161,161,161,172.31,161,true,false,IN_BAND_DIFFERENCE,
NAT-live(c5ee3b1),ROBINSON_CRUSOE,Natadola,minibus,airport -> destination (arrival),one-way,night 23:00,none,179,193,193,193,206.57,193,true,false,IN_BAND_DIFFERENCE,
NAT-live(c5ee3b1),ROBINSON_CRUSOE,Natadola,minibus,airport -> destination (arrival),one-way,day 10:00,child seat,179,168,168,168,179.31,168,true,false,IN_BAND_DIFFERENCE,
NAT-live(c5ee3b1),ROBINSON_CRUSOE,Natadola,minibus,airport -> destination (arrival),one-way,night 23:00,child seat,179,201,201,201,213.57,201,true,false,IN_BAND_DIFFERENCE,
NAT-live(c5ee3b1),ROBINSON_CRUSOE,Natadola,minibus,airport -> destination (arrival),return,day 10:00,none,179,301,301,301,318.92,301,true,false,IN_BAND_DIFFERENCE,
NAT-live(c5ee3b1),ROBINSON_CRUSOE,Natadola,minibus,airport -> destination (arrival),return,night 23:00,none,179,360,360,360,382.71,360,true,false,IN_BAND_DIFFERENCE,
NAT-live(c5ee3b1),ROBINSON_CRUSOE,Natadola,minibus,airport -> destination (arrival),return,day 10:00,child seat,179,309,309,309,325.92,309,true,false,IN_BAND_DIFFERENCE,
NAT-live(c5ee3b1),ROBINSON_CRUSOE,Natadola,minibus,airport -> destination (arrival),return,night 23:00,child seat,179,367,367,367,389.71,367,true,false,IN_BAND_DIFFERENCE,
NAT-live(c5ee3b1),SIGATOKA_SAND_DUNES,Sigatoka,sedan,airport -> destination (arrival),one-way,day 10:00,none,129,116,116,116,124.49,116,true,false,IN_BAND_DIFFERENCE,
NAT-live(c5ee3b1),SIGATOKA_SAND_DUNES,Sigatoka,sedan,airport -> destination (arrival),one-way,night 23:00,none,129,139,139,139,149.19,139,true,false,IN_BAND_DIFFERENCE,
NAT-live(c5ee3b1),SIGATOKA_SAND_DUNES,Sigatoka,sedan,airport -> destination (arrival),one-way,day 10:00,child seat,129,123,123,123,131.49,123,true,false,IN_BAND_DIFFERENCE,
NAT-live(c5ee3b1),SIGATOKA_SAND_DUNES,Sigatoka,sedan,airport -> destination (arrival),one-way,night 23:00,child seat,129,147,147,147,157.19,147,true,false,IN_BAND_DIFFERENCE,
NAT-live(c5ee3b1),SIGATOKA_SAND_DUNES,Sigatoka,sedan,airport -> destination (arrival),return,day 10:00,none,129,216,216,216,230.21,216,true,false,IN_BAND_DIFFERENCE,
NAT-live(c5ee3b1),SIGATOKA_SAND_DUNES,Sigatoka,sedan,airport -> destination (arrival),return,night 23:00,none,129,261,261,261,276.45,261,true,false,IN_BAND_DIFFERENCE,
NAT-live(c5ee3b1),SIGATOKA_SAND_DUNES,Sigatoka,sedan,airport -> destination (arrival),return,day 10:00,child seat,129,223,223,223,238.21,223,true,false,IN_BAND_DIFFERENCE,
NAT-live(c5ee3b1),SIGATOKA_SAND_DUNES,Sigatoka,sedan,airport -> destination (arrival),return,night 23:00,child seat,129,268,268,268,283.45,268,true,false,IN_BAND_DIFFERENCE,
NAT-live(c5ee3b1),SIGATOKA_SAND_DUNES,Sigatoka,minivan,airport -> destination (arrival),one-way,day 10:00,none,159,143,143,143,146.14,143,true,false,IN_BAND_DIFFERENCE,
NAT-live(c5ee3b1),SIGATOKA_SAND_DUNES,Sigatoka,minivan,airport -> destination (arrival),one-way,night 23:00,none,159,175,175,175,175.57,175,true,false,IN_BAND_DIFFERENCE,
NAT-live(c5ee3b1),SIGATOKA_SAND_DUNES,Sigatoka,minivan,airport -> destination (arrival),one-way,day 10:00,child seat,159,150,150,150,153.14,150,true,false,IN_BAND_DIFFERENCE,
NAT-live(c5ee3b1),SIGATOKA_SAND_DUNES,Sigatoka,minivan,airport -> destination (arrival),one-way,night 23:00,child seat,159,183,183,183,182.57,183,true,false,IN_BAND_DIFFERENCE,
NAT-live(c5ee3b1),SIGATOKA_SAND_DUNES,Sigatoka,minivan,airport -> destination (arrival),return,day 10:00,none,159,265,265,265,269.96,265,true,false,IN_BAND_DIFFERENCE,
NAT-live(c5ee3b1),SIGATOKA_SAND_DUNES,Sigatoka,minivan,airport -> destination (arrival),return,night 23:00,none,159,319,319,319,323.95,319,true,false,IN_BAND_DIFFERENCE,
NAT-live(c5ee3b1),SIGATOKA_SAND_DUNES,Sigatoka,minivan,airport -> destination (arrival),return,day 10:00,child seat,159,273,273,273,276.96,273,true,false,IN_BAND_DIFFERENCE,
NAT-live(c5ee3b1),SIGATOKA_SAND_DUNES,Sigatoka,minivan,airport -> destination (arrival),return,night 23:00,child seat,159,327,327,327,330.95,327,true,false,IN_BAND_DIFFERENCE,
NAT-live(c5ee3b1),SIGATOKA_SAND_DUNES,Sigatoka,minibus,airport -> destination (arrival),one-way,day 10:00,none,199,179,179,179,184.31,179,true,false,IN_BAND_DIFFERENCE,
NAT-live(c5ee3b1),SIGATOKA_SAND_DUNES,Sigatoka,minibus,airport -> destination (arrival),one-way,night 23:00,none,199,216,216,216,221.37,216,true,false,IN_BAND_DIFFERENCE,
NAT-live(c5ee3b1),SIGATOKA_SAND_DUNES,Sigatoka,minibus,airport -> destination (arrival),one-way,day 10:00,child seat,199,186,186,186,192.31,186,true,false,IN_BAND_DIFFERENCE,
NAT-live(c5ee3b1),SIGATOKA_SAND_DUNES,Sigatoka,minibus,airport -> destination (arrival),one-way,night 23:00,child seat,199,223,223,223,229.37,223,true,false,IN_BAND_DIFFERENCE,
NAT-live(c5ee3b1),SIGATOKA_SAND_DUNES,Sigatoka,minibus,airport -> destination (arrival),return,day 10:00,none,199,333,333,333,341.82,333,true,false,IN_BAND_DIFFERENCE,
NAT-live(c5ee3b1),SIGATOKA_SAND_DUNES,Sigatoka,minibus,airport -> destination (arrival),return,night 23:00,none,199,400,400,400,409.79,400,true,false,IN_BAND_DIFFERENCE,
NAT-live(c5ee3b1),SIGATOKA_SAND_DUNES,Sigatoka,minibus,airport -> destination (arrival),return,day 10:00,child seat,199,340,340,340,348.82,340,true,false,IN_BAND_DIFFERENCE,
NAT-live(c5ee3b1),SIGATOKA_SAND_DUNES,Sigatoka,minibus,airport -> destination (arrival),return,night 23:00,child seat,199,408,408,408,417.79,408,true,false,IN_BAND_DIFFERENCE,
NAT-live(c5ee3b1),BEDARRA_INN,Sigatoka,sedan,airport -> destination (arrival),one-way,day 10:00,none,129,116,116,116,124.49,116,true,false,IN_BAND_DIFFERENCE,
NAT-live(c5ee3b1),BEDARRA_INN,Sigatoka,sedan,airport -> destination (arrival),one-way,night 23:00,none,129,139,139,139,149.19,139,true,false,IN_BAND_DIFFERENCE,
NAT-live(c5ee3b1),BEDARRA_INN,Sigatoka,sedan,airport -> destination (arrival),one-way,day 10:00,child seat,129,123,123,123,131.49,123,true,false,IN_BAND_DIFFERENCE,
NAT-live(c5ee3b1),BEDARRA_INN,Sigatoka,sedan,airport -> destination (arrival),one-way,night 23:00,child seat,129,147,147,147,157.19,147,true,false,IN_BAND_DIFFERENCE,
NAT-live(c5ee3b1),BEDARRA_INN,Sigatoka,sedan,airport -> destination (arrival),return,day 10:00,none,129,216,216,216,230.21,216,true,false,IN_BAND_DIFFERENCE,
NAT-live(c5ee3b1),BEDARRA_INN,Sigatoka,sedan,airport -> destination (arrival),return,night 23:00,none,129,261,261,261,276.45,261,true,false,IN_BAND_DIFFERENCE,
NAT-live(c5ee3b1),BEDARRA_INN,Sigatoka,sedan,airport -> destination (arrival),return,day 10:00,child seat,129,223,223,223,238.21,223,true,false,IN_BAND_DIFFERENCE,
NAT-live(c5ee3b1),BEDARRA_INN,Sigatoka,sedan,airport -> destination (arrival),return,night 23:00,child seat,129,268,268,268,283.45,268,true,false,IN_BAND_DIFFERENCE,
NAT-live(c5ee3b1),BEDARRA_INN,Sigatoka,minivan,airport -> destination (arrival),one-way,day 10:00,none,159,143,143,143,146.14,143,true,false,IN_BAND_DIFFERENCE,
NAT-live(c5ee3b1),BEDARRA_INN,Sigatoka,minivan,airport -> destination (arrival),one-way,night 23:00,none,159,175,175,175,175.57,175,true,false,IN_BAND_DIFFERENCE,
NAT-live(c5ee3b1),BEDARRA_INN,Sigatoka,minivan,airport -> destination (arrival),one-way,day 10:00,child seat,159,150,150,150,153.14,150,true,false,IN_BAND_DIFFERENCE,
NAT-live(c5ee3b1),BEDARRA_INN,Sigatoka,minivan,airport -> destination (arrival),one-way,night 23:00,child seat,159,183,183,183,182.57,183,true,false,IN_BAND_DIFFERENCE,
NAT-live(c5ee3b1),BEDARRA_INN,Sigatoka,minivan,airport -> destination (arrival),return,day 10:00,none,159,265,265,265,269.96,265,true,false,IN_BAND_DIFFERENCE,
NAT-live(c5ee3b1),BEDARRA_INN,Sigatoka,minivan,airport -> destination (arrival),return,night 23:00,none,159,319,319,319,323.95,319,true,false,IN_BAND_DIFFERENCE,
NAT-live(c5ee3b1),BEDARRA_INN,Sigatoka,minivan,airport -> destination (arrival),return,day 10:00,child seat,159,273,273,273,276.96,273,true,false,IN_BAND_DIFFERENCE,
NAT-live(c5ee3b1),BEDARRA_INN,Sigatoka,minivan,airport -> destination (arrival),return,night 23:00,child seat,159,327,327,327,330.95,327,true,false,IN_BAND_DIFFERENCE,
NAT-live(c5ee3b1),BEDARRA_INN,Sigatoka,minibus,airport -> destination (arrival),one-way,day 10:00,none,199,179,179,179,184.31,179,true,false,IN_BAND_DIFFERENCE,
NAT-live(c5ee3b1),BEDARRA_INN,Sigatoka,minibus,airport -> destination (arrival),one-way,night 23:00,none,199,216,216,216,221.37,216,true,false,IN_BAND_DIFFERENCE,
NAT-live(c5ee3b1),BEDARRA_INN,Sigatoka,minibus,airport -> destination (arrival),one-way,day 10:00,child seat,199,186,186,186,192.31,186,true,false,IN_BAND_DIFFERENCE,
NAT-live(c5ee3b1),BEDARRA_INN,Sigatoka,minibus,airport -> destination (arrival),one-way,night 23:00,child seat,199,223,223,223,229.37,223,true,false,IN_BAND_DIFFERENCE,
NAT-live(c5ee3b1),BEDARRA_INN,Sigatoka,minibus,airport -> destination (arrival),return,day 10:00,none,199,333,333,333,341.82,333,true,false,IN_BAND_DIFFERENCE,
NAT-live(c5ee3b1),BEDARRA_INN,Sigatoka,minibus,airport -> destination (arrival),return,night 23:00,none,199,400,400,400,409.79,400,true,false,IN_BAND_DIFFERENCE,
NAT-live(c5ee3b1),BEDARRA_INN,Sigatoka,minibus,airport -> destination (arrival),return,day 10:00,child seat,199,340,340,340,348.82,340,true,false,IN_BAND_DIFFERENCE,
NAT-live(c5ee3b1),BEDARRA_INN,Sigatoka,minibus,airport -> destination (arrival),return,night 23:00,child seat,199,408,408,408,417.79,408,true,false,IN_BAND_DIFFERENCE,
NAT-live(c5ee3b1),KULA_ECO,Sigatoka,sedan,airport -> destination (arrival),one-way,day 10:00,none,129,116,116,116,124.49,116,true,false,IN_BAND_DIFFERENCE,
NAT-live(c5ee3b1),KULA_ECO,Sigatoka,sedan,airport -> destination (arrival),one-way,night 23:00,none,129,139,139,139,149.19,139,true,false,IN_BAND_DIFFERENCE,
NAT-live(c5ee3b1),KULA_ECO,Sigatoka,sedan,airport -> destination (arrival),one-way,day 10:00,child seat,129,123,123,123,131.49,123,true,false,IN_BAND_DIFFERENCE,
NAT-live(c5ee3b1),KULA_ECO,Sigatoka,sedan,airport -> destination (arrival),one-way,night 23:00,child seat,129,147,147,147,157.19,147,true,false,IN_BAND_DIFFERENCE,
NAT-live(c5ee3b1),KULA_ECO,Sigatoka,sedan,airport -> destination (arrival),return,day 10:00,none,129,216,216,216,230.21,216,true,false,IN_BAND_DIFFERENCE,
NAT-live(c5ee3b1),KULA_ECO,Sigatoka,sedan,airport -> destination (arrival),return,night 23:00,none,129,261,261,261,276.45,261,true,false,IN_BAND_DIFFERENCE,
NAT-live(c5ee3b1),KULA_ECO,Sigatoka,sedan,airport -> destination (arrival),return,day 10:00,child seat,129,223,223,223,238.21,223,true,false,IN_BAND_DIFFERENCE,
NAT-live(c5ee3b1),KULA_ECO,Sigatoka,sedan,airport -> destination (arrival),return,night 23:00,child seat,129,268,268,268,283.45,268,true,false,IN_BAND_DIFFERENCE,
NAT-live(c5ee3b1),KULA_ECO,Sigatoka,minivan,airport -> destination (arrival),one-way,day 10:00,none,159,143,143,143,146.14,143,true,false,IN_BAND_DIFFERENCE,
NAT-live(c5ee3b1),KULA_ECO,Sigatoka,minivan,airport -> destination (arrival),one-way,night 23:00,none,159,175,175,175,175.57,175,true,false,IN_BAND_DIFFERENCE,
NAT-live(c5ee3b1),KULA_ECO,Sigatoka,minivan,airport -> destination (arrival),one-way,day 10:00,child seat,159,150,150,150,153.14,150,true,false,IN_BAND_DIFFERENCE,
NAT-live(c5ee3b1),KULA_ECO,Sigatoka,minivan,airport -> destination (arrival),one-way,night 23:00,child seat,159,183,183,183,182.57,183,true,false,IN_BAND_DIFFERENCE,
NAT-live(c5ee3b1),KULA_ECO,Sigatoka,minivan,airport -> destination (arrival),return,day 10:00,none,159,265,265,265,269.96,265,true,false,IN_BAND_DIFFERENCE,
NAT-live(c5ee3b1),KULA_ECO,Sigatoka,minivan,airport -> destination (arrival),return,night 23:00,none,159,319,319,319,323.95,319,true,false,IN_BAND_DIFFERENCE,
NAT-live(c5ee3b1),KULA_ECO,Sigatoka,minivan,airport -> destination (arrival),return,day 10:00,child seat,159,273,273,273,276.96,273,true,false,IN_BAND_DIFFERENCE,
NAT-live(c5ee3b1),KULA_ECO,Sigatoka,minivan,airport -> destination (arrival),return,night 23:00,child seat,159,327,327,327,330.95,327,true,false,IN_BAND_DIFFERENCE,
NAT-live(c5ee3b1),KULA_ECO,Sigatoka,minibus,airport -> destination (arrival),one-way,day 10:00,none,199,179,179,179,184.31,179,true,false,IN_BAND_DIFFERENCE,
NAT-live(c5ee3b1),KULA_ECO,Sigatoka,minibus,airport -> destination (arrival),one-way,night 23:00,none,199,216,216,216,221.37,216,true,false,IN_BAND_DIFFERENCE,
NAT-live(c5ee3b1),KULA_ECO,Sigatoka,minibus,airport -> destination (arrival),one-way,day 10:00,child seat,199,186,186,186,192.31,186,true,false,IN_BAND_DIFFERENCE,
NAT-live(c5ee3b1),KULA_ECO,Sigatoka,minibus,airport -> destination (arrival),one-way,night 23:00,child seat,199,223,223,223,229.37,223,true,false,IN_BAND_DIFFERENCE,
NAT-live(c5ee3b1),KULA_ECO,Sigatoka,minibus,airport -> destination (arrival),return,day 10:00,none,199,333,333,333,341.82,333,true,false,IN_BAND_DIFFERENCE,
NAT-live(c5ee3b1),KULA_ECO,Sigatoka,minibus,airport -> destination (arrival),return,night 23:00,none,199,400,400,400,409.79,400,true,false,IN_BAND_DIFFERENCE,
NAT-live(c5ee3b1),KULA_ECO,Sigatoka,minibus,airport -> destination (arrival),return,day 10:00,child seat,199,340,340,340,348.82,340,true,false,IN_BAND_DIFFERENCE,
NAT-live(c5ee3b1),KULA_ECO,Sigatoka,minibus,airport -> destination (arrival),return,night 23:00,child seat,199,408,408,408,417.79,408,true,false,IN_BAND_DIFFERENCE,
NAT-live(c5ee3b1),SHANGRI_LA_YANUCA,Coral Coast,sedan,airport -> destination (arrival),one-way,day 10:00,none,129,116,116,116,127.96,116,true,false,IN_BAND_DIFFERENCE,
NAT-live(c5ee3b1),SHANGRI_LA_YANUCA,Coral Coast,sedan,airport -> destination (arrival),one-way,night 23:00,none,129,139,139,139,153.35,139,true,false,IN_BAND_DIFFERENCE,
NAT-live(c5ee3b1),SHANGRI_LA_YANUCA,Coral Coast,sedan,airport -> destination (arrival),one-way,day 10:00,child seat,129,123,123,123,134.96,123,true,false,IN_BAND_DIFFERENCE,
NAT-live(c5ee3b1),SHANGRI_LA_YANUCA,Coral Coast,sedan,airport -> destination (arrival),one-way,night 23:00,child seat,129,147,147,147,160.35,147,true,false,IN_BAND_DIFFERENCE,
NAT-live(c5ee3b1),SHANGRI_LA_YANUCA,Coral Coast,sedan,airport -> destination (arrival),return,day 10:00,none,129,216,216,216,236.63,216,true,false,IN_BAND_DIFFERENCE,
NAT-live(c5ee3b1),SHANGRI_LA_YANUCA,Coral Coast,sedan,airport -> destination (arrival),return,night 23:00,none,129,261,261,261,283.15,261,true,false,IN_BAND_DIFFERENCE,
NAT-live(c5ee3b1),SHANGRI_LA_YANUCA,Coral Coast,sedan,airport -> destination (arrival),return,day 10:00,child seat,129,223,223,223,243.63,223,true,false,IN_BAND_DIFFERENCE,
NAT-live(c5ee3b1),SHANGRI_LA_YANUCA,Coral Coast,sedan,airport -> destination (arrival),return,night 23:00,child seat,129,268,268,268,291.15,268,true,false,IN_BAND_DIFFERENCE,
NAT-live(c5ee3b1),SHANGRI_LA_YANUCA,Coral Coast,minivan,airport -> destination (arrival),one-way,day 10:00,none,159,143,143,143,158.81,143,true,false,IN_BAND_DIFFERENCE,
NAT-live(c5ee3b1),SHANGRI_LA_YANUCA,Coral Coast,minivan,airport -> destination (arrival),one-way,night 23:00,none,159,175,175,175,191.17,175,true,false,IN_BAND_DIFFERENCE,
NAT-live(c5ee3b1),SHANGRI_LA_YANUCA,Coral Coast,minivan,airport -> destination (arrival),one-way,day 10:00,child seat,159,150,150,150,166.81,150,true,false,IN_BAND_DIFFERENCE,
NAT-live(c5ee3b1),SHANGRI_LA_YANUCA,Coral Coast,minivan,airport -> destination (arrival),one-way,night 23:00,child seat,159,183,183,183,198.17,183,true,false,IN_BAND_DIFFERENCE,
NAT-live(c5ee3b1),SHANGRI_LA_YANUCA,Coral Coast,minivan,airport -> destination (arrival),return,day 10:00,none,159,265,265,265,294.1,265,true,false,IN_BAND_DIFFERENCE,
NAT-live(c5ee3b1),SHANGRI_LA_YANUCA,Coral Coast,minivan,airport -> destination (arrival),return,night 23:00,none,159,319,319,319,353.52,319,true,false,IN_BAND_DIFFERENCE,
NAT-live(c5ee3b1),SHANGRI_LA_YANUCA,Coral Coast,minivan,airport -> destination (arrival),return,day 10:00,child seat,159,273,273,273,301.1,273,true,false,IN_BAND_DIFFERENCE,
NAT-live(c5ee3b1),SHANGRI_LA_YANUCA,Coral Coast,minivan,airport -> destination (arrival),return,night 23:00,child seat,159,327,327,327,360.52,327,true,false,IN_BAND_DIFFERENCE,
NAT-live(c5ee3b1),SHANGRI_LA_YANUCA,Coral Coast,minibus,airport -> destination (arrival),one-way,day 10:00,none,199,179,179,179,197.37,179,true,false,IN_BAND_DIFFERENCE,
NAT-live(c5ee3b1),SHANGRI_LA_YANUCA,Coral Coast,minibus,airport -> destination (arrival),one-way,night 23:00,none,199,216,216,216,237.24,216,true,false,IN_BAND_DIFFERENCE,
NAT-live(c5ee3b1),SHANGRI_LA_YANUCA,Coral Coast,minibus,airport -> destination (arrival),one-way,day 10:00,child seat,199,186,186,186,204.37,186,true,false,IN_BAND_DIFFERENCE,
NAT-live(c5ee3b1),SHANGRI_LA_YANUCA,Coral Coast,minibus,airport -> destination (arrival),one-way,night 23:00,child seat,199,223,223,223,244.24,223,true,false,IN_BAND_DIFFERENCE,
NAT-live(c5ee3b1),SHANGRI_LA_YANUCA,Coral Coast,minibus,airport -> destination (arrival),return,day 10:00,none,199,333,333,333,364.83,333,true,false,IN_BAND_DIFFERENCE,
NAT-live(c5ee3b1),SHANGRI_LA_YANUCA,Coral Coast,minibus,airport -> destination (arrival),return,night 23:00,none,199,400,400,400,438,400,true,false,IN_BAND_DIFFERENCE,
NAT-live(c5ee3b1),SHANGRI_LA_YANUCA,Coral Coast,minibus,airport -> destination (arrival),return,day 10:00,child seat,199,340,340,340,372.83,340,true,false,IN_BAND_DIFFERENCE,
NAT-live(c5ee3b1),SHANGRI_LA_YANUCA,Coral Coast,minibus,airport -> destination (arrival),return,night 23:00,child seat,199,408,408,408,445,408,true,false,IN_BAND_DIFFERENCE,
NAT-live(c5ee3b1),HIDEAWAY_RESORT,Coral Coast,sedan,airport -> destination (arrival),one-way,day 10:00,none,129,116,116,116,127.96,116,true,false,IN_BAND_DIFFERENCE,
NAT-live(c5ee3b1),HIDEAWAY_RESORT,Coral Coast,sedan,airport -> destination (arrival),one-way,night 23:00,none,129,139,139,139,153.35,139,true,false,IN_BAND_DIFFERENCE,
NAT-live(c5ee3b1),HIDEAWAY_RESORT,Coral Coast,sedan,airport -> destination (arrival),one-way,day 10:00,child seat,129,123,123,123,134.96,123,true,false,IN_BAND_DIFFERENCE,
NAT-live(c5ee3b1),HIDEAWAY_RESORT,Coral Coast,sedan,airport -> destination (arrival),one-way,night 23:00,child seat,129,147,147,147,160.35,147,true,false,IN_BAND_DIFFERENCE,
NAT-live(c5ee3b1),HIDEAWAY_RESORT,Coral Coast,sedan,airport -> destination (arrival),return,day 10:00,none,129,216,216,216,236.63,216,true,false,IN_BAND_DIFFERENCE,
NAT-live(c5ee3b1),HIDEAWAY_RESORT,Coral Coast,sedan,airport -> destination (arrival),return,night 23:00,none,129,261,261,261,283.15,261,true,false,IN_BAND_DIFFERENCE,
NAT-live(c5ee3b1),HIDEAWAY_RESORT,Coral Coast,sedan,airport -> destination (arrival),return,day 10:00,child seat,129,223,223,223,243.63,223,true,false,IN_BAND_DIFFERENCE,
NAT-live(c5ee3b1),HIDEAWAY_RESORT,Coral Coast,sedan,airport -> destination (arrival),return,night 23:00,child seat,129,268,268,268,291.15,268,true,false,IN_BAND_DIFFERENCE,
NAT-live(c5ee3b1),HIDEAWAY_RESORT,Coral Coast,minivan,airport -> destination (arrival),one-way,day 10:00,none,159,143,143,143,158.81,143,true,false,IN_BAND_DIFFERENCE,
NAT-live(c5ee3b1),HIDEAWAY_RESORT,Coral Coast,minivan,airport -> destination (arrival),one-way,night 23:00,none,159,175,175,175,191.17,175,true,false,IN_BAND_DIFFERENCE,
NAT-live(c5ee3b1),HIDEAWAY_RESORT,Coral Coast,minivan,airport -> destination (arrival),one-way,day 10:00,child seat,159,150,150,150,166.81,150,true,false,IN_BAND_DIFFERENCE,
NAT-live(c5ee3b1),HIDEAWAY_RESORT,Coral Coast,minivan,airport -> destination (arrival),one-way,night 23:00,child seat,159,183,183,183,198.17,183,true,false,IN_BAND_DIFFERENCE,
NAT-live(c5ee3b1),HIDEAWAY_RESORT,Coral Coast,minivan,airport -> destination (arrival),return,day 10:00,none,159,265,265,265,294.1,265,true,false,IN_BAND_DIFFERENCE,
NAT-live(c5ee3b1),HIDEAWAY_RESORT,Coral Coast,minivan,airport -> destination (arrival),return,night 23:00,none,159,319,319,319,353.52,319,true,false,IN_BAND_DIFFERENCE,
NAT-live(c5ee3b1),HIDEAWAY_RESORT,Coral Coast,minivan,airport -> destination (arrival),return,day 10:00,child seat,159,273,273,273,301.1,273,true,false,IN_BAND_DIFFERENCE,
NAT-live(c5ee3b1),HIDEAWAY_RESORT,Coral Coast,minivan,airport -> destination (arrival),return,night 23:00,child seat,159,327,327,327,360.52,327,true,false,IN_BAND_DIFFERENCE,
NAT-live(c5ee3b1),HIDEAWAY_RESORT,Coral Coast,minibus,airport -> destination (arrival),one-way,day 10:00,none,199,179,179,179,197.37,179,true,false,IN_BAND_DIFFERENCE,
NAT-live(c5ee3b1),HIDEAWAY_RESORT,Coral Coast,minibus,airport -> destination (arrival),one-way,night 23:00,none,199,216,216,216,237.24,216,true,false,IN_BAND_DIFFERENCE,
NAT-live(c5ee3b1),HIDEAWAY_RESORT,Coral Coast,minibus,airport -> destination (arrival),one-way,day 10:00,child seat,199,186,186,186,204.37,186,true,false,IN_BAND_DIFFERENCE,
NAT-live(c5ee3b1),HIDEAWAY_RESORT,Coral Coast,minibus,airport -> destination (arrival),one-way,night 23:00,child seat,199,223,223,223,244.24,223,true,false,IN_BAND_DIFFERENCE,
NAT-live(c5ee3b1),HIDEAWAY_RESORT,Coral Coast,minibus,airport -> destination (arrival),return,day 10:00,none,199,333,333,333,364.83,333,true,false,IN_BAND_DIFFERENCE,
NAT-live(c5ee3b1),HIDEAWAY_RESORT,Coral Coast,minibus,airport -> destination (arrival),return,night 23:00,none,199,400,400,400,438,400,true,false,IN_BAND_DIFFERENCE,
NAT-live(c5ee3b1),HIDEAWAY_RESORT,Coral Coast,minibus,airport -> destination (arrival),return,day 10:00,child seat,199,340,340,340,372.83,340,true,false,IN_BAND_DIFFERENCE,
NAT-live(c5ee3b1),HIDEAWAY_RESORT,Coral Coast,minibus,airport -> destination (arrival),return,night 23:00,child seat,199,408,408,408,445,408,true,false,IN_BAND_DIFFERENCE,
NAT-live(c5ee3b1),CRUSOES_RETREAT,Coral Coast,sedan,airport -> destination (arrival),one-way,day 10:00,none,129,116,116,116,127.96,116,true,false,IN_BAND_DIFFERENCE,
NAT-live(c5ee3b1),CRUSOES_RETREAT,Coral Coast,sedan,airport -> destination (arrival),one-way,night 23:00,none,129,139,139,139,153.35,139,true,false,IN_BAND_DIFFERENCE,
NAT-live(c5ee3b1),CRUSOES_RETREAT,Coral Coast,sedan,airport -> destination (arrival),one-way,day 10:00,child seat,129,123,123,123,134.96,123,true,false,IN_BAND_DIFFERENCE,
NAT-live(c5ee3b1),CRUSOES_RETREAT,Coral Coast,sedan,airport -> destination (arrival),one-way,night 23:00,child seat,129,147,147,147,160.35,147,true,false,IN_BAND_DIFFERENCE,
NAT-live(c5ee3b1),CRUSOES_RETREAT,Coral Coast,sedan,airport -> destination (arrival),return,day 10:00,none,129,216,216,216,236.63,216,true,false,IN_BAND_DIFFERENCE,
NAT-live(c5ee3b1),CRUSOES_RETREAT,Coral Coast,sedan,airport -> destination (arrival),return,night 23:00,none,129,261,261,261,283.15,261,true,false,IN_BAND_DIFFERENCE,
NAT-live(c5ee3b1),CRUSOES_RETREAT,Coral Coast,sedan,airport -> destination (arrival),return,day 10:00,child seat,129,223,223,223,243.63,223,true,false,IN_BAND_DIFFERENCE,
NAT-live(c5ee3b1),CRUSOES_RETREAT,Coral Coast,sedan,airport -> destination (arrival),return,night 23:00,child seat,129,268,268,268,291.15,268,true,false,IN_BAND_DIFFERENCE,
NAT-live(c5ee3b1),CRUSOES_RETREAT,Coral Coast,minivan,airport -> destination (arrival),one-way,day 10:00,none,159,143,143,143,158.81,143,true,false,IN_BAND_DIFFERENCE,
NAT-live(c5ee3b1),CRUSOES_RETREAT,Coral Coast,minivan,airport -> destination (arrival),one-way,night 23:00,none,159,175,175,175,191.17,175,true,false,IN_BAND_DIFFERENCE,
NAT-live(c5ee3b1),CRUSOES_RETREAT,Coral Coast,minivan,airport -> destination (arrival),one-way,day 10:00,child seat,159,150,150,150,166.81,150,true,false,IN_BAND_DIFFERENCE,
NAT-live(c5ee3b1),CRUSOES_RETREAT,Coral Coast,minivan,airport -> destination (arrival),one-way,night 23:00,child seat,159,183,183,183,198.17,183,true,false,IN_BAND_DIFFERENCE,
NAT-live(c5ee3b1),CRUSOES_RETREAT,Coral Coast,minivan,airport -> destination (arrival),return,day 10:00,none,159,265,265,265,294.1,265,true,false,IN_BAND_DIFFERENCE,
NAT-live(c5ee3b1),CRUSOES_RETREAT,Coral Coast,minivan,airport -> destination (arrival),return,night 23:00,none,159,319,319,319,353.52,319,true,false,IN_BAND_DIFFERENCE,
NAT-live(c5ee3b1),CRUSOES_RETREAT,Coral Coast,minivan,airport -> destination (arrival),return,day 10:00,child seat,159,273,273,273,301.1,273,true,false,IN_BAND_DIFFERENCE,
NAT-live(c5ee3b1),CRUSOES_RETREAT,Coral Coast,minivan,airport -> destination (arrival),return,night 23:00,child seat,159,327,327,327,360.52,327,true,false,IN_BAND_DIFFERENCE,
NAT-live(c5ee3b1),CRUSOES_RETREAT,Coral Coast,minibus,airport -> destination (arrival),one-way,day 10:00,none,199,179,179,179,197.37,179,true,false,IN_BAND_DIFFERENCE,
NAT-live(c5ee3b1),CRUSOES_RETREAT,Coral Coast,minibus,airport -> destination (arrival),one-way,night 23:00,none,199,216,216,216,237.24,216,true,false,IN_BAND_DIFFERENCE,
NAT-live(c5ee3b1),CRUSOES_RETREAT,Coral Coast,minibus,airport -> destination (arrival),one-way,day 10:00,child seat,199,186,186,186,204.37,186,true,false,IN_BAND_DIFFERENCE,
NAT-live(c5ee3b1),CRUSOES_RETREAT,Coral Coast,minibus,airport -> destination (arrival),one-way,night 23:00,child seat,199,223,223,223,244.24,223,true,false,IN_BAND_DIFFERENCE,
NAT-live(c5ee3b1),CRUSOES_RETREAT,Coral Coast,minibus,airport -> destination (arrival),return,day 10:00,none,199,333,333,333,364.83,333,true,false,IN_BAND_DIFFERENCE,
NAT-live(c5ee3b1),CRUSOES_RETREAT,Coral Coast,minibus,airport -> destination (arrival),return,night 23:00,none,199,400,400,400,438,400,true,false,IN_BAND_DIFFERENCE,
NAT-live(c5ee3b1),CRUSOES_RETREAT,Coral Coast,minibus,airport -> destination (arrival),return,day 10:00,child seat,199,340,340,340,372.83,340,true,false,IN_BAND_DIFFERENCE,
NAT-live(c5ee3b1),CRUSOES_RETREAT,Coral Coast,minibus,airport -> destination (arrival),return,night 23:00,child seat,199,408,408,408,445,408,true,false,IN_BAND_DIFFERENCE,
NAT-live(c5ee3b1),OUTRIGGER_FIJI,Coral Coast,sedan,airport -> destination (arrival),one-way,day 10:00,none,129,116,116,116,127.96,116,true,false,IN_BAND_DIFFERENCE,
NAT-live(c5ee3b1),OUTRIGGER_FIJI,Coral Coast,sedan,airport -> destination (arrival),one-way,night 23:00,none,129,139,139,139,153.35,139,true,false,IN_BAND_DIFFERENCE,
NAT-live(c5ee3b1),OUTRIGGER_FIJI,Coral Coast,sedan,airport -> destination (arrival),one-way,day 10:00,child seat,129,123,123,123,134.96,123,true,false,IN_BAND_DIFFERENCE,
NAT-live(c5ee3b1),OUTRIGGER_FIJI,Coral Coast,sedan,airport -> destination (arrival),one-way,night 23:00,child seat,129,147,147,147,160.35,147,true,false,IN_BAND_DIFFERENCE,
NAT-live(c5ee3b1),OUTRIGGER_FIJI,Coral Coast,sedan,airport -> destination (arrival),return,day 10:00,none,129,216,216,216,236.63,216,true,false,IN_BAND_DIFFERENCE,
NAT-live(c5ee3b1),OUTRIGGER_FIJI,Coral Coast,sedan,airport -> destination (arrival),return,night 23:00,none,129,261,261,261,283.15,261,true,false,IN_BAND_DIFFERENCE,
NAT-live(c5ee3b1),OUTRIGGER_FIJI,Coral Coast,sedan,airport -> destination (arrival),return,day 10:00,child seat,129,223,223,223,243.63,223,true,false,IN_BAND_DIFFERENCE,
NAT-live(c5ee3b1),OUTRIGGER_FIJI,Coral Coast,sedan,airport -> destination (arrival),return,night 23:00,child seat,129,268,268,268,291.15,268,true,false,IN_BAND_DIFFERENCE,
NAT-live(c5ee3b1),OUTRIGGER_FIJI,Coral Coast,minivan,airport -> destination (arrival),one-way,day 10:00,none,159,143,143,143,158.81,143,true,false,IN_BAND_DIFFERENCE,
NAT-live(c5ee3b1),OUTRIGGER_FIJI,Coral Coast,minivan,airport -> destination (arrival),one-way,night 23:00,none,159,175,175,175,191.17,175,true,false,IN_BAND_DIFFERENCE,
NAT-live(c5ee3b1),OUTRIGGER_FIJI,Coral Coast,minivan,airport -> destination (arrival),one-way,day 10:00,child seat,159,150,150,150,166.81,150,true,false,IN_BAND_DIFFERENCE,
NAT-live(c5ee3b1),OUTRIGGER_FIJI,Coral Coast,minivan,airport -> destination (arrival),one-way,night 23:00,child seat,159,183,183,183,198.17,183,true,false,IN_BAND_DIFFERENCE,
NAT-live(c5ee3b1),OUTRIGGER_FIJI,Coral Coast,minivan,airport -> destination (arrival),return,day 10:00,none,159,265,265,265,294.1,265,true,false,IN_BAND_DIFFERENCE,
NAT-live(c5ee3b1),OUTRIGGER_FIJI,Coral Coast,minivan,airport -> destination (arrival),return,night 23:00,none,159,319,319,319,353.52,319,true,false,IN_BAND_DIFFERENCE,
NAT-live(c5ee3b1),OUTRIGGER_FIJI,Coral Coast,minivan,airport -> destination (arrival),return,day 10:00,child seat,159,273,273,273,301.1,273,true,false,IN_BAND_DIFFERENCE,
NAT-live(c5ee3b1),OUTRIGGER_FIJI,Coral Coast,minivan,airport -> destination (arrival),return,night 23:00,child seat,159,327,327,327,360.52,327,true,false,IN_BAND_DIFFERENCE,
NAT-live(c5ee3b1),OUTRIGGER_FIJI,Coral Coast,minibus,airport -> destination (arrival),one-way,day 10:00,none,199,179,179,179,197.37,179,true,false,IN_BAND_DIFFERENCE,
NAT-live(c5ee3b1),OUTRIGGER_FIJI,Coral Coast,minibus,airport -> destination (arrival),one-way,night 23:00,none,199,216,216,216,237.24,216,true,false,IN_BAND_DIFFERENCE,
NAT-live(c5ee3b1),OUTRIGGER_FIJI,Coral Coast,minibus,airport -> destination (arrival),one-way,day 10:00,child seat,199,186,186,186,204.37,186,true,false,IN_BAND_DIFFERENCE,
NAT-live(c5ee3b1),OUTRIGGER_FIJI,Coral Coast,minibus,airport -> destination (arrival),one-way,night 23:00,child seat,199,223,223,223,244.24,223,true,false,IN_BAND_DIFFERENCE,
NAT-live(c5ee3b1),OUTRIGGER_FIJI,Coral Coast,minibus,airport -> destination (arrival),return,day 10:00,none,199,333,333,333,364.83,333,true,false,IN_BAND_DIFFERENCE,
NAT-live(c5ee3b1),OUTRIGGER_FIJI,Coral Coast,minibus,airport -> destination (arrival),return,night 23:00,none,199,400,400,400,438,400,true,false,IN_BAND_DIFFERENCE,
NAT-live(c5ee3b1),OUTRIGGER_FIJI,Coral Coast,minibus,airport -> destination (arrival),return,day 10:00,child seat,199,340,340,340,372.83,340,true,false,IN_BAND_DIFFERENCE,
NAT-live(c5ee3b1),OUTRIGGER_FIJI,Coral Coast,minibus,airport -> destination (arrival),return,night 23:00,child seat,199,408,408,408,445,408,true,false,IN_BAND_DIFFERENCE,
NAT-live(c5ee3b1),THE_WARWICK,Coral Coast,sedan,airport -> destination (arrival),one-way,day 10:00,none,149,134,134,134,127.96,134,true,false,IN_BAND_DIFFERENCE,
NAT-live(c5ee3b1),THE_WARWICK,Coral Coast,sedan,airport -> destination (arrival),one-way,night 23:00,none,149,162,162,162,153.35,162,true,false,IN_BAND_DIFFERENCE,
NAT-live(c5ee3b1),THE_WARWICK,Coral Coast,sedan,airport -> destination (arrival),one-way,day 10:00,child seat,149,141,141,141,134.96,141,true,false,IN_BAND_DIFFERENCE,
NAT-live(c5ee3b1),THE_WARWICK,Coral Coast,sedan,airport -> destination (arrival),one-way,night 23:00,child seat,149,169,169,169,160.35,169,true,false,IN_BAND_DIFFERENCE,
NAT-live(c5ee3b1),THE_WARWICK,Coral Coast,sedan,airport -> destination (arrival),return,day 10:00,none,149,252,252,252,236.63,252,true,false,IN_BAND_DIFFERENCE,
NAT-live(c5ee3b1),THE_WARWICK,Coral Coast,sedan,airport -> destination (arrival),return,night 23:00,none,149,301,301,301,283.15,301,true,false,IN_BAND_DIFFERENCE,
NAT-live(c5ee3b1),THE_WARWICK,Coral Coast,sedan,airport -> destination (arrival),return,day 10:00,child seat,149,259,259,259,243.63,259,true,false,IN_BAND_DIFFERENCE,
NAT-live(c5ee3b1),THE_WARWICK,Coral Coast,sedan,airport -> destination (arrival),return,night 23:00,child seat,149,309,309,309,291.15,309,true,false,IN_BAND_DIFFERENCE,
NAT-live(c5ee3b1),THE_WARWICK,Coral Coast,minivan,airport -> destination (arrival),one-way,day 10:00,none,189,170,170,170,158.81,170,true,false,IN_BAND_DIFFERENCE,
NAT-live(c5ee3b1),THE_WARWICK,Coral Coast,minivan,airport -> destination (arrival),one-way,night 23:00,none,189,207,207,207,191.17,207,true,false,IN_BAND_DIFFERENCE,
NAT-live(c5ee3b1),THE_WARWICK,Coral Coast,minivan,airport -> destination (arrival),one-way,day 10:00,child seat,189,177,177,177,166.81,177,true,false,IN_BAND_DIFFERENCE,
NAT-live(c5ee3b1),THE_WARWICK,Coral Coast,minivan,airport -> destination (arrival),one-way,night 23:00,child seat,189,214,214,214,198.17,214,true,false,IN_BAND_DIFFERENCE,
NAT-live(c5ee3b1),THE_WARWICK,Coral Coast,minivan,airport -> destination (arrival),return,day 10:00,none,189,315,315,315,294.1,315,true,false,IN_BAND_DIFFERENCE,
NAT-live(c5ee3b1),THE_WARWICK,Coral Coast,minivan,airport -> destination (arrival),return,night 23:00,none,189,378,378,378,353.52,378,true,false,IN_BAND_DIFFERENCE,
NAT-live(c5ee3b1),THE_WARWICK,Coral Coast,minivan,airport -> destination (arrival),return,day 10:00,child seat,189,322,322,322,301.1,322,true,false,IN_BAND_DIFFERENCE,
NAT-live(c5ee3b1),THE_WARWICK,Coral Coast,minivan,airport -> destination (arrival),return,night 23:00,child seat,189,385,385,385,360.52,385,true,false,IN_BAND_DIFFERENCE,
NAT-live(c5ee3b1),THE_WARWICK,Coral Coast,minibus,airport -> destination (arrival),one-way,day 10:00,none,239,215,215,215,197.37,215,true,false,IN_BAND_DIFFERENCE,
NAT-live(c5ee3b1),THE_WARWICK,Coral Coast,minibus,airport -> destination (arrival),one-way,night 23:00,none,239,261,261,261,237.24,261,true,false,IN_BAND_DIFFERENCE,
NAT-live(c5ee3b1),THE_WARWICK,Coral Coast,minibus,airport -> destination (arrival),one-way,day 10:00,child seat,239,222,222,222,204.37,222,true,false,IN_BAND_DIFFERENCE,
NAT-live(c5ee3b1),THE_WARWICK,Coral Coast,minibus,airport -> destination (arrival),one-way,night 23:00,child seat,239,268,268,268,244.24,268,true,false,IN_BAND_DIFFERENCE,
NAT-live(c5ee3b1),THE_WARWICK,Coral Coast,minibus,airport -> destination (arrival),return,day 10:00,none,239,400,400,400,364.83,400,true,false,IN_BAND_DIFFERENCE,
NAT-live(c5ee3b1),THE_WARWICK,Coral Coast,minibus,airport -> destination (arrival),return,night 23:00,none,239,481,481,481,438,481,true,false,IN_BAND_DIFFERENCE,
NAT-live(c5ee3b1),THE_WARWICK,Coral Coast,minibus,airport -> destination (arrival),return,day 10:00,child seat,239,408,408,408,372.83,408,true,false,IN_BAND_DIFFERENCE,
NAT-live(c5ee3b1),THE_WARWICK,Coral Coast,minibus,airport -> destination (arrival),return,night 23:00,child seat,239,489,489,489,445,489,true,false,IN_BAND_DIFFERENCE,
NAT-live(c5ee3b1),BEACHHOUSE_FIJI,Coral Coast,sedan,airport -> destination (arrival),one-way,day 10:00,none,169,152,152,152,127.96,152,true,false,IN_BAND_DIFFERENCE,
NAT-live(c5ee3b1),BEACHHOUSE_FIJI,Coral Coast,sedan,airport -> destination (arrival),one-way,night 23:00,none,169,184,184,184,153.35,184,true,false,IN_BAND_DIFFERENCE,
NAT-live(c5ee3b1),BEACHHOUSE_FIJI,Coral Coast,sedan,airport -> destination (arrival),one-way,day 10:00,child seat,169,159,159,159,134.96,159,true,false,IN_BAND_DIFFERENCE,
NAT-live(c5ee3b1),BEACHHOUSE_FIJI,Coral Coast,sedan,airport -> destination (arrival),one-way,night 23:00,child seat,169,192,192,192,160.35,192,true,false,IN_BAND_DIFFERENCE,
NAT-live(c5ee3b1),BEACHHOUSE_FIJI,Coral Coast,sedan,airport -> destination (arrival),return,day 10:00,none,169,283,283,283,236.63,283,true,false,IN_BAND_DIFFERENCE,
NAT-live(c5ee3b1),BEACHHOUSE_FIJI,Coral Coast,sedan,airport -> destination (arrival),return,night 23:00,none,169,342,342,342,283.15,342,true,false,IN_BAND_DIFFERENCE,
NAT-live(c5ee3b1),BEACHHOUSE_FIJI,Coral Coast,sedan,airport -> destination (arrival),return,day 10:00,child seat,169,291,291,291,243.63,291,true,false,IN_BAND_DIFFERENCE,
NAT-live(c5ee3b1),BEACHHOUSE_FIJI,Coral Coast,sedan,airport -> destination (arrival),return,night 23:00,child seat,169,349,349,349,291.15,349,true,false,IN_BAND_DIFFERENCE,
NAT-live(c5ee3b1),BEACHHOUSE_FIJI,Coral Coast,minivan,airport -> destination (arrival),one-way,day 10:00,none,199,179,179,179,158.81,179,true,false,IN_BAND_DIFFERENCE,
NAT-live(c5ee3b1),BEACHHOUSE_FIJI,Coral Coast,minivan,airport -> destination (arrival),one-way,night 23:00,none,199,216,216,216,191.17,216,true,false,IN_BAND_DIFFERENCE,
NAT-live(c5ee3b1),BEACHHOUSE_FIJI,Coral Coast,minivan,airport -> destination (arrival),one-way,day 10:00,child seat,199,186,186,186,166.81,186,true,false,IN_BAND_DIFFERENCE,
NAT-live(c5ee3b1),BEACHHOUSE_FIJI,Coral Coast,minivan,airport -> destination (arrival),one-way,night 23:00,child seat,199,223,223,223,198.17,223,true,false,IN_BAND_DIFFERENCE,
NAT-live(c5ee3b1),BEACHHOUSE_FIJI,Coral Coast,minivan,airport -> destination (arrival),return,day 10:00,none,199,333,333,333,294.1,333,true,false,IN_BAND_DIFFERENCE,
NAT-live(c5ee3b1),BEACHHOUSE_FIJI,Coral Coast,minivan,airport -> destination (arrival),return,night 23:00,none,199,400,400,400,353.52,400,true,false,IN_BAND_DIFFERENCE,
NAT-live(c5ee3b1),BEACHHOUSE_FIJI,Coral Coast,minivan,airport -> destination (arrival),return,day 10:00,child seat,199,340,340,340,301.1,340,true,false,IN_BAND_DIFFERENCE,
NAT-live(c5ee3b1),BEACHHOUSE_FIJI,Coral Coast,minivan,airport -> destination (arrival),return,night 23:00,child seat,199,408,408,408,360.52,408,true,false,IN_BAND_DIFFERENCE,
NAT-live(c5ee3b1),BEACHHOUSE_FIJI,Coral Coast,minibus,airport -> destination (arrival),one-way,day 10:00,none,259,233,233,233,197.37,233,true,false,IN_BAND_DIFFERENCE,
NAT-live(c5ee3b1),BEACHHOUSE_FIJI,Coral Coast,minibus,airport -> destination (arrival),one-way,night 23:00,none,259,283,283,283,237.24,283,true,false,IN_BAND_DIFFERENCE,
NAT-live(c5ee3b1),BEACHHOUSE_FIJI,Coral Coast,minibus,airport -> destination (arrival),one-way,day 10:00,child seat,259,240,240,240,204.37,240,true,false,IN_BAND_DIFFERENCE,
NAT-live(c5ee3b1),BEACHHOUSE_FIJI,Coral Coast,minibus,airport -> destination (arrival),one-way,night 23:00,child seat,259,291,291,291,244.24,291,true,false,IN_BAND_DIFFERENCE,
NAT-live(c5ee3b1),BEACHHOUSE_FIJI,Coral Coast,minibus,airport -> destination (arrival),return,day 10:00,none,259,432,432,432,364.83,432,true,false,IN_BAND_DIFFERENCE,
NAT-live(c5ee3b1),BEACHHOUSE_FIJI,Coral Coast,minibus,airport -> destination (arrival),return,night 23:00,none,259,517,517,517,438,517,true,false,IN_BAND_DIFFERENCE,
NAT-live(c5ee3b1),BEACHHOUSE_FIJI,Coral Coast,minibus,airport -> destination (arrival),return,day 10:00,child seat,259,439,439,439,372.83,439,true,false,IN_BAND_DIFFERENCE,
NAT-live(c5ee3b1),BEACHHOUSE_FIJI,Coral Coast,minibus,airport -> destination (arrival),return,night 23:00,child seat,259,525,525,525,445,525,true,false,IN_BAND_DIFFERENCE,
NAT-live(c5ee3b1),ARTS_VILLAGE,Pacific Harbour,sedan,airport -> destination (arrival),one-way,day 10:00,none,199,179,179,179,178.95,179,true,false,IN_BAND_DIFFERENCE,
NAT-live(c5ee3b1),ARTS_VILLAGE,Pacific Harbour,sedan,airport -> destination (arrival),one-way,night 23:00,none,199,216,216,216,214.74,216,true,false,IN_BAND_DIFFERENCE,
NAT-live(c5ee3b1),ARTS_VILLAGE,Pacific Harbour,sedan,airport -> destination (arrival),one-way,day 10:00,child seat,199,186,186,186,185.95,186,true,false,IN_BAND_DIFFERENCE,
NAT-live(c5ee3b1),ARTS_VILLAGE,Pacific Harbour,sedan,airport -> destination (arrival),one-way,night 23:00,child seat,199,223,223,223,221.74,223,true,false,IN_BAND_DIFFERENCE,
NAT-live(c5ee3b1),ARTS_VILLAGE,Pacific Harbour,sedan,airport -> destination (arrival),return,day 10:00,none,199,333,333,333,331.06,333,true,false,IN_BAND_DIFFERENCE,
NAT-live(c5ee3b1),ARTS_VILLAGE,Pacific Harbour,sedan,airport -> destination (arrival),return,night 23:00,none,199,400,400,400,397.67,400,true,false,IN_BAND_DIFFERENCE,
NAT-live(c5ee3b1),ARTS_VILLAGE,Pacific Harbour,sedan,airport -> destination (arrival),return,day 10:00,child seat,199,340,340,340,338.06,340,true,false,IN_BAND_DIFFERENCE,
NAT-live(c5ee3b1),ARTS_VILLAGE,Pacific Harbour,sedan,airport -> destination (arrival),return,night 23:00,child seat,199,408,408,408,404.67,408,true,false,IN_BAND_DIFFERENCE,
NAT-live(c5ee3b1),ARTS_VILLAGE,Pacific Harbour,minivan,airport -> destination (arrival),one-way,day 10:00,none,269,242,242,242,239.56,242,true,false,IN_BAND_DIFFERENCE,
NAT-live(c5ee3b1),ARTS_VILLAGE,Pacific Harbour,minivan,airport -> destination (arrival),one-way,night 23:00,none,269,292,292,292,287.87,292,true,false,IN_BAND_DIFFERENCE,
NAT-live(c5ee3b1),ARTS_VILLAGE,Pacific Harbour,minivan,airport -> destination (arrival),one-way,day 10:00,child seat,269,249,249,249,247.56,249,true,false,IN_BAND_DIFFERENCE,
NAT-live(c5ee3b1),ARTS_VILLAGE,Pacific Harbour,minivan,airport -> destination (arrival),one-way,night 23:00,child seat,269,300,300,300,294.87,300,true,false,IN_BAND_DIFFERENCE,
NAT-live(c5ee3b1),ARTS_VILLAGE,Pacific Harbour,minivan,airport -> destination (arrival),return,day 10:00,none,269,450,450,450,444.14,450,true,false,IN_BAND_DIFFERENCE,
NAT-live(c5ee3b1),ARTS_VILLAGE,Pacific Harbour,minivan,airport -> destination (arrival),return,night 23:00,none,269,540,540,540,532.76,540,true,false,IN_BAND_DIFFERENCE,
NAT-live(c5ee3b1),ARTS_VILLAGE,Pacific Harbour,minivan,airport -> destination (arrival),return,day 10:00,child seat,269,457,457,457,451.14,457,true,false,IN_BAND_DIFFERENCE,
NAT-live(c5ee3b1),ARTS_VILLAGE,Pacific Harbour,minivan,airport -> destination (arrival),return,night 23:00,child seat,269,547,547,547,539.76,547,true,false,IN_BAND_DIFFERENCE,
NAT-live(c5ee3b1),ARTS_VILLAGE,Pacific Harbour,minibus,airport -> destination (arrival),one-way,day 10:00,none,299,269,269,269,269.56,269,true,false,IN_BAND_DIFFERENCE,
NAT-live(c5ee3b1),ARTS_VILLAGE,Pacific Harbour,minibus,airport -> destination (arrival),one-way,night 23:00,none,299,324,324,324,323.47,324,true,false,IN_BAND_DIFFERENCE,
NAT-live(c5ee3b1),ARTS_VILLAGE,Pacific Harbour,minibus,airport -> destination (arrival),one-way,day 10:00,child seat,299,276,276,276,276.56,276,true,false,IN_BAND_DIFFERENCE,
NAT-live(c5ee3b1),ARTS_VILLAGE,Pacific Harbour,minibus,airport -> destination (arrival),one-way,night 23:00,child seat,299,331,331,331,330.47,331,true,false,IN_BAND_DIFFERENCE,
NAT-live(c5ee3b1),ARTS_VILLAGE,Pacific Harbour,minibus,airport -> destination (arrival),return,day 10:00,none,299,499,499,499,499.19,499,true,false,IN_BAND_DIFFERENCE,
NAT-live(c5ee3b1),ARTS_VILLAGE,Pacific Harbour,minibus,airport -> destination (arrival),return,night 23:00,none,299,598,598,598,598.02,598,true,false,IN_BAND_DIFFERENCE,
NAT-live(c5ee3b1),ARTS_VILLAGE,Pacific Harbour,minibus,airport -> destination (arrival),return,day 10:00,child seat,299,507,507,507,506.19,507,true,false,IN_BAND_DIFFERENCE,
NAT-live(c5ee3b1),ARTS_VILLAGE,Pacific Harbour,minibus,airport -> destination (arrival),return,night 23:00,child seat,299,606,606,606,606.02,606,true,false,IN_BAND_DIFFERENCE,
NAT-live(c5ee3b1),PEARL_SOUTH_PACIFIC,Pacific Harbour,sedan,airport -> destination (arrival),one-way,day 10:00,none,199,179,179,179,178.95,179,true,false,IN_BAND_DIFFERENCE,
NAT-live(c5ee3b1),PEARL_SOUTH_PACIFIC,Pacific Harbour,sedan,airport -> destination (arrival),one-way,night 23:00,none,199,216,216,216,214.74,216,true,false,IN_BAND_DIFFERENCE,
NAT-live(c5ee3b1),PEARL_SOUTH_PACIFIC,Pacific Harbour,sedan,airport -> destination (arrival),one-way,day 10:00,child seat,199,186,186,186,185.95,186,true,false,IN_BAND_DIFFERENCE,
NAT-live(c5ee3b1),PEARL_SOUTH_PACIFIC,Pacific Harbour,sedan,airport -> destination (arrival),one-way,night 23:00,child seat,199,223,223,223,221.74,223,true,false,IN_BAND_DIFFERENCE,
NAT-live(c5ee3b1),PEARL_SOUTH_PACIFIC,Pacific Harbour,sedan,airport -> destination (arrival),return,day 10:00,none,199,333,333,333,331.06,333,true,false,IN_BAND_DIFFERENCE,
NAT-live(c5ee3b1),PEARL_SOUTH_PACIFIC,Pacific Harbour,sedan,airport -> destination (arrival),return,night 23:00,none,199,400,400,400,397.67,400,true,false,IN_BAND_DIFFERENCE,
NAT-live(c5ee3b1),PEARL_SOUTH_PACIFIC,Pacific Harbour,sedan,airport -> destination (arrival),return,day 10:00,child seat,199,340,340,340,338.06,340,true,false,IN_BAND_DIFFERENCE,
NAT-live(c5ee3b1),PEARL_SOUTH_PACIFIC,Pacific Harbour,sedan,airport -> destination (arrival),return,night 23:00,child seat,199,408,408,408,404.67,408,true,false,IN_BAND_DIFFERENCE,
NAT-live(c5ee3b1),PEARL_SOUTH_PACIFIC,Pacific Harbour,minivan,airport -> destination (arrival),one-way,day 10:00,none,269,242,242,242,239.56,242,true,false,IN_BAND_DIFFERENCE,
NAT-live(c5ee3b1),PEARL_SOUTH_PACIFIC,Pacific Harbour,minivan,airport -> destination (arrival),one-way,night 23:00,none,269,292,292,292,287.87,292,true,false,IN_BAND_DIFFERENCE,
NAT-live(c5ee3b1),PEARL_SOUTH_PACIFIC,Pacific Harbour,minivan,airport -> destination (arrival),one-way,day 10:00,child seat,269,249,249,249,247.56,249,true,false,IN_BAND_DIFFERENCE,
NAT-live(c5ee3b1),PEARL_SOUTH_PACIFIC,Pacific Harbour,minivan,airport -> destination (arrival),one-way,night 23:00,child seat,269,300,300,300,294.87,300,true,false,IN_BAND_DIFFERENCE,
NAT-live(c5ee3b1),PEARL_SOUTH_PACIFIC,Pacific Harbour,minivan,airport -> destination (arrival),return,day 10:00,none,269,450,450,450,444.14,450,true,false,IN_BAND_DIFFERENCE,
NAT-live(c5ee3b1),PEARL_SOUTH_PACIFIC,Pacific Harbour,minivan,airport -> destination (arrival),return,night 23:00,none,269,540,540,540,532.76,540,true,false,IN_BAND_DIFFERENCE,
NAT-live(c5ee3b1),PEARL_SOUTH_PACIFIC,Pacific Harbour,minivan,airport -> destination (arrival),return,day 10:00,child seat,269,457,457,457,451.14,457,true,false,IN_BAND_DIFFERENCE,
NAT-live(c5ee3b1),PEARL_SOUTH_PACIFIC,Pacific Harbour,minivan,airport -> destination (arrival),return,night 23:00,child seat,269,547,547,547,539.76,547,true,false,IN_BAND_DIFFERENCE,
NAT-live(c5ee3b1),PEARL_SOUTH_PACIFIC,Pacific Harbour,minibus,airport -> destination (arrival),one-way,day 10:00,none,299,269,269,269,269.56,269,true,false,IN_BAND_DIFFERENCE,
NAT-live(c5ee3b1),PEARL_SOUTH_PACIFIC,Pacific Harbour,minibus,airport -> destination (arrival),one-way,night 23:00,none,299,324,324,324,323.47,324,true,false,IN_BAND_DIFFERENCE,
NAT-live(c5ee3b1),PEARL_SOUTH_PACIFIC,Pacific Harbour,minibus,airport -> destination (arrival),one-way,day 10:00,child seat,299,276,276,276,276.56,276,true,false,IN_BAND_DIFFERENCE,
NAT-live(c5ee3b1),PEARL_SOUTH_PACIFIC,Pacific Harbour,minibus,airport -> destination (arrival),one-way,night 23:00,child seat,299,331,331,331,330.47,331,true,false,IN_BAND_DIFFERENCE,
NAT-live(c5ee3b1),PEARL_SOUTH_PACIFIC,Pacific Harbour,minibus,airport -> destination (arrival),return,day 10:00,none,299,499,499,499,499.19,499,true,false,IN_BAND_DIFFERENCE,
NAT-live(c5ee3b1),PEARL_SOUTH_PACIFIC,Pacific Harbour,minibus,airport -> destination (arrival),return,night 23:00,none,299,598,598,598,598.02,598,true,false,IN_BAND_DIFFERENCE,
NAT-live(c5ee3b1),PEARL_SOUTH_PACIFIC,Pacific Harbour,minibus,airport -> destination (arrival),return,day 10:00,child seat,299,507,507,507,506.19,507,true,false,IN_BAND_DIFFERENCE,
NAT-live(c5ee3b1),PEARL_SOUTH_PACIFIC,Pacific Harbour,minibus,airport -> destination (arrival),return,night 23:00,child seat,299,606,606,606,606.02,606,true,false,IN_BAND_DIFFERENCE,
NAT-live(c5ee3b1),UPRISING,Pacific Harbour,sedan,airport -> destination (arrival),one-way,day 10:00,none,199,179,179,179,178.95,179,true,false,IN_BAND_DIFFERENCE,
NAT-live(c5ee3b1),UPRISING,Pacific Harbour,sedan,airport -> destination (arrival),one-way,night 23:00,none,199,216,216,216,214.74,216,true,false,IN_BAND_DIFFERENCE,
NAT-live(c5ee3b1),UPRISING,Pacific Harbour,sedan,airport -> destination (arrival),one-way,day 10:00,child seat,199,186,186,186,185.95,186,true,false,IN_BAND_DIFFERENCE,
NAT-live(c5ee3b1),UPRISING,Pacific Harbour,sedan,airport -> destination (arrival),one-way,night 23:00,child seat,199,223,223,223,221.74,223,true,false,IN_BAND_DIFFERENCE,
NAT-live(c5ee3b1),UPRISING,Pacific Harbour,sedan,airport -> destination (arrival),return,day 10:00,none,199,333,333,333,331.06,333,true,false,IN_BAND_DIFFERENCE,
NAT-live(c5ee3b1),UPRISING,Pacific Harbour,sedan,airport -> destination (arrival),return,night 23:00,none,199,400,400,400,397.67,400,true,false,IN_BAND_DIFFERENCE,
NAT-live(c5ee3b1),UPRISING,Pacific Harbour,sedan,airport -> destination (arrival),return,day 10:00,child seat,199,340,340,340,338.06,340,true,false,IN_BAND_DIFFERENCE,
NAT-live(c5ee3b1),UPRISING,Pacific Harbour,sedan,airport -> destination (arrival),return,night 23:00,child seat,199,408,408,408,404.67,408,true,false,IN_BAND_DIFFERENCE,
NAT-live(c5ee3b1),UPRISING,Pacific Harbour,minivan,airport -> destination (arrival),one-way,day 10:00,none,269,242,242,242,239.56,242,true,false,IN_BAND_DIFFERENCE,
NAT-live(c5ee3b1),UPRISING,Pacific Harbour,minivan,airport -> destination (arrival),one-way,night 23:00,none,269,292,292,292,287.87,292,true,false,IN_BAND_DIFFERENCE,
NAT-live(c5ee3b1),UPRISING,Pacific Harbour,minivan,airport -> destination (arrival),one-way,day 10:00,child seat,269,249,249,249,247.56,249,true,false,IN_BAND_DIFFERENCE,
NAT-live(c5ee3b1),UPRISING,Pacific Harbour,minivan,airport -> destination (arrival),one-way,night 23:00,child seat,269,300,300,300,294.87,300,true,false,IN_BAND_DIFFERENCE,
NAT-live(c5ee3b1),UPRISING,Pacific Harbour,minivan,airport -> destination (arrival),return,day 10:00,none,269,450,450,450,444.14,450,true,false,IN_BAND_DIFFERENCE,
NAT-live(c5ee3b1),UPRISING,Pacific Harbour,minivan,airport -> destination (arrival),return,night 23:00,none,269,540,540,540,532.76,540,true,false,IN_BAND_DIFFERENCE,
NAT-live(c5ee3b1),UPRISING,Pacific Harbour,minivan,airport -> destination (arrival),return,day 10:00,child seat,269,457,457,457,451.14,457,true,false,IN_BAND_DIFFERENCE,
NAT-live(c5ee3b1),UPRISING,Pacific Harbour,minivan,airport -> destination (arrival),return,night 23:00,child seat,269,547,547,547,539.76,547,true,false,IN_BAND_DIFFERENCE,
NAT-live(c5ee3b1),UPRISING,Pacific Harbour,minibus,airport -> destination (arrival),one-way,day 10:00,none,299,269,269,269,269.56,269,true,false,IN_BAND_DIFFERENCE,
NAT-live(c5ee3b1),UPRISING,Pacific Harbour,minibus,airport -> destination (arrival),one-way,night 23:00,none,299,324,324,324,323.47,324,true,false,IN_BAND_DIFFERENCE,
NAT-live(c5ee3b1),UPRISING,Pacific Harbour,minibus,airport -> destination (arrival),one-way,day 10:00,child seat,299,276,276,276,276.56,276,true,false,IN_BAND_DIFFERENCE,
NAT-live(c5ee3b1),UPRISING,Pacific Harbour,minibus,airport -> destination (arrival),one-way,night 23:00,child seat,299,331,331,331,330.47,331,true,false,IN_BAND_DIFFERENCE,
NAT-live(c5ee3b1),UPRISING,Pacific Harbour,minibus,airport -> destination (arrival),return,day 10:00,none,299,499,499,499,499.19,499,true,false,IN_BAND_DIFFERENCE,
NAT-live(c5ee3b1),UPRISING,Pacific Harbour,minibus,airport -> destination (arrival),return,night 23:00,none,299,598,598,598,598.02,598,true,false,IN_BAND_DIFFERENCE,
NAT-live(c5ee3b1),UPRISING,Pacific Harbour,minibus,airport -> destination (arrival),return,day 10:00,child seat,299,507,507,507,506.19,507,true,false,IN_BAND_DIFFERENCE,
NAT-live(c5ee3b1),UPRISING,Pacific Harbour,minibus,airport -> destination (arrival),return,night 23:00,child seat,299,606,606,606,606.02,606,true,false,IN_BAND_DIFFERENCE,
NAT-live(c5ee3b1),NANUKU_RESORT,Pacific Harbour,sedan,airport -> destination (arrival),one-way,day 10:00,none,199,179,179,179,178.95,179,true,false,IN_BAND_DIFFERENCE,
NAT-live(c5ee3b1),NANUKU_RESORT,Pacific Harbour,sedan,airport -> destination (arrival),one-way,night 23:00,none,199,216,216,216,214.74,216,true,false,IN_BAND_DIFFERENCE,
NAT-live(c5ee3b1),NANUKU_RESORT,Pacific Harbour,sedan,airport -> destination (arrival),one-way,day 10:00,child seat,199,186,186,186,185.95,186,true,false,IN_BAND_DIFFERENCE,
NAT-live(c5ee3b1),NANUKU_RESORT,Pacific Harbour,sedan,airport -> destination (arrival),one-way,night 23:00,child seat,199,223,223,223,221.74,223,true,false,IN_BAND_DIFFERENCE,
NAT-live(c5ee3b1),NANUKU_RESORT,Pacific Harbour,sedan,airport -> destination (arrival),return,day 10:00,none,199,333,333,333,331.06,333,true,false,IN_BAND_DIFFERENCE,
NAT-live(c5ee3b1),NANUKU_RESORT,Pacific Harbour,sedan,airport -> destination (arrival),return,night 23:00,none,199,400,400,400,397.67,400,true,false,IN_BAND_DIFFERENCE,
NAT-live(c5ee3b1),NANUKU_RESORT,Pacific Harbour,sedan,airport -> destination (arrival),return,day 10:00,child seat,199,340,340,340,338.06,340,true,false,IN_BAND_DIFFERENCE,
NAT-live(c5ee3b1),NANUKU_RESORT,Pacific Harbour,sedan,airport -> destination (arrival),return,night 23:00,child seat,199,408,408,408,404.67,408,true,false,IN_BAND_DIFFERENCE,
NAT-live(c5ee3b1),NANUKU_RESORT,Pacific Harbour,minivan,airport -> destination (arrival),one-way,day 10:00,none,269,242,242,242,239.56,242,true,false,IN_BAND_DIFFERENCE,
NAT-live(c5ee3b1),NANUKU_RESORT,Pacific Harbour,minivan,airport -> destination (arrival),one-way,night 23:00,none,269,292,292,292,287.87,292,true,false,IN_BAND_DIFFERENCE,
NAT-live(c5ee3b1),NANUKU_RESORT,Pacific Harbour,minivan,airport -> destination (arrival),one-way,day 10:00,child seat,269,249,249,249,247.56,249,true,false,IN_BAND_DIFFERENCE,
NAT-live(c5ee3b1),NANUKU_RESORT,Pacific Harbour,minivan,airport -> destination (arrival),one-way,night 23:00,child seat,269,300,300,300,294.87,300,true,false,IN_BAND_DIFFERENCE,
NAT-live(c5ee3b1),NANUKU_RESORT,Pacific Harbour,minivan,airport -> destination (arrival),return,day 10:00,none,269,450,450,450,444.14,450,true,false,IN_BAND_DIFFERENCE,
NAT-live(c5ee3b1),NANUKU_RESORT,Pacific Harbour,minivan,airport -> destination (arrival),return,night 23:00,none,269,540,540,540,532.76,540,true,false,IN_BAND_DIFFERENCE,
NAT-live(c5ee3b1),NANUKU_RESORT,Pacific Harbour,minivan,airport -> destination (arrival),return,day 10:00,child seat,269,457,457,457,451.14,457,true,false,IN_BAND_DIFFERENCE,
NAT-live(c5ee3b1),NANUKU_RESORT,Pacific Harbour,minivan,airport -> destination (arrival),return,night 23:00,child seat,269,547,547,547,539.76,547,true,false,IN_BAND_DIFFERENCE,
NAT-live(c5ee3b1),NANUKU_RESORT,Pacific Harbour,minibus,airport -> destination (arrival),one-way,day 10:00,none,299,269,269,269,269.56,269,true,false,IN_BAND_DIFFERENCE,
NAT-live(c5ee3b1),NANUKU_RESORT,Pacific Harbour,minibus,airport -> destination (arrival),one-way,night 23:00,none,299,324,324,324,323.47,324,true,false,IN_BAND_DIFFERENCE,
NAT-live(c5ee3b1),NANUKU_RESORT,Pacific Harbour,minibus,airport -> destination (arrival),one-way,day 10:00,child seat,299,276,276,276,276.56,276,true,false,IN_BAND_DIFFERENCE,
NAT-live(c5ee3b1),NANUKU_RESORT,Pacific Harbour,minibus,airport -> destination (arrival),one-way,night 23:00,child seat,299,331,331,331,330.47,331,true,false,IN_BAND_DIFFERENCE,
NAT-live(c5ee3b1),NANUKU_RESORT,Pacific Harbour,minibus,airport -> destination (arrival),return,day 10:00,none,299,499,499,499,499.19,499,true,false,IN_BAND_DIFFERENCE,
NAT-live(c5ee3b1),NANUKU_RESORT,Pacific Harbour,minibus,airport -> destination (arrival),return,night 23:00,none,299,598,598,598,598.02,598,true,false,IN_BAND_DIFFERENCE,
NAT-live(c5ee3b1),NANUKU_RESORT,Pacific Harbour,minibus,airport -> destination (arrival),return,day 10:00,child seat,299,507,507,507,506.19,507,true,false,IN_BAND_DIFFERENCE,
NAT-live(c5ee3b1),NANUKU_RESORT,Pacific Harbour,minibus,airport -> destination (arrival),return,night 23:00,child seat,299,606,606,606,606.02,606,true,false,IN_BAND_DIFFERENCE,
NAT-live(c5ee3b1),BA_HOTEL,Ba,sedan,airport -> destination (arrival),one-way,day 10:00,none,169,152,152,152,154.45,152,true,false,IN_BAND_DIFFERENCE,
NAT-live(c5ee3b1),BA_HOTEL,Ba,sedan,airport -> destination (arrival),one-way,night 23:00,none,169,184,184,184,184.74,184,true,false,IN_BAND_DIFFERENCE,
NAT-live(c5ee3b1),BA_HOTEL,Ba,sedan,airport -> destination (arrival),one-way,day 10:00,child seat,169,159,159,159,161.45,159,true,false,IN_BAND_DIFFERENCE,
NAT-live(c5ee3b1),BA_HOTEL,Ba,sedan,airport -> destination (arrival),one-way,night 23:00,child seat,169,192,192,192,192.74,192,true,false,IN_BAND_DIFFERENCE,
NAT-live(c5ee3b1),BA_HOTEL,Ba,sedan,airport -> destination (arrival),return,day 10:00,none,169,283,283,283,285.18,283,true,false,IN_BAND_DIFFERENCE,
NAT-live(c5ee3b1),BA_HOTEL,Ba,sedan,airport -> destination (arrival),return,night 23:00,none,169,342,342,342,342.62,342,true,false,IN_BAND_DIFFERENCE,
NAT-live(c5ee3b1),BA_HOTEL,Ba,sedan,airport -> destination (arrival),return,day 10:00,child seat,169,291,291,291,292.18,291,true,false,IN_BAND_DIFFERENCE,
NAT-live(c5ee3b1),BA_HOTEL,Ba,sedan,airport -> destination (arrival),return,night 23:00,child seat,169,349,349,349,349.62,349,true,false,IN_BAND_DIFFERENCE,
NAT-live(c5ee3b1),BA_HOTEL,Ba,minivan,airport -> destination (arrival),one-way,day 10:00,none,199,179,179,179,194.05,179,true,false,IN_BAND_DIFFERENCE,
NAT-live(c5ee3b1),BA_HOTEL,Ba,minivan,airport -> destination (arrival),one-way,night 23:00,none,199,216,216,216,233.26,216,true,false,IN_BAND_DIFFERENCE,
NAT-live(c5ee3b1),BA_HOTEL,Ba,minivan,airport -> destination (arrival),one-way,day 10:00,child seat,199,186,186,186,202.05,186,true,false,IN_BAND_DIFFERENCE,
NAT-live(c5ee3b1),BA_HOTEL,Ba,minivan,airport -> destination (arrival),one-way,night 23:00,child seat,199,223,223,223,240.26,223,true,false,IN_BAND_DIFFERENCE,
NAT-live(c5ee3b1),BA_HOTEL,Ba,minivan,airport -> destination (arrival),return,day 10:00,none,199,333,333,333,359.69,333,true,false,IN_BAND_DIFFERENCE,
NAT-live(c5ee3b1),BA_HOTEL,Ba,minivan,airport -> destination (arrival),return,night 23:00,none,199,400,400,400,431.63,400,true,false,IN_BAND_DIFFERENCE,
NAT-live(c5ee3b1),BA_HOTEL,Ba,minivan,airport -> destination (arrival),return,day 10:00,child seat,199,340,340,340,366.69,340,true,false,IN_BAND_DIFFERENCE,
NAT-live(c5ee3b1),BA_HOTEL,Ba,minivan,airport -> destination (arrival),return,night 23:00,child seat,199,408,408,408,438.63,408,true,false,IN_BAND_DIFFERENCE,
NAT-live(c5ee3b1),BA_HOTEL,Ba,minibus,airport -> destination (arrival),one-way,day 10:00,none,249,224,224,224,242.12,224,true,false,IN_BAND_DIFFERENCE,
NAT-live(c5ee3b1),BA_HOTEL,Ba,minibus,airport -> destination (arrival),one-way,night 23:00,none,249,270,270,270,290.94,270,true,false,IN_BAND_DIFFERENCE,
NAT-live(c5ee3b1),BA_HOTEL,Ba,minibus,airport -> destination (arrival),one-way,day 10:00,child seat,249,231,231,231,249.12,231,true,false,IN_BAND_DIFFERENCE,
NAT-live(c5ee3b1),BA_HOTEL,Ba,minibus,airport -> destination (arrival),one-way,night 23:00,child seat,249,277,277,277,297.94,277,true,false,IN_BAND_DIFFERENCE,
NAT-live(c5ee3b1),BA_HOTEL,Ba,minibus,airport -> destination (arrival),return,day 10:00,none,249,418,418,418,447.87,418,true,false,IN_BAND_DIFFERENCE,
NAT-live(c5ee3b1),BA_HOTEL,Ba,minibus,airport -> destination (arrival),return,night 23:00,none,249,499,499,499,537.45,499,true,false,IN_BAND_DIFFERENCE,
NAT-live(c5ee3b1),BA_HOTEL,Ba,minibus,airport -> destination (arrival),return,day 10:00,child seat,249,426,426,426,454.87,426,true,false,IN_BAND_DIFFERENCE,
NAT-live(c5ee3b1),BA_HOTEL,Ba,minibus,airport -> destination (arrival),return,night 23:00,child seat,249,507,507,507,544.45,507,true,false,IN_BAND_DIFFERENCE,
NAT-live(c5ee3b1),VOLIVOLI_BEACH,Rakiraki,sedan,airport -> destination (arrival),one-way,day 10:00,none,249,224,224,224,220.59,224,true,false,IN_BAND_DIFFERENCE,
NAT-live(c5ee3b1),VOLIVOLI_BEACH,Rakiraki,sedan,airport -> destination (arrival),one-way,night 23:00,none,249,270,270,270,265.71,270,true,false,IN_BAND_DIFFERENCE,
NAT-live(c5ee3b1),VOLIVOLI_BEACH,Rakiraki,sedan,airport -> destination (arrival),one-way,day 10:00,child seat,249,231,231,231,228.59,231,true,false,IN_BAND_DIFFERENCE,
NAT-live(c5ee3b1),VOLIVOLI_BEACH,Rakiraki,sedan,airport -> destination (arrival),one-way,night 23:00,child seat,249,277,277,277,272.71,277,true,false,IN_BAND_DIFFERENCE,
NAT-live(c5ee3b1),VOLIVOLI_BEACH,Rakiraki,sedan,airport -> destination (arrival),return,day 10:00,none,249,418,418,418,409.34,418,true,false,IN_BAND_DIFFERENCE,
NAT-live(c5ee3b1),VOLIVOLI_BEACH,Rakiraki,sedan,airport -> destination (arrival),return,night 23:00,none,249,499,499,499,490.21,499,true,false,IN_BAND_DIFFERENCE,
NAT-live(c5ee3b1),VOLIVOLI_BEACH,Rakiraki,sedan,airport -> destination (arrival),return,day 10:00,child seat,249,426,426,426,416.34,426,true,false,IN_BAND_DIFFERENCE,
NAT-live(c5ee3b1),VOLIVOLI_BEACH,Rakiraki,sedan,airport -> destination (arrival),return,night 23:00,child seat,249,507,507,507,498.21,507,true,false,IN_BAND_DIFFERENCE,
NAT-live(c5ee3b1),VOLIVOLI_BEACH,Rakiraki,minivan,airport -> destination (arrival),one-way,day 10:00,none,299,269,269,269,290.72,269,true,false,IN_BAND_DIFFERENCE,
NAT-live(c5ee3b1),VOLIVOLI_BEACH,Rakiraki,minivan,airport -> destination (arrival),one-way,night 23:00,none,299,324,324,324,348.26,324,true,false,IN_BAND_DIFFERENCE,
NAT-live(c5ee3b1),VOLIVOLI_BEACH,Rakiraki,minivan,airport -> destination (arrival),one-way,day 10:00,child seat,299,276,276,276,297.72,276,true,false,IN_BAND_DIFFERENCE,
NAT-live(c5ee3b1),VOLIVOLI_BEACH,Rakiraki,minivan,airport -> destination (arrival),one-way,night 23:00,child seat,299,331,331,331,355.26,331,true,false,IN_BAND_DIFFERENCE,
NAT-live(c5ee3b1),VOLIVOLI_BEACH,Rakiraki,minivan,airport -> destination (arrival),return,day 10:00,none,299,499,499,499,537.03,499,true,false,IN_BAND_DIFFERENCE,
NAT-live(c5ee3b1),VOLIVOLI_BEACH,Rakiraki,minivan,airport -> destination (arrival),return,night 23:00,none,299,598,598,598,644.44,598,true,false,IN_BAND_DIFFERENCE,
NAT-live(c5ee3b1),VOLIVOLI_BEACH,Rakiraki,minivan,airport -> destination (arrival),return,day 10:00,child seat,299,507,507,507,544.03,507,true,false,IN_BAND_DIFFERENCE,
NAT-live(c5ee3b1),VOLIVOLI_BEACH,Rakiraki,minivan,airport -> destination (arrival),return,night 23:00,child seat,299,606,606,606,652.44,606,true,false,IN_BAND_DIFFERENCE,
NAT-live(c5ee3b1),VOLIVOLI_BEACH,Rakiraki,minibus,airport -> destination (arrival),one-way,day 10:00,none,349,314,314,314,335.44,314,true,false,IN_BAND_DIFFERENCE,
NAT-live(c5ee3b1),VOLIVOLI_BEACH,Rakiraki,minibus,airport -> destination (arrival),one-way,night 23:00,none,349,378,378,378,401.93,378,true,false,IN_BAND_DIFFERENCE,
NAT-live(c5ee3b1),VOLIVOLI_BEACH,Rakiraki,minibus,airport -> destination (arrival),one-way,day 10:00,child seat,349,321,321,321,342.44,321,true,false,IN_BAND_DIFFERENCE,
NAT-live(c5ee3b1),VOLIVOLI_BEACH,Rakiraki,minibus,airport -> destination (arrival),one-way,night 23:00,child seat,349,385,385,385,409.93,385,true,false,IN_BAND_DIFFERENCE,
NAT-live(c5ee3b1),VOLIVOLI_BEACH,Rakiraki,minibus,airport -> destination (arrival),return,day 10:00,none,349,585,585,585,620.01,585,true,false,IN_BAND_DIFFERENCE,
NAT-live(c5ee3b1),VOLIVOLI_BEACH,Rakiraki,minibus,airport -> destination (arrival),return,night 23:00,none,349,697,697,697,743.82,697,true,false,IN_BAND_DIFFERENCE,
NAT-live(c5ee3b1),VOLIVOLI_BEACH,Rakiraki,minibus,airport -> destination (arrival),return,day 10:00,child seat,349,592,592,592,627.01,592,true,false,IN_BAND_DIFFERENCE,
NAT-live(c5ee3b1),VOLIVOLI_BEACH,Rakiraki,minibus,airport -> destination (arrival),return,night 23:00,child seat,349,705,705,705,751.82,705,true,false,IN_BAND_DIFFERENCE,
NAT-live(c5ee3b1),GRAND_PACIFIC,Suva,sedan,airport -> destination (arrival),one-way,day 10:00,none,319,287,287,287,283.75,287,true,false,IN_BAND_DIFFERENCE,
NAT-live(c5ee3b1),GRAND_PACIFIC,Suva,sedan,airport -> destination (arrival),one-way,night 23:00,none,319,346,346,346,339.7,346,true,false,IN_BAND_DIFFERENCE,
NAT-live(c5ee3b1),GRAND_PACIFIC,Suva,sedan,airport -> destination (arrival),one-way,day 10:00,child seat,319,294,294,294,290.75,294,true,false,IN_BAND_DIFFERENCE,
NAT-live(c5ee3b1),GRAND_PACIFIC,Suva,sedan,airport -> destination (arrival),one-way,night 23:00,child seat,319,354,354,354,346.7,354,true,false,IN_BAND_DIFFERENCE,
NAT-live(c5ee3b1),GRAND_PACIFIC,Suva,sedan,airport -> destination (arrival),return,day 10:00,none,319,535,535,535,524.29,535,true,false,IN_BAND_DIFFERENCE,
NAT-live(c5ee3b1),GRAND_PACIFIC,Suva,sedan,airport -> destination (arrival),return,night 23:00,none,319,639,639,639,628.75,639,true,false,IN_BAND_DIFFERENCE,
NAT-live(c5ee3b1),GRAND_PACIFIC,Suva,sedan,airport -> destination (arrival),return,day 10:00,child seat,319,543,543,543,531.29,543,true,false,IN_BAND_DIFFERENCE,
NAT-live(c5ee3b1),GRAND_PACIFIC,Suva,sedan,airport -> destination (arrival),return,night 23:00,child seat,319,646,646,646,635.75,646,true,false,IN_BAND_DIFFERENCE,
NAT-live(c5ee3b1),GRAND_PACIFIC,Suva,minivan,airport -> destination (arrival),one-way,day 10:00,none,369,332,332,332,321.92,332,true,false,IN_BAND_DIFFERENCE,
NAT-live(c5ee3b1),GRAND_PACIFIC,Suva,minivan,airport -> destination (arrival),one-way,night 23:00,none,369,400,400,400,386.5,400,true,false,IN_BAND_DIFFERENCE,
NAT-live(c5ee3b1),GRAND_PACIFIC,Suva,minivan,airport -> destination (arrival),one-way,day 10:00,child seat,369,339,339,339,328.92,339,true,false,IN_BAND_DIFFERENCE,
NAT-live(c5ee3b1),GRAND_PACIFIC,Suva,minivan,airport -> destination (arrival),one-way,night 23:00,child seat,369,408,408,408,393.5,408,true,false,IN_BAND_DIFFERENCE,
NAT-live(c5ee3b1),GRAND_PACIFIC,Suva,minivan,airport -> destination (arrival),return,day 10:00,none,369,616,616,616,596.15,616,true,false,IN_BAND_DIFFERENCE,
NAT-live(c5ee3b1),GRAND_PACIFIC,Suva,minivan,airport -> destination (arrival),return,night 23:00,none,369,738,738,738,715.58,738,true,false,IN_BAND_DIFFERENCE,
NAT-live(c5ee3b1),GRAND_PACIFIC,Suva,minivan,airport -> destination (arrival),return,day 10:00,child seat,369,624,624,624,603.15,624,true,false,IN_BAND_DIFFERENCE,
NAT-live(c5ee3b1),GRAND_PACIFIC,Suva,minivan,airport -> destination (arrival),return,night 23:00,child seat,369,745,745,745,722.58,745,true,false,IN_BAND_DIFFERENCE,
NAT-live(c5ee3b1),GRAND_PACIFIC,Suva,minibus,airport -> destination (arrival),one-way,day 10:00,none,499,449,449,449,445.75,449,true,false,IN_BAND_DIFFERENCE,
NAT-live(c5ee3b1),GRAND_PACIFIC,Suva,minibus,airport -> destination (arrival),one-way,night 23:00,none,499,540,540,540,534.7,540,true,false,IN_BAND_DIFFERENCE,
NAT-live(c5ee3b1),GRAND_PACIFIC,Suva,minibus,airport -> destination (arrival),one-way,day 10:00,child seat,499,456,456,456,452.75,456,true,false,IN_BAND_DIFFERENCE,
NAT-live(c5ee3b1),GRAND_PACIFIC,Suva,minibus,airport -> destination (arrival),one-way,night 23:00,child seat,499,547,547,547,541.7,547,true,false,IN_BAND_DIFFERENCE,
NAT-live(c5ee3b1),GRAND_PACIFIC,Suva,minibus,airport -> destination (arrival),return,day 10:00,none,499,832,832,832,823.29,832,true,false,IN_BAND_DIFFERENCE,
NAT-live(c5ee3b1),GRAND_PACIFIC,Suva,minibus,airport -> destination (arrival),return,night 23:00,none,499,999,999,999,988.35,999,true,false,IN_BAND_DIFFERENCE,
NAT-live(c5ee3b1),GRAND_PACIFIC,Suva,minibus,airport -> destination (arrival),return,day 10:00,child seat,499,840,840,840,831.29,840,true,false,IN_BAND_DIFFERENCE,
NAT-live(c5ee3b1),GRAND_PACIFIC,Suva,minibus,airport -> destination (arrival),return,night 23:00,child seat,499,1006,1006,1006,995.35,1006,true,false,IN_BAND_DIFFERENCE,
NAT-live(c5ee3b1),TANOA_PLAZA_SUVA,Suva,sedan,airport -> destination (arrival),one-way,day 10:00,none,319,287,287,287,283.75,287,true,false,IN_BAND_DIFFERENCE,
NAT-live(c5ee3b1),TANOA_PLAZA_SUVA,Suva,sedan,airport -> destination (arrival),one-way,night 23:00,none,319,346,346,346,339.7,346,true,false,IN_BAND_DIFFERENCE,
NAT-live(c5ee3b1),TANOA_PLAZA_SUVA,Suva,sedan,airport -> destination (arrival),one-way,day 10:00,child seat,319,294,294,294,290.75,294,true,false,IN_BAND_DIFFERENCE,
NAT-live(c5ee3b1),TANOA_PLAZA_SUVA,Suva,sedan,airport -> destination (arrival),one-way,night 23:00,child seat,319,354,354,354,346.7,354,true,false,IN_BAND_DIFFERENCE,
NAT-live(c5ee3b1),TANOA_PLAZA_SUVA,Suva,sedan,airport -> destination (arrival),return,day 10:00,none,319,535,535,535,524.29,535,true,false,IN_BAND_DIFFERENCE,
NAT-live(c5ee3b1),TANOA_PLAZA_SUVA,Suva,sedan,airport -> destination (arrival),return,night 23:00,none,319,639,639,639,628.75,639,true,false,IN_BAND_DIFFERENCE,
NAT-live(c5ee3b1),TANOA_PLAZA_SUVA,Suva,sedan,airport -> destination (arrival),return,day 10:00,child seat,319,543,543,543,531.29,543,true,false,IN_BAND_DIFFERENCE,
NAT-live(c5ee3b1),TANOA_PLAZA_SUVA,Suva,sedan,airport -> destination (arrival),return,night 23:00,child seat,319,646,646,646,635.75,646,true,false,IN_BAND_DIFFERENCE,
NAT-live(c5ee3b1),TANOA_PLAZA_SUVA,Suva,minivan,airport -> destination (arrival),one-way,day 10:00,none,369,332,332,332,321.92,332,true,false,IN_BAND_DIFFERENCE,
NAT-live(c5ee3b1),TANOA_PLAZA_SUVA,Suva,minivan,airport -> destination (arrival),one-way,night 23:00,none,369,400,400,400,386.5,400,true,false,IN_BAND_DIFFERENCE,
NAT-live(c5ee3b1),TANOA_PLAZA_SUVA,Suva,minivan,airport -> destination (arrival),one-way,day 10:00,child seat,369,339,339,339,328.92,339,true,false,IN_BAND_DIFFERENCE,
NAT-live(c5ee3b1),TANOA_PLAZA_SUVA,Suva,minivan,airport -> destination (arrival),one-way,night 23:00,child seat,369,408,408,408,393.5,408,true,false,IN_BAND_DIFFERENCE,
NAT-live(c5ee3b1),TANOA_PLAZA_SUVA,Suva,minivan,airport -> destination (arrival),return,day 10:00,none,369,616,616,616,596.15,616,true,false,IN_BAND_DIFFERENCE,
NAT-live(c5ee3b1),TANOA_PLAZA_SUVA,Suva,minivan,airport -> destination (arrival),return,night 23:00,none,369,738,738,738,715.58,738,true,false,IN_BAND_DIFFERENCE,
NAT-live(c5ee3b1),TANOA_PLAZA_SUVA,Suva,minivan,airport -> destination (arrival),return,day 10:00,child seat,369,624,624,624,603.15,624,true,false,IN_BAND_DIFFERENCE,
NAT-live(c5ee3b1),TANOA_PLAZA_SUVA,Suva,minivan,airport -> destination (arrival),return,night 23:00,child seat,369,745,745,745,722.58,745,true,false,IN_BAND_DIFFERENCE,
NAT-live(c5ee3b1),TANOA_PLAZA_SUVA,Suva,minibus,airport -> destination (arrival),one-way,day 10:00,none,499,449,449,449,445.75,449,true,false,IN_BAND_DIFFERENCE,
NAT-live(c5ee3b1),TANOA_PLAZA_SUVA,Suva,minibus,airport -> destination (arrival),one-way,night 23:00,none,499,540,540,540,534.7,540,true,false,IN_BAND_DIFFERENCE,
NAT-live(c5ee3b1),TANOA_PLAZA_SUVA,Suva,minibus,airport -> destination (arrival),one-way,day 10:00,child seat,499,456,456,456,452.75,456,true,false,IN_BAND_DIFFERENCE,
NAT-live(c5ee3b1),TANOA_PLAZA_SUVA,Suva,minibus,airport -> destination (arrival),one-way,night 23:00,child seat,499,547,547,547,541.7,547,true,false,IN_BAND_DIFFERENCE,
NAT-live(c5ee3b1),TANOA_PLAZA_SUVA,Suva,minibus,airport -> destination (arrival),return,day 10:00,none,499,832,832,832,823.29,832,true,false,IN_BAND_DIFFERENCE,
NAT-live(c5ee3b1),TANOA_PLAZA_SUVA,Suva,minibus,airport -> destination (arrival),return,night 23:00,none,499,999,999,999,988.35,999,true,false,IN_BAND_DIFFERENCE,
NAT-live(c5ee3b1),TANOA_PLAZA_SUVA,Suva,minibus,airport -> destination (arrival),return,day 10:00,child seat,499,840,840,840,831.29,840,true,false,IN_BAND_DIFFERENCE,
NAT-live(c5ee3b1),TANOA_PLAZA_SUVA,Suva,minibus,airport -> destination (arrival),return,night 23:00,child seat,499,1006,1006,1006,995.35,1006,true,false,IN_BAND_DIFFERENCE,
NAT-live(c5ee3b1),NAUSORI_AIRPORT,Nausori,sedan,airport -> destination (arrival),one-way,day 10:00,none,369,332,332,332,321.35,332,true,false,IN_BAND_DIFFERENCE,
NAT-live(c5ee3b1),NAUSORI_AIRPORT,Nausori,sedan,airport -> destination (arrival),one-way,night 23:00,none,369,400,400,400,385.82,400,true,false,IN_BAND_DIFFERENCE,
NAT-live(c5ee3b1),NAUSORI_AIRPORT,Nausori,sedan,airport -> destination (arrival),one-way,day 10:00,child seat,369,339,339,339,328.35,339,true,false,IN_BAND_DIFFERENCE,
NAT-live(c5ee3b1),NAUSORI_AIRPORT,Nausori,sedan,airport -> destination (arrival),one-way,night 23:00,child seat,369,408,408,408,392.82,408,true,false,IN_BAND_DIFFERENCE,
NAT-live(c5ee3b1),NAUSORI_AIRPORT,Nausori,sedan,airport -> destination (arrival),return,day 10:00,none,369,616,616,616,595.1,616,true,false,IN_BAND_DIFFERENCE,
NAT-live(c5ee3b1),NAUSORI_AIRPORT,Nausori,sedan,airport -> destination (arrival),return,night 23:00,none,369,738,738,738,714.32,738,true,false,IN_BAND_DIFFERENCE,
NAT-live(c5ee3b1),NAUSORI_AIRPORT,Nausori,sedan,airport -> destination (arrival),return,day 10:00,child seat,369,624,624,624,602.1,624,true,false,IN_BAND_DIFFERENCE,
NAT-live(c5ee3b1),NAUSORI_AIRPORT,Nausori,sedan,airport -> destination (arrival),return,night 23:00,child seat,369,745,745,745,721.32,745,true,false,IN_BAND_DIFFERENCE,
NAT-live(c5ee3b1),NAUSORI_AIRPORT,Nausori,minivan,airport -> destination (arrival),one-way,day 10:00,none,499,449,449,449,421.69,449,true,false,IN_BAND_DIFFERENCE,
NAT-live(c5ee3b1),NAUSORI_AIRPORT,Nausori,minivan,airport -> destination (arrival),one-way,night 23:00,none,499,540,540,540,506.43,540,true,false,IN_BAND_DIFFERENCE,
NAT-live(c5ee3b1),NAUSORI_AIRPORT,Nausori,minivan,airport -> destination (arrival),one-way,day 10:00,child seat,499,456,456,456,428.69,456,true,false,IN_BAND_DIFFERENCE,
NAT-live(c5ee3b1),NAUSORI_AIRPORT,Nausori,minivan,airport -> destination (arrival),one-way,night 23:00,child seat,499,547,547,547,513.43,547,true,false,IN_BAND_DIFFERENCE,
NAT-live(c5ee3b1),NAUSORI_AIRPORT,Nausori,minivan,airport -> destination (arrival),return,day 10:00,none,499,832,832,832,780.08,832,true,false,IN_BAND_DIFFERENCE,
NAT-live(c5ee3b1),NAUSORI_AIRPORT,Nausori,minivan,airport -> destination (arrival),return,night 23:00,none,499,999,999,999,936.49,999,true,false,IN_BAND_DIFFERENCE,
NAT-live(c5ee3b1),NAUSORI_AIRPORT,Nausori,minivan,airport -> destination (arrival),return,day 10:00,child seat,499,840,840,840,787.08,840,true,false,IN_BAND_DIFFERENCE,
NAT-live(c5ee3b1),NAUSORI_AIRPORT,Nausori,minivan,airport -> destination (arrival),return,night 23:00,child seat,499,1006,1006,1006,943.49,1006,true,false,IN_BAND_DIFFERENCE,
NAT-live(c5ee3b1),NAUSORI_AIRPORT,Nausori,minibus,airport -> destination (arrival),one-way,day 10:00,none,549,494,494,494,483.35,494,true,false,IN_BAND_DIFFERENCE,
NAT-live(c5ee3b1),NAUSORI_AIRPORT,Nausori,minibus,airport -> destination (arrival),one-way,night 23:00,none,549,594,594,594,580.82,594,true,false,IN_BAND_DIFFERENCE,
NAT-live(c5ee3b1),NAUSORI_AIRPORT,Nausori,minibus,airport -> destination (arrival),one-way,day 10:00,child seat,549,501,501,501,490.35,501,true,false,IN_BAND_DIFFERENCE,
NAT-live(c5ee3b1),NAUSORI_AIRPORT,Nausori,minibus,airport -> destination (arrival),one-way,night 23:00,child seat,549,601,601,601,587.82,601,true,false,IN_BAND_DIFFERENCE,
NAT-live(c5ee3b1),NAUSORI_AIRPORT,Nausori,minibus,airport -> destination (arrival),return,day 10:00,none,549,918,918,918,895.1,918,true,false,IN_BAND_DIFFERENCE,
NAT-live(c5ee3b1),NAUSORI_AIRPORT,Nausori,minibus,airport -> destination (arrival),return,night 23:00,none,549,1098,1098,1098,1073.92,1098,true,false,IN_BAND_DIFFERENCE,
NAT-live(c5ee3b1),NAUSORI_AIRPORT,Nausori,minibus,airport -> destination (arrival),return,day 10:00,child seat,549,925,925,925,902.1,925,true,false,IN_BAND_DIFFERENCE,
NAT-live(c5ee3b1),NAUSORI_AIRPORT,Nausori,minibus,airport -> destination (arrival),return,night 23:00,child seat,549,1105,1105,1105,1080.92,1105,true,false,IN_BAND_DIFFERENCE,
FD-prod(8c6f920),NADI_DOWNTOWN,Nadi,sedan,airport -> destination (arrival),one-way,day 10:00,none,19,19,30.15,30.15,30.15,30.15,true,true,MATCH,
FD-prod(8c6f920),NADI_DOWNTOWN,Nadi,sedan,airport -> destination (arrival),one-way,night 23:00,none,19,25,30.15,30.15,36.18,30.15,true,true,IN_BAND_DIFFERENCE,
FD-prod(8c6f920),NADI_DOWNTOWN,Nadi,sedan,airport -> destination (arrival),one-way,day 10:00,child seat,19,27,38.15,38.15,38.15,38.15,true,true,MATCH,
FD-prod(8c6f920),NADI_DOWNTOWN,Nadi,sedan,airport -> destination (arrival),one-way,night 23:00,child seat,19,33,38.15,38.15,44.18,38.15,true,true,IN_BAND_DIFFERENCE,
FD-prod(8c6f920),NADI_DOWNTOWN,Nadi,sedan,airport -> destination (arrival),return,day 10:00,none,19,40,49.78,49.78,49.78,49.78,true,true,MATCH,
FD-prod(8c6f920),NADI_DOWNTOWN,Nadi,sedan,airport -> destination (arrival),return,night 23:00,none,19,45,49.78,49.78,59.93,49.78,true,true,IN_BAND_DIFFERENCE,
FD-prod(8c6f920),NADI_DOWNTOWN,Nadi,sedan,airport -> destination (arrival),return,day 10:00,child seat,19,48,57.78,57.78,57.78,57.78,true,true,MATCH,
FD-prod(8c6f920),NADI_DOWNTOWN,Nadi,sedan,airport -> destination (arrival),return,night 23:00,child seat,19,48,57.78,57.78,67.93,57.78,true,true,IN_BAND_DIFFERENCE,
FD-prod(8c6f920),NADI_DOWNTOWN,Nadi,minivan,airport -> destination (arrival),one-way,day 10:00,none,49,49,46.42,46.42,46.42,46.42,true,true,MATCH,
FD-prod(8c6f920),NADI_DOWNTOWN,Nadi,minivan,airport -> destination (arrival),one-way,night 23:00,none,49,54,46.42,46.42,55.7,46.42,true,true,IN_BAND_DIFFERENCE,
FD-prod(8c6f920),NADI_DOWNTOWN,Nadi,minivan,airport -> destination (arrival),one-way,day 10:00,child seat,49,51,53.42,53.42,53.42,53.42,true,true,MATCH,
FD-prod(8c6f920),NADI_DOWNTOWN,Nadi,minivan,airport -> destination (arrival),one-way,night 23:00,child seat,49,61,53.42,53.42,62.7,53.42,true,true,IN_BAND_DIFFERENCE,
FD-prod(8c6f920),NADI_DOWNTOWN,Nadi,minivan,airport -> destination (arrival),return,day 10:00,none,49,85,85.13,85.13,85.13,85.13,true,true,MATCH,
FD-prod(8c6f920),NADI_DOWNTOWN,Nadi,minivan,airport -> destination (arrival),return,night 23:00,none,49,99,85.13,85.13,103.15,85.13,true,true,IN_BAND_DIFFERENCE,
FD-prod(8c6f920),NADI_DOWNTOWN,Nadi,minivan,airport -> destination (arrival),return,day 10:00,child seat,49,93,93.13,93.13,93.13,93.13,true,true,MATCH,
FD-prod(8c6f920),NADI_DOWNTOWN,Nadi,minivan,airport -> destination (arrival),return,night 23:00,child seat,49,106,93.13,93.13,110.15,93.13,true,true,IN_BAND_DIFFERENCE,
FD-prod(8c6f920),NADI_DOWNTOWN,Nadi,minibus,airport -> destination (arrival),one-way,day 10:00,none,79,71,71.46,71.46,71.46,71.46,true,true,MATCH,
FD-prod(8c6f920),NADI_DOWNTOWN,Nadi,minibus,airport -> destination (arrival),one-way,night 23:00,none,79,85,71.46,71.46,85.35,71.46,true,true,IN_BAND_DIFFERENCE,
FD-prod(8c6f920),NADI_DOWNTOWN,Nadi,minibus,airport -> destination (arrival),one-way,day 10:00,child seat,79,78,78.46,78.46,78.46,78.46,true,true,MATCH,
FD-prod(8c6f920),NADI_DOWNTOWN,Nadi,minibus,airport -> destination (arrival),one-way,night 23:00,child seat,79,93,78.46,78.46,93.35,78.46,true,true,IN_BAND_DIFFERENCE,
FD-prod(8c6f920),NADI_DOWNTOWN,Nadi,minibus,airport -> destination (arrival),return,day 10:00,none,79,135,132,132,132,132,true,true,MATCH,
FD-prod(8c6f920),NADI_DOWNTOWN,Nadi,minibus,airport -> destination (arrival),return,night 23:00,none,79,162,132,132,158.4,132,true,true,IN_BAND_DIFFERENCE,
FD-prod(8c6f920),NADI_DOWNTOWN,Nadi,minibus,airport -> destination (arrival),return,day 10:00,child seat,79,142,139,139,139,139,true,true,MATCH,
FD-prod(8c6f920),NADI_DOWNTOWN,Nadi,minibus,airport -> destination (arrival),return,night 23:00,child seat,79,169,139,139,166.4,139,true,true,IN_BAND_DIFFERENCE,
FD-prod(8c6f920),TANOA_INTERNATIONAL,Nadi Airport,sedan,airport -> destination (arrival),one-way,day 10:00,none,15,15,15,15,,,,false,ZONE_NOT_IN_PRICING_DATA,
FD-prod(8c6f920),TANOA_INTERNATIONAL,Nadi Airport,sedan,airport -> destination (arrival),one-way,night 23:00,none,15,20,20,20,,,,false,ZONE_NOT_IN_PRICING_DATA,
FD-prod(8c6f920),TANOA_INTERNATIONAL,Nadi Airport,sedan,airport -> destination (arrival),one-way,day 10:00,child seat,15,23,23,23,,,,false,ZONE_NOT_IN_PRICING_DATA,
FD-prod(8c6f920),TANOA_INTERNATIONAL,Nadi Airport,sedan,airport -> destination (arrival),one-way,night 23:00,child seat,15,28,28,28,,,,false,ZONE_NOT_IN_PRICING_DATA,
FD-prod(8c6f920),TANOA_INTERNATIONAL,Nadi Airport,sedan,airport -> destination (arrival),return,day 10:00,none,15,30,30,30,,,,false,ZONE_NOT_IN_PRICING_DATA,
FD-prod(8c6f920),TANOA_INTERNATIONAL,Nadi Airport,sedan,airport -> destination (arrival),return,night 23:00,none,15,35,35,35,,,,false,ZONE_NOT_IN_PRICING_DATA,
FD-prod(8c6f920),TANOA_INTERNATIONAL,Nadi Airport,sedan,airport -> destination (arrival),return,day 10:00,child seat,15,38,38,38,,,,false,ZONE_NOT_IN_PRICING_DATA,
FD-prod(8c6f920),TANOA_INTERNATIONAL,Nadi Airport,sedan,airport -> destination (arrival),return,night 23:00,child seat,15,43,43,43,,,,false,ZONE_NOT_IN_PRICING_DATA,
FD-prod(8c6f920),TANOA_INTERNATIONAL,Nadi Airport,minivan,airport -> destination (arrival),one-way,day 10:00,none,25,25,25,25,,,,false,ZONE_NOT_IN_PRICING_DATA,
FD-prod(8c6f920),TANOA_INTERNATIONAL,Nadi Airport,minivan,airport -> destination (arrival),one-way,night 23:00,none,25,30,30,30,,,,false,ZONE_NOT_IN_PRICING_DATA,
FD-prod(8c6f920),TANOA_INTERNATIONAL,Nadi Airport,minivan,airport -> destination (arrival),one-way,day 10:00,child seat,25,33,33,33,,,,false,ZONE_NOT_IN_PRICING_DATA,
FD-prod(8c6f920),TANOA_INTERNATIONAL,Nadi Airport,minivan,airport -> destination (arrival),one-way,night 23:00,child seat,25,38,38,38,,,,false,ZONE_NOT_IN_PRICING_DATA,
FD-prod(8c6f920),TANOA_INTERNATIONAL,Nadi Airport,minivan,airport -> destination (arrival),return,day 10:00,none,25,50,50,50,,,,false,ZONE_NOT_IN_PRICING_DATA,
FD-prod(8c6f920),TANOA_INTERNATIONAL,Nadi Airport,minivan,airport -> destination (arrival),return,night 23:00,none,25,54,54,54,,,,false,ZONE_NOT_IN_PRICING_DATA,
FD-prod(8c6f920),TANOA_INTERNATIONAL,Nadi Airport,minivan,airport -> destination (arrival),return,day 10:00,child seat,25,52,52,52,,,,false,ZONE_NOT_IN_PRICING_DATA,
FD-prod(8c6f920),TANOA_INTERNATIONAL,Nadi Airport,minivan,airport -> destination (arrival),return,night 23:00,child seat,25,61,61,61,,,,false,ZONE_NOT_IN_PRICING_DATA,
FD-prod(8c6f920),TANOA_INTERNATIONAL,Nadi Airport,minibus,airport -> destination (arrival),one-way,day 10:00,none,45,45,45,45,,,,false,ZONE_NOT_IN_PRICING_DATA,
FD-prod(8c6f920),TANOA_INTERNATIONAL,Nadi Airport,minibus,airport -> destination (arrival),one-way,night 23:00,none,45,49,49,49,,,,false,ZONE_NOT_IN_PRICING_DATA,
FD-prod(8c6f920),TANOA_INTERNATIONAL,Nadi Airport,minibus,airport -> destination (arrival),one-way,day 10:00,child seat,45,48,48,48,,,,false,ZONE_NOT_IN_PRICING_DATA,
FD-prod(8c6f920),TANOA_INTERNATIONAL,Nadi Airport,minibus,airport -> destination (arrival),one-way,night 23:00,child seat,45,57,57,57,,,,false,ZONE_NOT_IN_PRICING_DATA,
FD-prod(8c6f920),TANOA_INTERNATIONAL,Nadi Airport,minibus,airport -> destination (arrival),return,day 10:00,none,45,76,76,76,,,,false,ZONE_NOT_IN_PRICING_DATA,
FD-prod(8c6f920),TANOA_INTERNATIONAL,Nadi Airport,minibus,airport -> destination (arrival),return,night 23:00,none,45,90,90,90,,,,false,ZONE_NOT_IN_PRICING_DATA,
FD-prod(8c6f920),TANOA_INTERNATIONAL,Nadi Airport,minibus,airport -> destination (arrival),return,day 10:00,child seat,45,84,84,84,,,,false,ZONE_NOT_IN_PRICING_DATA,
FD-prod(8c6f920),TANOA_INTERNATIONAL,Nadi Airport,minibus,airport -> destination (arrival),return,night 23:00,child seat,45,97,97,97,,,,false,ZONE_NOT_IN_PRICING_DATA,
FD-prod(8c6f920),MERCURE_NADI,Nadi,sedan,airport -> destination (arrival),one-way,day 10:00,none,19,19,30.15,30.15,30.15,30.15,true,true,MATCH,
FD-prod(8c6f920),MERCURE_NADI,Nadi,sedan,airport -> destination (arrival),one-way,night 23:00,none,19,25,30.15,30.15,36.18,30.15,true,true,IN_BAND_DIFFERENCE,
FD-prod(8c6f920),MERCURE_NADI,Nadi,sedan,airport -> destination (arrival),one-way,day 10:00,child seat,19,27,38.15,38.15,38.15,38.15,true,true,MATCH,
FD-prod(8c6f920),MERCURE_NADI,Nadi,sedan,airport -> destination (arrival),one-way,night 23:00,child seat,19,33,38.15,38.15,44.18,38.15,true,true,IN_BAND_DIFFERENCE,
FD-prod(8c6f920),MERCURE_NADI,Nadi,sedan,airport -> destination (arrival),return,day 10:00,none,19,40,49.78,49.78,49.78,49.78,true,true,MATCH,
FD-prod(8c6f920),MERCURE_NADI,Nadi,sedan,airport -> destination (arrival),return,night 23:00,none,19,45,49.78,49.78,59.93,49.78,true,true,IN_BAND_DIFFERENCE,
FD-prod(8c6f920),MERCURE_NADI,Nadi,sedan,airport -> destination (arrival),return,day 10:00,child seat,19,48,57.78,57.78,57.78,57.78,true,true,MATCH,
FD-prod(8c6f920),MERCURE_NADI,Nadi,sedan,airport -> destination (arrival),return,night 23:00,child seat,19,48,57.78,57.78,67.93,57.78,true,true,IN_BAND_DIFFERENCE,
FD-prod(8c6f920),MERCURE_NADI,Nadi,minivan,airport -> destination (arrival),one-way,day 10:00,none,49,49,46.42,46.42,46.42,46.42,true,true,MATCH,
FD-prod(8c6f920),MERCURE_NADI,Nadi,minivan,airport -> destination (arrival),one-way,night 23:00,none,49,54,46.42,46.42,55.7,46.42,true,true,IN_BAND_DIFFERENCE,
FD-prod(8c6f920),MERCURE_NADI,Nadi,minivan,airport -> destination (arrival),one-way,day 10:00,child seat,49,51,53.42,53.42,53.42,53.42,true,true,MATCH,
FD-prod(8c6f920),MERCURE_NADI,Nadi,minivan,airport -> destination (arrival),one-way,night 23:00,child seat,49,61,53.42,53.42,62.7,53.42,true,true,IN_BAND_DIFFERENCE,
FD-prod(8c6f920),MERCURE_NADI,Nadi,minivan,airport -> destination (arrival),return,day 10:00,none,49,85,85.13,85.13,85.13,85.13,true,true,MATCH,
FD-prod(8c6f920),MERCURE_NADI,Nadi,minivan,airport -> destination (arrival),return,night 23:00,none,49,99,85.13,85.13,103.15,85.13,true,true,IN_BAND_DIFFERENCE,
FD-prod(8c6f920),MERCURE_NADI,Nadi,minivan,airport -> destination (arrival),return,day 10:00,child seat,49,93,93.13,93.13,93.13,93.13,true,true,MATCH,
FD-prod(8c6f920),MERCURE_NADI,Nadi,minivan,airport -> destination (arrival),return,night 23:00,child seat,49,106,93.13,93.13,110.15,93.13,true,true,IN_BAND_DIFFERENCE,
FD-prod(8c6f920),MERCURE_NADI,Nadi,minibus,airport -> destination (arrival),one-way,day 10:00,none,79,71,71.46,71.46,71.46,71.46,true,true,MATCH,
FD-prod(8c6f920),MERCURE_NADI,Nadi,minibus,airport -> destination (arrival),one-way,night 23:00,none,79,85,71.46,71.46,85.35,71.46,true,true,IN_BAND_DIFFERENCE,
FD-prod(8c6f920),MERCURE_NADI,Nadi,minibus,airport -> destination (arrival),one-way,day 10:00,child seat,79,78,78.46,78.46,78.46,78.46,true,true,MATCH,
FD-prod(8c6f920),MERCURE_NADI,Nadi,minibus,airport -> destination (arrival),one-way,night 23:00,child seat,79,93,78.46,78.46,93.35,78.46,true,true,IN_BAND_DIFFERENCE,
FD-prod(8c6f920),MERCURE_NADI,Nadi,minibus,airport -> destination (arrival),return,day 10:00,none,79,135,132,132,132,132,true,true,MATCH,
FD-prod(8c6f920),MERCURE_NADI,Nadi,minibus,airport -> destination (arrival),return,night 23:00,none,79,162,132,132,158.4,132,true,true,IN_BAND_DIFFERENCE,
FD-prod(8c6f920),MERCURE_NADI,Nadi,minibus,airport -> destination (arrival),return,day 10:00,child seat,79,142,139,139,139,139,true,true,MATCH,
FD-prod(8c6f920),MERCURE_NADI,Nadi,minibus,airport -> destination (arrival),return,night 23:00,child seat,79,169,139,139,166.4,139,true,true,IN_BAND_DIFFERENCE,
FD-prod(8c6f920),WAILOALOA_BEACH,Wailoaloa,sedan,airport -> destination (arrival),one-way,day 10:00,none,39,39,30.36,30.36,30.36,30.36,true,true,MATCH,
FD-prod(8c6f920),WAILOALOA_BEACH,Wailoaloa,sedan,airport -> destination (arrival),one-way,night 23:00,none,39,50,30.36,30.36,36.43,30.36,true,true,IN_BAND_DIFFERENCE,
FD-prod(8c6f920),WAILOALOA_BEACH,Wailoaloa,sedan,airport -> destination (arrival),one-way,day 10:00,child seat,39,47,38.36,38.36,38.36,38.36,true,true,MATCH,
FD-prod(8c6f920),WAILOALOA_BEACH,Wailoaloa,sedan,airport -> destination (arrival),one-way,night 23:00,child seat,39,52,38.36,38.36,44.43,38.36,true,true,IN_BAND_DIFFERENCE,
FD-prod(8c6f920),WAILOALOA_BEACH,Wailoaloa,sedan,airport -> destination (arrival),return,day 10:00,none,39,67,50.17,50.17,50.17,50.17,true,true,MATCH,
FD-prod(8c6f920),WAILOALOA_BEACH,Wailoaloa,sedan,airport -> destination (arrival),return,night 23:00,none,39,81,50.17,50.17,60.4,50.17,true,true,IN_BAND_DIFFERENCE,
FD-prod(8c6f920),WAILOALOA_BEACH,Wailoaloa,sedan,airport -> destination (arrival),return,day 10:00,child seat,39,75,58.17,58.17,58.17,58.17,true,true,MATCH,
FD-prod(8c6f920),WAILOALOA_BEACH,Wailoaloa,sedan,airport -> destination (arrival),return,night 23:00,child seat,39,88,58.17,58.17,67.4,58.17,true,true,IN_BAND_DIFFERENCE,
FD-prod(8c6f920),WAILOALOA_BEACH,Wailoaloa,minivan,airport -> destination (arrival),one-way,day 10:00,none,59,53,46.63,46.63,46.63,46.63,true,true,MATCH,
FD-prod(8c6f920),WAILOALOA_BEACH,Wailoaloa,minivan,airport -> destination (arrival),one-way,night 23:00,none,59,67,46.63,46.63,55.96,46.63,true,true,IN_BAND_DIFFERENCE,
FD-prod(8c6f920),WAILOALOA_BEACH,Wailoaloa,minivan,airport -> destination (arrival),one-way,day 10:00,child seat,59,60,53.63,53.63,53.63,53.63,true,true,MATCH,
FD-prod(8c6f920),WAILOALOA_BEACH,Wailoaloa,minivan,airport -> destination (arrival),one-way,night 23:00,child seat,59,75,53.63,53.63,62.96,53.63,true,true,IN_BAND_DIFFERENCE,
FD-prod(8c6f920),WAILOALOA_BEACH,Wailoaloa,minivan,airport -> destination (arrival),return,day 10:00,none,59,99,85.52,85.52,85.52,85.52,true,true,MATCH,
FD-prod(8c6f920),WAILOALOA_BEACH,Wailoaloa,minivan,airport -> destination (arrival),return,night 23:00,none,59,121,85.52,85.52,103.62,85.52,true,true,IN_BAND_DIFFERENCE,
FD-prod(8c6f920),WAILOALOA_BEACH,Wailoaloa,minivan,airport -> destination (arrival),return,day 10:00,child seat,59,106,93.52,93.52,93.52,93.52,true,true,MATCH,
FD-prod(8c6f920),WAILOALOA_BEACH,Wailoaloa,minivan,airport -> destination (arrival),return,night 23:00,child seat,59,129,93.52,93.52,110.62,93.52,true,true,IN_BAND_DIFFERENCE,
FD-prod(8c6f920),WAILOALOA_BEACH,Wailoaloa,minibus,airport -> destination (arrival),one-way,day 10:00,none,89,80,71.7,71.7,71.7,71.7,true,true,MATCH,
FD-prod(8c6f920),WAILOALOA_BEACH,Wailoaloa,minibus,airport -> destination (arrival),one-way,night 23:00,none,89,99,71.7,71.7,85.64,71.7,true,true,IN_BAND_DIFFERENCE,
FD-prod(8c6f920),WAILOALOA_BEACH,Wailoaloa,minibus,airport -> destination (arrival),one-way,day 10:00,child seat,89,87,78.7,78.7,78.7,78.7,true,true,MATCH,
FD-prod(8c6f920),WAILOALOA_BEACH,Wailoaloa,minibus,airport -> destination (arrival),one-way,night 23:00,child seat,89,106,78.7,78.7,93.64,78.7,true,true,IN_BAND_DIFFERENCE,
FD-prod(8c6f920),WAILOALOA_BEACH,Wailoaloa,minibus,airport -> destination (arrival),return,day 10:00,none,89,148,132.45,132.45,132.45,132.45,true,true,MATCH,
FD-prod(8c6f920),WAILOALOA_BEACH,Wailoaloa,minibus,airport -> destination (arrival),return,night 23:00,none,89,180,132.45,132.45,158.93,132.45,true,true,IN_BAND_DIFFERENCE,
FD-prod(8c6f920),WAILOALOA_BEACH,Wailoaloa,minibus,airport -> destination (arrival),return,day 10:00,child seat,89,156,139.45,139.45,139.45,139.45,true,true,MATCH,
FD-prod(8c6f920),WAILOALOA_BEACH,Wailoaloa,minibus,airport -> destination (arrival),return,night 23:00,child seat,89,187,139.45,139.45,166.93,139.45,true,true,IN_BAND_DIFFERENCE,
FD-prod(8c6f920),CROWNE_PLAZA_NADI_BAY,Wailoaloa,sedan,airport -> destination (arrival),one-way,day 10:00,none,39,39,30.36,30.36,30.36,30.36,true,true,MATCH,
FD-prod(8c6f920),CROWNE_PLAZA_NADI_BAY,Wailoaloa,sedan,airport -> destination (arrival),one-way,night 23:00,none,39,50,30.36,30.36,36.43,30.36,true,true,IN_BAND_DIFFERENCE,
FD-prod(8c6f920),CROWNE_PLAZA_NADI_BAY,Wailoaloa,sedan,airport -> destination (arrival),one-way,day 10:00,child seat,39,47,38.36,38.36,38.36,38.36,true,true,MATCH,
FD-prod(8c6f920),CROWNE_PLAZA_NADI_BAY,Wailoaloa,sedan,airport -> destination (arrival),one-way,night 23:00,child seat,39,52,38.36,38.36,44.43,38.36,true,true,IN_BAND_DIFFERENCE,
FD-prod(8c6f920),CROWNE_PLAZA_NADI_BAY,Wailoaloa,sedan,airport -> destination (arrival),return,day 10:00,none,39,67,50.17,50.17,50.17,50.17,true,true,MATCH,
FD-prod(8c6f920),CROWNE_PLAZA_NADI_BAY,Wailoaloa,sedan,airport -> destination (arrival),return,night 23:00,none,39,81,50.17,50.17,60.4,50.17,true,true,IN_BAND_DIFFERENCE,
FD-prod(8c6f920),CROWNE_PLAZA_NADI_BAY,Wailoaloa,sedan,airport -> destination (arrival),return,day 10:00,child seat,39,75,58.17,58.17,58.17,58.17,true,true,MATCH,
FD-prod(8c6f920),CROWNE_PLAZA_NADI_BAY,Wailoaloa,sedan,airport -> destination (arrival),return,night 23:00,child seat,39,88,58.17,58.17,67.4,58.17,true,true,IN_BAND_DIFFERENCE,
FD-prod(8c6f920),CROWNE_PLAZA_NADI_BAY,Wailoaloa,minivan,airport -> destination (arrival),one-way,day 10:00,none,59,53,46.63,46.63,46.63,46.63,true,true,MATCH,
FD-prod(8c6f920),CROWNE_PLAZA_NADI_BAY,Wailoaloa,minivan,airport -> destination (arrival),one-way,night 23:00,none,59,67,46.63,46.63,55.96,46.63,true,true,IN_BAND_DIFFERENCE,
FD-prod(8c6f920),CROWNE_PLAZA_NADI_BAY,Wailoaloa,minivan,airport -> destination (arrival),one-way,day 10:00,child seat,59,60,53.63,53.63,53.63,53.63,true,true,MATCH,
FD-prod(8c6f920),CROWNE_PLAZA_NADI_BAY,Wailoaloa,minivan,airport -> destination (arrival),one-way,night 23:00,child seat,59,75,53.63,53.63,62.96,53.63,true,true,IN_BAND_DIFFERENCE,
FD-prod(8c6f920),CROWNE_PLAZA_NADI_BAY,Wailoaloa,minivan,airport -> destination (arrival),return,day 10:00,none,59,99,85.52,85.52,85.52,85.52,true,true,MATCH,
FD-prod(8c6f920),CROWNE_PLAZA_NADI_BAY,Wailoaloa,minivan,airport -> destination (arrival),return,night 23:00,none,59,121,85.52,85.52,103.62,85.52,true,true,IN_BAND_DIFFERENCE,
FD-prod(8c6f920),CROWNE_PLAZA_NADI_BAY,Wailoaloa,minivan,airport -> destination (arrival),return,day 10:00,child seat,59,106,93.52,93.52,93.52,93.52,true,true,MATCH,
FD-prod(8c6f920),CROWNE_PLAZA_NADI_BAY,Wailoaloa,minivan,airport -> destination (arrival),return,night 23:00,child seat,59,129,93.52,93.52,110.62,93.52,true,true,IN_BAND_DIFFERENCE,
FD-prod(8c6f920),CROWNE_PLAZA_NADI_BAY,Wailoaloa,minibus,airport -> destination (arrival),one-way,day 10:00,none,89,80,71.7,71.7,71.7,71.7,true,true,MATCH,
FD-prod(8c6f920),CROWNE_PLAZA_NADI_BAY,Wailoaloa,minibus,airport -> destination (arrival),one-way,night 23:00,none,89,99,71.7,71.7,85.64,71.7,true,true,IN_BAND_DIFFERENCE,
FD-prod(8c6f920),CROWNE_PLAZA_NADI_BAY,Wailoaloa,minibus,airport -> destination (arrival),one-way,day 10:00,child seat,89,87,78.7,78.7,78.7,78.7,true,true,MATCH,
FD-prod(8c6f920),CROWNE_PLAZA_NADI_BAY,Wailoaloa,minibus,airport -> destination (arrival),one-way,night 23:00,child seat,89,106,78.7,78.7,93.64,78.7,true,true,IN_BAND_DIFFERENCE,
FD-prod(8c6f920),CROWNE_PLAZA_NADI_BAY,Wailoaloa,minibus,airport -> destination (arrival),return,day 10:00,none,89,148,132.45,132.45,132.45,132.45,true,true,MATCH,
FD-prod(8c6f920),CROWNE_PLAZA_NADI_BAY,Wailoaloa,minibus,airport -> destination (arrival),return,night 23:00,none,89,180,132.45,132.45,158.93,132.45,true,true,IN_BAND_DIFFERENCE,
FD-prod(8c6f920),CROWNE_PLAZA_NADI_BAY,Wailoaloa,minibus,airport -> destination (arrival),return,day 10:00,child seat,89,156,139.45,139.45,139.45,139.45,true,true,MATCH,
FD-prod(8c6f920),CROWNE_PLAZA_NADI_BAY,Wailoaloa,minibus,airport -> destination (arrival),return,night 23:00,child seat,89,187,139.45,139.45,166.93,139.45,true,true,IN_BAND_DIFFERENCE,
FD-prod(8c6f920),HILTON_DENARAU,Denarau,sedan,airport -> destination (arrival),one-way,day 10:00,none,49,49,47.87,47.87,47.87,47.87,true,true,MATCH,
FD-prod(8c6f920),HILTON_DENARAU,Denarau,sedan,airport -> destination (arrival),one-way,night 23:00,none,49,54,47.87,47.87,51.44,47.87,true,true,IN_BAND_DIFFERENCE,
FD-prod(8c6f920),HILTON_DENARAU,Denarau,sedan,airport -> destination (arrival),one-way,day 10:00,child seat,49,51,49.87,49.87,49.87,49.87,true,true,MATCH,
FD-prod(8c6f920),HILTON_DENARAU,Denarau,sedan,airport -> destination (arrival),one-way,night 23:00,child seat,49,61,49.87,49.87,58.44,49.87,true,true,IN_BAND_DIFFERENCE,
FD-prod(8c6f920),HILTON_DENARAU,Denarau,sedan,airport -> destination (arrival),return,day 10:00,none,49,85,79.56,79.56,79.56,79.56,true,true,MATCH,
FD-prod(8c6f920),HILTON_DENARAU,Denarau,sedan,airport -> destination (arrival),return,night 23:00,none,49,99,79.56,79.56,95.27,79.56,true,true,IN_BAND_DIFFERENCE,
FD-prod(8c6f920),HILTON_DENARAU,Denarau,sedan,airport -> destination (arrival),return,day 10:00,child seat,49,93,86.56,86.56,86.56,86.56,true,true,MATCH,
FD-prod(8c6f920),HILTON_DENARAU,Denarau,sedan,airport -> destination (arrival),return,night 23:00,child seat,49,106,86.56,86.56,103.27,86.56,true,true,IN_BAND_DIFFERENCE,
FD-prod(8c6f920),HILTON_DENARAU,Denarau,minivan,airport -> destination (arrival),one-way,day 10:00,none,69,62,62.08,62.08,62.08,62.08,true,true,MATCH,
FD-prod(8c6f920),HILTON_DENARAU,Denarau,minivan,airport -> destination (arrival),one-way,night 23:00,none,69,76,62.08,62.08,74.9,62.08,true,true,IN_BAND_DIFFERENCE,
FD-prod(8c6f920),HILTON_DENARAU,Denarau,minivan,airport -> destination (arrival),one-way,day 10:00,child seat,69,69,69.08,69.08,69.08,69.08,true,true,MATCH,
FD-prod(8c6f920),HILTON_DENARAU,Denarau,minivan,airport -> destination (arrival),one-way,night 23:00,child seat,69,84,69.08,69.08,81.9,69.08,true,true,IN_BAND_DIFFERENCE,
FD-prod(8c6f920),HILTON_DENARAU,Denarau,minivan,airport -> destination (arrival),return,day 10:00,none,69,117,114.8,114.8,114.8,114.8,true,true,MATCH,
FD-prod(8c6f920),HILTON_DENARAU,Denarau,minivan,airport -> destination (arrival),return,night 23:00,none,69,139,114.8,114.8,138.36,114.8,true,true,IN_BAND_DIFFERENCE,
FD-prod(8c6f920),HILTON_DENARAU,Denarau,minivan,airport -> destination (arrival),return,day 10:00,child seat,69,124,121.8,121.8,121.8,121.8,true,true,MATCH,
FD-prod(8c6f920),HILTON_DENARAU,Denarau,minivan,airport -> destination (arrival),return,night 23:00,child seat,69,147,121.8,121.8,145.36,121.8,true,true,IN_BAND_DIFFERENCE,
FD-prod(8c6f920),HILTON_DENARAU,Denarau,minibus,airport -> destination (arrival),one-way,day 10:00,none,99,89,89.84,89.84,89.84,89.84,true,true,MATCH,
FD-prod(8c6f920),HILTON_DENARAU,Denarau,minibus,airport -> destination (arrival),one-way,night 23:00,none,99,108,89.84,89.84,107.81,89.84,true,true,IN_BAND_DIFFERENCE,
FD-prod(8c6f920),HILTON_DENARAU,Denarau,minibus,airport -> destination (arrival),one-way,day 10:00,child seat,99,96,96.84,96.84,96.84,96.84,true,true,MATCH,
FD-prod(8c6f920),HILTON_DENARAU,Denarau,minibus,airport -> destination (arrival),one-way,night 23:00,child seat,99,115,96.84,96.84,114.81,96.84,true,true,IN_BAND_DIFFERENCE,
FD-prod(8c6f920),HILTON_DENARAU,Denarau,minibus,airport -> destination (arrival),return,day 10:00,none,99,166,166.7,166.7,166.7,166.7,true,true,MATCH,
FD-prod(8c6f920),HILTON_DENARAU,Denarau,minibus,airport -> destination (arrival),return,night 23:00,none,99,198,166.7,166.7,199.64,166.7,true,true,IN_BAND_DIFFERENCE,
FD-prod(8c6f920),HILTON_DENARAU,Denarau,minibus,airport -> destination (arrival),return,day 10:00,child seat,99,174,173.7,173.7,173.7,173.7,true,true,MATCH,
FD-prod(8c6f920),HILTON_DENARAU,Denarau,minibus,airport -> destination (arrival),return,night 23:00,child seat,99,205,173.7,173.7,206.64,173.7,true,true,IN_BAND_DIFFERENCE,
FD-prod(8c6f920),SOFITEL_DENARAU,Denarau,sedan,airport -> destination (arrival),one-way,day 10:00,none,49,49,47.87,47.87,47.87,47.87,true,true,MATCH,
FD-prod(8c6f920),SOFITEL_DENARAU,Denarau,sedan,airport -> destination (arrival),one-way,night 23:00,none,49,54,47.87,47.87,51.44,47.87,true,true,IN_BAND_DIFFERENCE,
FD-prod(8c6f920),SOFITEL_DENARAU,Denarau,sedan,airport -> destination (arrival),one-way,day 10:00,child seat,49,51,49.87,49.87,49.87,49.87,true,true,MATCH,
FD-prod(8c6f920),SOFITEL_DENARAU,Denarau,sedan,airport -> destination (arrival),one-way,night 23:00,child seat,49,61,49.87,49.87,58.44,49.87,true,true,IN_BAND_DIFFERENCE,
FD-prod(8c6f920),SOFITEL_DENARAU,Denarau,sedan,airport -> destination (arrival),return,day 10:00,none,49,85,79.56,79.56,79.56,79.56,true,true,MATCH,
FD-prod(8c6f920),SOFITEL_DENARAU,Denarau,sedan,airport -> destination (arrival),return,night 23:00,none,49,99,79.56,79.56,95.27,79.56,true,true,IN_BAND_DIFFERENCE,
FD-prod(8c6f920),SOFITEL_DENARAU,Denarau,sedan,airport -> destination (arrival),return,day 10:00,child seat,49,93,86.56,86.56,86.56,86.56,true,true,MATCH,
FD-prod(8c6f920),SOFITEL_DENARAU,Denarau,sedan,airport -> destination (arrival),return,night 23:00,child seat,49,106,86.56,86.56,103.27,86.56,true,true,IN_BAND_DIFFERENCE,
FD-prod(8c6f920),SOFITEL_DENARAU,Denarau,minivan,airport -> destination (arrival),one-way,day 10:00,none,69,62,62.08,62.08,62.08,62.08,true,true,MATCH,
FD-prod(8c6f920),SOFITEL_DENARAU,Denarau,minivan,airport -> destination (arrival),one-way,night 23:00,none,69,76,62.08,62.08,74.9,62.08,true,true,IN_BAND_DIFFERENCE,
FD-prod(8c6f920),SOFITEL_DENARAU,Denarau,minivan,airport -> destination (arrival),one-way,day 10:00,child seat,69,69,69.08,69.08,69.08,69.08,true,true,MATCH,
FD-prod(8c6f920),SOFITEL_DENARAU,Denarau,minivan,airport -> destination (arrival),one-way,night 23:00,child seat,69,84,69.08,69.08,81.9,69.08,true,true,IN_BAND_DIFFERENCE,
FD-prod(8c6f920),SOFITEL_DENARAU,Denarau,minivan,airport -> destination (arrival),return,day 10:00,none,69,117,114.8,114.8,114.8,114.8,true,true,MATCH,
FD-prod(8c6f920),SOFITEL_DENARAU,Denarau,minivan,airport -> destination (arrival),return,night 23:00,none,69,139,114.8,114.8,138.36,114.8,true,true,IN_BAND_DIFFERENCE,
FD-prod(8c6f920),SOFITEL_DENARAU,Denarau,minivan,airport -> destination (arrival),return,day 10:00,child seat,69,124,121.8,121.8,121.8,121.8,true,true,MATCH,
FD-prod(8c6f920),SOFITEL_DENARAU,Denarau,minivan,airport -> destination (arrival),return,night 23:00,child seat,69,147,121.8,121.8,145.36,121.8,true,true,IN_BAND_DIFFERENCE,
FD-prod(8c6f920),SOFITEL_DENARAU,Denarau,minibus,airport -> destination (arrival),one-way,day 10:00,none,99,89,89.84,89.84,89.84,89.84,true,true,MATCH,
FD-prod(8c6f920),SOFITEL_DENARAU,Denarau,minibus,airport -> destination (arrival),one-way,night 23:00,none,99,108,89.84,89.84,107.81,89.84,true,true,IN_BAND_DIFFERENCE,
FD-prod(8c6f920),SOFITEL_DENARAU,Denarau,minibus,airport -> destination (arrival),one-way,day 10:00,child seat,99,96,96.84,96.84,96.84,96.84,true,true,MATCH,
FD-prod(8c6f920),SOFITEL_DENARAU,Denarau,minibus,airport -> destination (arrival),one-way,night 23:00,child seat,99,115,96.84,96.84,114.81,96.84,true,true,IN_BAND_DIFFERENCE,
FD-prod(8c6f920),SOFITEL_DENARAU,Denarau,minibus,airport -> destination (arrival),return,day 10:00,none,99,166,166.7,166.7,166.7,166.7,true,true,MATCH,
FD-prod(8c6f920),SOFITEL_DENARAU,Denarau,minibus,airport -> destination (arrival),return,night 23:00,none,99,198,166.7,166.7,199.64,166.7,true,true,IN_BAND_DIFFERENCE,
FD-prod(8c6f920),SOFITEL_DENARAU,Denarau,minibus,airport -> destination (arrival),return,day 10:00,child seat,99,174,173.7,173.7,173.7,173.7,true,true,MATCH,
FD-prod(8c6f920),SOFITEL_DENARAU,Denarau,minibus,airport -> destination (arrival),return,night 23:00,child seat,99,205,173.7,173.7,206.64,173.7,true,true,IN_BAND_DIFFERENCE,
FD-prod(8c6f920),PORT_DENARAU_MARINA,Denarau,sedan,airport -> destination (arrival),one-way,day 10:00,none,49,49,47.87,47.87,47.87,47.87,true,true,MATCH,
FD-prod(8c6f920),PORT_DENARAU_MARINA,Denarau,sedan,airport -> destination (arrival),one-way,night 23:00,none,49,54,47.87,47.87,51.44,47.87,true,true,IN_BAND_DIFFERENCE,
FD-prod(8c6f920),PORT_DENARAU_MARINA,Denarau,sedan,airport -> destination (arrival),one-way,day 10:00,child seat,49,51,49.87,49.87,49.87,49.87,true,true,MATCH,
FD-prod(8c6f920),PORT_DENARAU_MARINA,Denarau,sedan,airport -> destination (arrival),one-way,night 23:00,child seat,49,61,49.87,49.87,58.44,49.87,true,true,IN_BAND_DIFFERENCE,
FD-prod(8c6f920),PORT_DENARAU_MARINA,Denarau,sedan,airport -> destination (arrival),return,day 10:00,none,49,85,79.56,79.56,79.56,79.56,true,true,MATCH,
FD-prod(8c6f920),PORT_DENARAU_MARINA,Denarau,sedan,airport -> destination (arrival),return,night 23:00,none,49,99,79.56,79.56,95.27,79.56,true,true,IN_BAND_DIFFERENCE,
FD-prod(8c6f920),PORT_DENARAU_MARINA,Denarau,sedan,airport -> destination (arrival),return,day 10:00,child seat,49,93,86.56,86.56,86.56,86.56,true,true,MATCH,
FD-prod(8c6f920),PORT_DENARAU_MARINA,Denarau,sedan,airport -> destination (arrival),return,night 23:00,child seat,49,106,86.56,86.56,103.27,86.56,true,true,IN_BAND_DIFFERENCE,
FD-prod(8c6f920),PORT_DENARAU_MARINA,Denarau,minivan,airport -> destination (arrival),one-way,day 10:00,none,69,62,62.08,62.08,62.08,62.08,true,true,MATCH,
FD-prod(8c6f920),PORT_DENARAU_MARINA,Denarau,minivan,airport -> destination (arrival),one-way,night 23:00,none,69,76,62.08,62.08,74.9,62.08,true,true,IN_BAND_DIFFERENCE,
FD-prod(8c6f920),PORT_DENARAU_MARINA,Denarau,minivan,airport -> destination (arrival),one-way,day 10:00,child seat,69,69,69.08,69.08,69.08,69.08,true,true,MATCH,
FD-prod(8c6f920),PORT_DENARAU_MARINA,Denarau,minivan,airport -> destination (arrival),one-way,night 23:00,child seat,69,84,69.08,69.08,81.9,69.08,true,true,IN_BAND_DIFFERENCE,
FD-prod(8c6f920),PORT_DENARAU_MARINA,Denarau,minivan,airport -> destination (arrival),return,day 10:00,none,69,117,114.8,114.8,114.8,114.8,true,true,MATCH,
FD-prod(8c6f920),PORT_DENARAU_MARINA,Denarau,minivan,airport -> destination (arrival),return,night 23:00,none,69,139,114.8,114.8,138.36,114.8,true,true,IN_BAND_DIFFERENCE,
FD-prod(8c6f920),PORT_DENARAU_MARINA,Denarau,minivan,airport -> destination (arrival),return,day 10:00,child seat,69,124,121.8,121.8,121.8,121.8,true,true,MATCH,
FD-prod(8c6f920),PORT_DENARAU_MARINA,Denarau,minivan,airport -> destination (arrival),return,night 23:00,child seat,69,147,121.8,121.8,145.36,121.8,true,true,IN_BAND_DIFFERENCE,
FD-prod(8c6f920),PORT_DENARAU_MARINA,Denarau,minibus,airport -> destination (arrival),one-way,day 10:00,none,99,89,89.84,89.84,89.84,89.84,true,true,MATCH,
FD-prod(8c6f920),PORT_DENARAU_MARINA,Denarau,minibus,airport -> destination (arrival),one-way,night 23:00,none,99,108,89.84,89.84,107.81,89.84,true,true,IN_BAND_DIFFERENCE,
FD-prod(8c6f920),PORT_DENARAU_MARINA,Denarau,minibus,airport -> destination (arrival),one-way,day 10:00,child seat,99,96,96.84,96.84,96.84,96.84,true,true,MATCH,
FD-prod(8c6f920),PORT_DENARAU_MARINA,Denarau,minibus,airport -> destination (arrival),one-way,night 23:00,child seat,99,115,96.84,96.84,114.81,96.84,true,true,IN_BAND_DIFFERENCE,
FD-prod(8c6f920),PORT_DENARAU_MARINA,Denarau,minibus,airport -> destination (arrival),return,day 10:00,none,99,166,166.7,166.7,166.7,166.7,true,true,MATCH,
FD-prod(8c6f920),PORT_DENARAU_MARINA,Denarau,minibus,airport -> destination (arrival),return,night 23:00,none,99,198,166.7,166.7,199.64,166.7,true,true,IN_BAND_DIFFERENCE,
FD-prod(8c6f920),PORT_DENARAU_MARINA,Denarau,minibus,airport -> destination (arrival),return,day 10:00,child seat,99,174,173.7,173.7,173.7,173.7,true,true,MATCH,
FD-prod(8c6f920),PORT_DENARAU_MARINA,Denarau,minibus,airport -> destination (arrival),return,night 23:00,child seat,99,205,173.7,173.7,206.64,173.7,true,true,IN_BAND_DIFFERENCE,
FD-prod(8c6f920),DOUBLETREE_SONAISALI,Sonaisali,sedan,airport -> destination (arrival),one-way,day 10:00,none,69,62,70.83,70.83,70.83,70.83,true,true,MATCH,
FD-prod(8c6f920),DOUBLETREE_SONAISALI,Sonaisali,sedan,airport -> destination (arrival),one-way,night 23:00,none,69,76,70.83,70.83,85.6,70.83,true,true,IN_BAND_DIFFERENCE,
FD-prod(8c6f920),DOUBLETREE_SONAISALI,Sonaisali,sedan,airport -> destination (arrival),one-way,day 10:00,child seat,69,69,77.83,77.83,77.83,77.83,true,true,MATCH,
FD-prod(8c6f920),DOUBLETREE_SONAISALI,Sonaisali,sedan,airport -> destination (arrival),one-way,night 23:00,child seat,69,84,77.83,77.83,92.6,77.83,true,true,IN_BAND_DIFFERENCE,
FD-prod(8c6f920),DOUBLETREE_SONAISALI,Sonaisali,sedan,airport -> destination (arrival),return,day 10:00,none,69,117,130.84,130.84,130.84,130.84,true,true,MATCH,
FD-prod(8c6f920),DOUBLETREE_SONAISALI,Sonaisali,sedan,airport -> destination (arrival),return,night 23:00,none,69,139,130.84,130.84,157,130.84,true,true,IN_BAND_DIFFERENCE,
FD-prod(8c6f920),DOUBLETREE_SONAISALI,Sonaisali,sedan,airport -> destination (arrival),return,day 10:00,child seat,69,124,138.84,138.84,138.84,138.84,true,true,MATCH,
FD-prod(8c6f920),DOUBLETREE_SONAISALI,Sonaisali,sedan,airport -> destination (arrival),return,night 23:00,child seat,69,147,138.84,138.84,165,138.84,true,true,IN_BAND_DIFFERENCE,
FD-prod(8c6f920),DOUBLETREE_SONAISALI,Sonaisali,minivan,airport -> destination (arrival),one-way,day 10:00,none,89,80,91.46,91.46,91.46,91.46,true,true,MATCH,
FD-prod(8c6f920),DOUBLETREE_SONAISALI,Sonaisali,minivan,airport -> destination (arrival),one-way,night 23:00,none,89,99,91.46,91.46,109.75,91.46,true,true,IN_BAND_DIFFERENCE,
FD-prod(8c6f920),DOUBLETREE_SONAISALI,Sonaisali,minivan,airport -> destination (arrival),one-way,day 10:00,child seat,89,87,98.46,98.46,98.46,98.46,true,true,MATCH,
FD-prod(8c6f920),DOUBLETREE_SONAISALI,Sonaisali,minivan,airport -> destination (arrival),one-way,night 23:00,child seat,89,106,98.46,98.46,116.75,98.46,true,true,IN_BAND_DIFFERENCE,
FD-prod(8c6f920),DOUBLETREE_SONAISALI,Sonaisali,minivan,airport -> destination (arrival),return,day 10:00,none,89,148,168.7,168.7,168.7,168.7,true,true,MATCH,
FD-prod(8c6f920),DOUBLETREE_SONAISALI,Sonaisali,minivan,airport -> destination (arrival),return,night 23:00,none,89,180,168.7,168.7,202.24,168.7,true,true,IN_BAND_DIFFERENCE,
FD-prod(8c6f920),DOUBLETREE_SONAISALI,Sonaisali,minivan,airport -> destination (arrival),return,day 10:00,child seat,89,156,175.7,175.7,175.7,175.7,true,true,MATCH,
FD-prod(8c6f920),DOUBLETREE_SONAISALI,Sonaisali,minivan,airport -> destination (arrival),return,night 23:00,child seat,89,187,175.7,175.7,210.24,175.7,true,true,IN_BAND_DIFFERENCE,
FD-prod(8c6f920),DOUBLETREE_SONAISALI,Sonaisali,minibus,airport -> destination (arrival),one-way,day 10:00,none,119,107,118.46,118.46,118.46,118.46,true,true,MATCH,
FD-prod(8c6f920),DOUBLETREE_SONAISALI,Sonaisali,minibus,airport -> destination (arrival),one-way,night 23:00,none,119,130,118.46,118.46,141.75,118.46,true,true,IN_BAND_DIFFERENCE,
FD-prod(8c6f920),DOUBLETREE_SONAISALI,Sonaisali,minibus,airport -> destination (arrival),one-way,day 10:00,child seat,119,114,125.46,125.46,125.46,125.46,true,true,MATCH,
FD-prod(8c6f920),DOUBLETREE_SONAISALI,Sonaisali,minibus,airport -> destination (arrival),one-way,night 23:00,child seat,119,138,125.46,125.46,148.75,125.46,true,true,IN_BAND_DIFFERENCE,
FD-prod(8c6f920),DOUBLETREE_SONAISALI,Sonaisali,minibus,airport -> destination (arrival),return,day 10:00,none,119,202,219.2,219.2,219.2,219.2,true,true,MATCH,
FD-prod(8c6f920),DOUBLETREE_SONAISALI,Sonaisali,minibus,airport -> destination (arrival),return,night 23:00,none,119,238,219.2,219.2,262.84,219.2,true,true,IN_BAND_DIFFERENCE,
FD-prod(8c6f920),DOUBLETREE_SONAISALI,Sonaisali,minibus,airport -> destination (arrival),return,day 10:00,child seat,119,210,226.2,226.2,226.2,226.2,true,true,MATCH,
FD-prod(8c6f920),DOUBLETREE_SONAISALI,Sonaisali,minibus,airport -> destination (arrival),return,night 23:00,child seat,119,246,226.2,226.2,269.84,226.2,true,true,IN_BAND_DIFFERENCE,
FD-prod(8c6f920),FIRST_LANDING,Vuda Point,sedan,airport -> destination (arrival),one-way,day 10:00,none,79,71,67.5,67.5,67.5,67.5,true,true,MATCH,
FD-prod(8c6f920),FIRST_LANDING,Vuda Point,sedan,airport -> destination (arrival),one-way,night 23:00,none,79,85,67.5,67.5,80.4,67.5,true,true,IN_BAND_DIFFERENCE,
FD-prod(8c6f920),FIRST_LANDING,Vuda Point,sedan,airport -> destination (arrival),one-way,day 10:00,child seat,79,78,74.5,74.5,74.5,74.5,true,true,MATCH,
FD-prod(8c6f920),FIRST_LANDING,Vuda Point,sedan,airport -> destination (arrival),one-way,night 23:00,child seat,79,93,74.5,74.5,87.4,74.5,true,true,IN_BAND_DIFFERENCE,
FD-prod(8c6f920),FIRST_LANDING,Vuda Point,sedan,airport -> destination (arrival),return,day 10:00,none,79,135,123.83,123.83,123.83,123.83,true,true,MATCH,
FD-prod(8c6f920),FIRST_LANDING,Vuda Point,sedan,airport -> destination (arrival),return,night 23:00,none,79,162,123.83,123.83,148.39,123.83,true,true,IN_BAND_DIFFERENCE,
FD-prod(8c6f920),FIRST_LANDING,Vuda Point,sedan,airport -> destination (arrival),return,day 10:00,child seat,79,142,130.83,130.83,130.83,130.83,true,true,MATCH,
FD-prod(8c6f920),FIRST_LANDING,Vuda Point,sedan,airport -> destination (arrival),return,night 23:00,child seat,79,169,130.83,130.83,156.39,130.83,true,true,IN_BAND_DIFFERENCE,
FD-prod(8c6f920),FIRST_LANDING,Vuda Point,minivan,airport -> destination (arrival),one-way,day 10:00,none,99,89,85.23,85.23,85.23,85.23,true,true,MATCH,
FD-prod(8c6f920),FIRST_LANDING,Vuda Point,minivan,airport -> destination (arrival),one-way,night 23:00,none,99,108,85.23,85.23,102.08,85.23,true,true,IN_BAND_DIFFERENCE,
FD-prod(8c6f920),FIRST_LANDING,Vuda Point,minivan,airport -> destination (arrival),one-way,day 10:00,child seat,99,96,92.23,92.23,92.23,92.23,true,true,MATCH,
FD-prod(8c6f920),FIRST_LANDING,Vuda Point,minivan,airport -> destination (arrival),one-way,night 23:00,child seat,99,115,92.23,92.23,109.08,92.23,true,true,IN_BAND_DIFFERENCE,
FD-prod(8c6f920),FIRST_LANDING,Vuda Point,minivan,airport -> destination (arrival),return,day 10:00,none,99,166,157.33,157.33,157.33,157.33,true,true,MATCH,
FD-prod(8c6f920),FIRST_LANDING,Vuda Point,minivan,airport -> destination (arrival),return,night 23:00,none,99,198,157.33,157.33,188.19,157.33,true,true,IN_BAND_DIFFERENCE,
FD-prod(8c6f920),FIRST_LANDING,Vuda Point,minivan,airport -> destination (arrival),return,day 10:00,child seat,99,174,164.33,164.33,164.33,164.33,true,true,MATCH,
FD-prod(8c6f920),FIRST_LANDING,Vuda Point,minivan,airport -> destination (arrival),return,night 23:00,child seat,99,205,164.33,164.33,195.19,164.33,true,true,IN_BAND_DIFFERENCE,
FD-prod(8c6f920),FIRST_LANDING,Vuda Point,minibus,airport -> destination (arrival),one-way,day 10:00,none,129,116,112.23,112.23,112.23,112.23,true,true,MATCH,
FD-prod(8c6f920),FIRST_LANDING,Vuda Point,minibus,airport -> destination (arrival),one-way,night 23:00,none,129,139,112.23,112.23,134.08,112.23,true,true,IN_BAND_DIFFERENCE,
FD-prod(8c6f920),FIRST_LANDING,Vuda Point,minibus,airport -> destination (arrival),one-way,day 10:00,child seat,129,123,119.23,119.23,119.23,119.23,true,true,MATCH,
FD-prod(8c6f920),FIRST_LANDING,Vuda Point,minibus,airport -> destination (arrival),one-way,night 23:00,child seat,129,147,119.23,119.23,141.08,119.23,true,true,IN_BAND_DIFFERENCE,
FD-prod(8c6f920),FIRST_LANDING,Vuda Point,minibus,airport -> destination (arrival),return,day 10:00,none,129,216,206.83,206.83,206.83,206.83,true,true,MATCH,
FD-prod(8c6f920),FIRST_LANDING,Vuda Point,minibus,airport -> destination (arrival),return,night 23:00,none,129,261,206.83,206.83,247.79,206.83,true,true,IN_BAND_DIFFERENCE,
FD-prod(8c6f920),FIRST_LANDING,Vuda Point,minibus,airport -> destination (arrival),return,day 10:00,child seat,129,223,213.83,213.83,213.83,213.83,true,true,MATCH,
FD-prod(8c6f920),FIRST_LANDING,Vuda Point,minibus,airport -> destination (arrival),return,night 23:00,child seat,129,268,213.83,213.83,255.79,213.83,true,true,IN_BAND_DIFFERENCE,
FD-prod(8c6f920),VUDA_MARINA,Vuda Point,sedan,airport -> destination (arrival),one-way,day 10:00,none,79,71,67.5,67.5,67.5,67.5,true,true,MATCH,
FD-prod(8c6f920),VUDA_MARINA,Vuda Point,sedan,airport -> destination (arrival),one-way,night 23:00,none,79,85,67.5,67.5,80.4,67.5,true,true,IN_BAND_DIFFERENCE,
FD-prod(8c6f920),VUDA_MARINA,Vuda Point,sedan,airport -> destination (arrival),one-way,day 10:00,child seat,79,78,74.5,74.5,74.5,74.5,true,true,MATCH,
FD-prod(8c6f920),VUDA_MARINA,Vuda Point,sedan,airport -> destination (arrival),one-way,night 23:00,child seat,79,93,74.5,74.5,87.4,74.5,true,true,IN_BAND_DIFFERENCE,
FD-prod(8c6f920),VUDA_MARINA,Vuda Point,sedan,airport -> destination (arrival),return,day 10:00,none,79,135,123.83,123.83,123.83,123.83,true,true,MATCH,
FD-prod(8c6f920),VUDA_MARINA,Vuda Point,sedan,airport -> destination (arrival),return,night 23:00,none,79,162,123.83,123.83,148.39,123.83,true,true,IN_BAND_DIFFERENCE,
FD-prod(8c6f920),VUDA_MARINA,Vuda Point,sedan,airport -> destination (arrival),return,day 10:00,child seat,79,142,130.83,130.83,130.83,130.83,true,true,MATCH,
FD-prod(8c6f920),VUDA_MARINA,Vuda Point,sedan,airport -> destination (arrival),return,night 23:00,child seat,79,169,130.83,130.83,156.39,130.83,true,true,IN_BAND_DIFFERENCE,
FD-prod(8c6f920),VUDA_MARINA,Vuda Point,minivan,airport -> destination (arrival),one-way,day 10:00,none,99,89,85.23,85.23,85.23,85.23,true,true,MATCH,
FD-prod(8c6f920),VUDA_MARINA,Vuda Point,minivan,airport -> destination (arrival),one-way,night 23:00,none,99,108,85.23,85.23,102.08,85.23,true,true,IN_BAND_DIFFERENCE,
FD-prod(8c6f920),VUDA_MARINA,Vuda Point,minivan,airport -> destination (arrival),one-way,day 10:00,child seat,99,96,92.23,92.23,92.23,92.23,true,true,MATCH,
FD-prod(8c6f920),VUDA_MARINA,Vuda Point,minivan,airport -> destination (arrival),one-way,night 23:00,child seat,99,115,92.23,92.23,109.08,92.23,true,true,IN_BAND_DIFFERENCE,
FD-prod(8c6f920),VUDA_MARINA,Vuda Point,minivan,airport -> destination (arrival),return,day 10:00,none,99,166,157.33,157.33,157.33,157.33,true,true,MATCH,
FD-prod(8c6f920),VUDA_MARINA,Vuda Point,minivan,airport -> destination (arrival),return,night 23:00,none,99,198,157.33,157.33,188.19,157.33,true,true,IN_BAND_DIFFERENCE,
FD-prod(8c6f920),VUDA_MARINA,Vuda Point,minivan,airport -> destination (arrival),return,day 10:00,child seat,99,174,164.33,164.33,164.33,164.33,true,true,MATCH,
FD-prod(8c6f920),VUDA_MARINA,Vuda Point,minivan,airport -> destination (arrival),return,night 23:00,child seat,99,205,164.33,164.33,195.19,164.33,true,true,IN_BAND_DIFFERENCE,
FD-prod(8c6f920),VUDA_MARINA,Vuda Point,minibus,airport -> destination (arrival),one-way,day 10:00,none,129,116,112.23,112.23,112.23,112.23,true,true,MATCH,
FD-prod(8c6f920),VUDA_MARINA,Vuda Point,minibus,airport -> destination (arrival),one-way,night 23:00,none,129,139,112.23,112.23,134.08,112.23,true,true,IN_BAND_DIFFERENCE,
FD-prod(8c6f920),VUDA_MARINA,Vuda Point,minibus,airport -> destination (arrival),one-way,day 10:00,child seat,129,123,119.23,119.23,119.23,119.23,true,true,MATCH,
FD-prod(8c6f920),VUDA_MARINA,Vuda Point,minibus,airport -> destination (arrival),one-way,night 23:00,child seat,129,147,119.23,119.23,141.08,119.23,true,true,IN_BAND_DIFFERENCE,
FD-prod(8c6f920),VUDA_MARINA,Vuda Point,minibus,airport -> destination (arrival),return,day 10:00,none,129,216,206.83,206.83,206.83,206.83,true,true,MATCH,
FD-prod(8c6f920),VUDA_MARINA,Vuda Point,minibus,airport -> destination (arrival),return,night 23:00,none,129,261,206.83,206.83,247.79,206.83,true,true,IN_BAND_DIFFERENCE,
FD-prod(8c6f920),VUDA_MARINA,Vuda Point,minibus,airport -> destination (arrival),return,day 10:00,child seat,129,223,213.83,213.83,213.83,213.83,true,true,MATCH,
FD-prod(8c6f920),VUDA_MARINA,Vuda Point,minibus,airport -> destination (arrival),return,night 23:00,child seat,129,268,213.83,213.83,255.79,213.83,true,true,IN_BAND_DIFFERENCE,
FD-prod(8c6f920),LAUTOKA_HOTEL,Lautoka,sedan,airport -> destination (arrival),one-way,day 10:00,none,89,80,76.07,76.07,76.07,76.07,true,true,MATCH,
FD-prod(8c6f920),LAUTOKA_HOTEL,Lautoka,sedan,airport -> destination (arrival),one-way,night 23:00,none,89,99,76.07,76.07,90.88,76.07,true,true,IN_BAND_DIFFERENCE,
FD-prod(8c6f920),LAUTOKA_HOTEL,Lautoka,sedan,airport -> destination (arrival),one-way,day 10:00,child seat,89,87,83.07,83.07,83.07,83.07,true,true,MATCH,
FD-prod(8c6f920),LAUTOKA_HOTEL,Lautoka,sedan,airport -> destination (arrival),one-way,night 23:00,child seat,89,106,83.07,83.07,97.88,83.07,true,true,IN_BAND_DIFFERENCE,
FD-prod(8c6f920),LAUTOKA_HOTEL,Lautoka,sedan,airport -> destination (arrival),return,day 10:00,none,89,148,139.53,139.53,139.53,139.53,true,true,MATCH,
FD-prod(8c6f920),LAUTOKA_HOTEL,Lautoka,sedan,airport -> destination (arrival),return,night 23:00,none,89,180,139.53,139.53,167.64,139.53,true,true,IN_BAND_DIFFERENCE,
FD-prod(8c6f920),LAUTOKA_HOTEL,Lautoka,sedan,airport -> destination (arrival),return,day 10:00,child seat,89,156,147.53,147.53,147.53,147.53,true,true,MATCH,
FD-prod(8c6f920),LAUTOKA_HOTEL,Lautoka,sedan,airport -> destination (arrival),return,night 23:00,child seat,89,187,147.53,147.53,175.64,147.53,true,true,IN_BAND_DIFFERENCE,
FD-prod(8c6f920),LAUTOKA_HOTEL,Lautoka,minivan,airport -> destination (arrival),one-way,day 10:00,none,119,107,99.22,99.22,99.22,99.22,true,true,MATCH,
FD-prod(8c6f920),LAUTOKA_HOTEL,Lautoka,minivan,airport -> destination (arrival),one-way,night 23:00,none,119,130,99.22,99.22,119.26,99.22,true,true,IN_BAND_DIFFERENCE,
FD-prod(8c6f920),LAUTOKA_HOTEL,Lautoka,minivan,airport -> destination (arrival),one-way,day 10:00,child seat,119,114,106.22,106.22,106.22,106.22,true,true,MATCH,
FD-prod(8c6f920),LAUTOKA_HOTEL,Lautoka,minivan,airport -> destination (arrival),one-way,night 23:00,child seat,119,138,106.22,106.22,126.26,106.22,true,true,IN_BAND_DIFFERENCE,
FD-prod(8c6f920),LAUTOKA_HOTEL,Lautoka,minivan,airport -> destination (arrival),return,day 10:00,none,119,202,183.91,183.91,183.91,183.91,true,true,MATCH,
FD-prod(8c6f920),LAUTOKA_HOTEL,Lautoka,minivan,airport -> destination (arrival),return,night 23:00,none,119,238,183.91,183.91,220.69,183.91,true,true,IN_BAND_DIFFERENCE,
FD-prod(8c6f920),LAUTOKA_HOTEL,Lautoka,minivan,airport -> destination (arrival),return,day 10:00,child seat,119,210,190.91,190.91,190.91,190.91,true,true,MATCH,
FD-prod(8c6f920),LAUTOKA_HOTEL,Lautoka,minivan,airport -> destination (arrival),return,night 23:00,child seat,119,246,190.91,190.91,227.69,190.91,true,true,IN_BAND_DIFFERENCE,
FD-prod(8c6f920),LAUTOKA_HOTEL,Lautoka,minibus,airport -> destination (arrival),one-way,day 10:00,none,149,134,126.22,126.22,126.22,126.22,true,true,MATCH,
FD-prod(8c6f920),LAUTOKA_HOTEL,Lautoka,minibus,airport -> destination (arrival),one-way,night 23:00,none,149,162,126.22,126.22,151.26,126.22,true,true,IN_BAND_DIFFERENCE,
FD-prod(8c6f920),LAUTOKA_HOTEL,Lautoka,minibus,airport -> destination (arrival),one-way,day 10:00,child seat,149,141,133.22,133.22,133.22,133.22,true,true,MATCH,
FD-prod(8c6f920),LAUTOKA_HOTEL,Lautoka,minibus,airport -> destination (arrival),one-way,night 23:00,child seat,149,169,133.22,133.22,158.26,133.22,true,true,IN_BAND_DIFFERENCE,
FD-prod(8c6f920),LAUTOKA_HOTEL,Lautoka,minibus,airport -> destination (arrival),return,day 10:00,none,149,252,233.41,233.41,233.41,233.41,true,true,MATCH,
FD-prod(8c6f920),LAUTOKA_HOTEL,Lautoka,minibus,airport -> destination (arrival),return,night 23:00,none,149,301,233.41,233.41,280.29,233.41,true,true,IN_BAND_DIFFERENCE,
FD-prod(8c6f920),LAUTOKA_HOTEL,Lautoka,minibus,airport -> destination (arrival),return,day 10:00,child seat,149,259,240.41,240.41,240.41,240.41,true,true,MATCH,
FD-prod(8c6f920),LAUTOKA_HOTEL,Lautoka,minibus,airport -> destination (arrival),return,night 23:00,child seat,149,309,240.41,240.41,287.29,240.41,true,true,IN_BAND_DIFFERENCE,
FD-prod(8c6f920),TANOA_LAUTOKA,Lautoka,sedan,airport -> destination (arrival),one-way,day 10:00,none,89,80,76.07,76.07,76.07,76.07,true,true,MATCH,
FD-prod(8c6f920),TANOA_LAUTOKA,Lautoka,sedan,airport -> destination (arrival),one-way,night 23:00,none,89,99,76.07,76.07,90.88,76.07,true,true,IN_BAND_DIFFERENCE,
FD-prod(8c6f920),TANOA_LAUTOKA,Lautoka,sedan,airport -> destination (arrival),one-way,day 10:00,child seat,89,87,83.07,83.07,83.07,83.07,true,true,MATCH,
FD-prod(8c6f920),TANOA_LAUTOKA,Lautoka,sedan,airport -> destination (arrival),one-way,night 23:00,child seat,89,106,83.07,83.07,97.88,83.07,true,true,IN_BAND_DIFFERENCE,
FD-prod(8c6f920),TANOA_LAUTOKA,Lautoka,sedan,airport -> destination (arrival),return,day 10:00,none,89,148,139.53,139.53,139.53,139.53,true,true,MATCH,
FD-prod(8c6f920),TANOA_LAUTOKA,Lautoka,sedan,airport -> destination (arrival),return,night 23:00,none,89,180,139.53,139.53,167.64,139.53,true,true,IN_BAND_DIFFERENCE,
FD-prod(8c6f920),TANOA_LAUTOKA,Lautoka,sedan,airport -> destination (arrival),return,day 10:00,child seat,89,156,147.53,147.53,147.53,147.53,true,true,MATCH,
FD-prod(8c6f920),TANOA_LAUTOKA,Lautoka,sedan,airport -> destination (arrival),return,night 23:00,child seat,89,187,147.53,147.53,175.64,147.53,true,true,IN_BAND_DIFFERENCE,
FD-prod(8c6f920),TANOA_LAUTOKA,Lautoka,minivan,airport -> destination (arrival),one-way,day 10:00,none,119,107,99.22,99.22,99.22,99.22,true,true,MATCH,
FD-prod(8c6f920),TANOA_LAUTOKA,Lautoka,minivan,airport -> destination (arrival),one-way,night 23:00,none,119,130,99.22,99.22,119.26,99.22,true,true,IN_BAND_DIFFERENCE,
FD-prod(8c6f920),TANOA_LAUTOKA,Lautoka,minivan,airport -> destination (arrival),one-way,day 10:00,child seat,119,114,106.22,106.22,106.22,106.22,true,true,MATCH,
FD-prod(8c6f920),TANOA_LAUTOKA,Lautoka,minivan,airport -> destination (arrival),one-way,night 23:00,child seat,119,138,106.22,106.22,126.26,106.22,true,true,IN_BAND_DIFFERENCE,
FD-prod(8c6f920),TANOA_LAUTOKA,Lautoka,minivan,airport -> destination (arrival),return,day 10:00,none,119,202,183.91,183.91,183.91,183.91,true,true,MATCH,
FD-prod(8c6f920),TANOA_LAUTOKA,Lautoka,minivan,airport -> destination (arrival),return,night 23:00,none,119,238,183.91,183.91,220.69,183.91,true,true,IN_BAND_DIFFERENCE,
FD-prod(8c6f920),TANOA_LAUTOKA,Lautoka,minivan,airport -> destination (arrival),return,day 10:00,child seat,119,210,190.91,190.91,190.91,190.91,true,true,MATCH,
FD-prod(8c6f920),TANOA_LAUTOKA,Lautoka,minivan,airport -> destination (arrival),return,night 23:00,child seat,119,246,190.91,190.91,227.69,190.91,true,true,IN_BAND_DIFFERENCE,
FD-prod(8c6f920),TANOA_LAUTOKA,Lautoka,minibus,airport -> destination (arrival),one-way,day 10:00,none,149,134,126.22,126.22,126.22,126.22,true,true,MATCH,
FD-prod(8c6f920),TANOA_LAUTOKA,Lautoka,minibus,airport -> destination (arrival),one-way,night 23:00,none,149,162,126.22,126.22,151.26,126.22,true,true,IN_BAND_DIFFERENCE,
FD-prod(8c6f920),TANOA_LAUTOKA,Lautoka,minibus,airport -> destination (arrival),one-way,day 10:00,child seat,149,141,133.22,133.22,133.22,133.22,true,true,MATCH,
FD-prod(8c6f920),TANOA_LAUTOKA,Lautoka,minibus,airport -> destination (arrival),one-way,night 23:00,child seat,149,169,133.22,133.22,158.26,133.22,true,true,IN_BAND_DIFFERENCE,
FD-prod(8c6f920),TANOA_LAUTOKA,Lautoka,minibus,airport -> destination (arrival),return,day 10:00,none,149,252,233.41,233.41,233.41,233.41,true,true,MATCH,
FD-prod(8c6f920),TANOA_LAUTOKA,Lautoka,minibus,airport -> destination (arrival),return,night 23:00,none,149,301,233.41,233.41,280.29,233.41,true,true,IN_BAND_DIFFERENCE,
FD-prod(8c6f920),TANOA_LAUTOKA,Lautoka,minibus,airport -> destination (arrival),return,day 10:00,child seat,149,259,240.41,240.41,240.41,240.41,true,true,MATCH,
FD-prod(8c6f920),TANOA_LAUTOKA,Lautoka,minibus,airport -> destination (arrival),return,night 23:00,child seat,149,309,240.41,240.41,287.29,240.41,true,true,IN_BAND_DIFFERENCE,
FD-prod(8c6f920),LAUTOKA_CRUISE,Lautoka,sedan,airport -> destination (arrival),one-way,day 10:00,none,89,80,76.07,76.07,76.07,76.07,true,true,MATCH,
FD-prod(8c6f920),LAUTOKA_CRUISE,Lautoka,sedan,airport -> destination (arrival),one-way,night 23:00,none,89,99,76.07,76.07,90.88,76.07,true,true,IN_BAND_DIFFERENCE,
FD-prod(8c6f920),LAUTOKA_CRUISE,Lautoka,sedan,airport -> destination (arrival),one-way,day 10:00,child seat,89,87,83.07,83.07,83.07,83.07,true,true,MATCH,
FD-prod(8c6f920),LAUTOKA_CRUISE,Lautoka,sedan,airport -> destination (arrival),one-way,night 23:00,child seat,89,106,83.07,83.07,97.88,83.07,true,true,IN_BAND_DIFFERENCE,
FD-prod(8c6f920),LAUTOKA_CRUISE,Lautoka,sedan,airport -> destination (arrival),return,day 10:00,none,89,148,139.53,139.53,139.53,139.53,true,true,MATCH,
FD-prod(8c6f920),LAUTOKA_CRUISE,Lautoka,sedan,airport -> destination (arrival),return,night 23:00,none,89,180,139.53,139.53,167.64,139.53,true,true,IN_BAND_DIFFERENCE,
FD-prod(8c6f920),LAUTOKA_CRUISE,Lautoka,sedan,airport -> destination (arrival),return,day 10:00,child seat,89,156,147.53,147.53,147.53,147.53,true,true,MATCH,
FD-prod(8c6f920),LAUTOKA_CRUISE,Lautoka,sedan,airport -> destination (arrival),return,night 23:00,child seat,89,187,147.53,147.53,175.64,147.53,true,true,IN_BAND_DIFFERENCE,
FD-prod(8c6f920),LAUTOKA_CRUISE,Lautoka,minivan,airport -> destination (arrival),one-way,day 10:00,none,119,107,99.22,99.22,99.22,99.22,true,true,MATCH,
FD-prod(8c6f920),LAUTOKA_CRUISE,Lautoka,minivan,airport -> destination (arrival),one-way,night 23:00,none,119,130,99.22,99.22,119.26,99.22,true,true,IN_BAND_DIFFERENCE,
FD-prod(8c6f920),LAUTOKA_CRUISE,Lautoka,minivan,airport -> destination (arrival),one-way,day 10:00,child seat,119,114,106.22,106.22,106.22,106.22,true,true,MATCH,
FD-prod(8c6f920),LAUTOKA_CRUISE,Lautoka,minivan,airport -> destination (arrival),one-way,night 23:00,child seat,119,138,106.22,106.22,126.26,106.22,true,true,IN_BAND_DIFFERENCE,
FD-prod(8c6f920),LAUTOKA_CRUISE,Lautoka,minivan,airport -> destination (arrival),return,day 10:00,none,119,202,183.91,183.91,183.91,183.91,true,true,MATCH,
FD-prod(8c6f920),LAUTOKA_CRUISE,Lautoka,minivan,airport -> destination (arrival),return,night 23:00,none,119,238,183.91,183.91,220.69,183.91,true,true,IN_BAND_DIFFERENCE,
FD-prod(8c6f920),LAUTOKA_CRUISE,Lautoka,minivan,airport -> destination (arrival),return,day 10:00,child seat,119,210,190.91,190.91,190.91,190.91,true,true,MATCH,
FD-prod(8c6f920),LAUTOKA_CRUISE,Lautoka,minivan,airport -> destination (arrival),return,night 23:00,child seat,119,246,190.91,190.91,227.69,190.91,true,true,IN_BAND_DIFFERENCE,
FD-prod(8c6f920),LAUTOKA_CRUISE,Lautoka,minibus,airport -> destination (arrival),one-way,day 10:00,none,149,134,126.22,126.22,126.22,126.22,true,true,MATCH,
FD-prod(8c6f920),LAUTOKA_CRUISE,Lautoka,minibus,airport -> destination (arrival),one-way,night 23:00,none,149,162,126.22,126.22,151.26,126.22,true,true,IN_BAND_DIFFERENCE,
FD-prod(8c6f920),LAUTOKA_CRUISE,Lautoka,minibus,airport -> destination (arrival),one-way,day 10:00,child seat,149,141,133.22,133.22,133.22,133.22,true,true,MATCH,
FD-prod(8c6f920),LAUTOKA_CRUISE,Lautoka,minibus,airport -> destination (arrival),one-way,night 23:00,child seat,149,169,133.22,133.22,158.26,133.22,true,true,IN_BAND_DIFFERENCE,
FD-prod(8c6f920),LAUTOKA_CRUISE,Lautoka,minibus,airport -> destination (arrival),return,day 10:00,none,149,252,233.41,233.41,233.41,233.41,true,true,MATCH,
FD-prod(8c6f920),LAUTOKA_CRUISE,Lautoka,minibus,airport -> destination (arrival),return,night 23:00,none,149,301,233.41,233.41,280.29,233.41,true,true,IN_BAND_DIFFERENCE,
FD-prod(8c6f920),LAUTOKA_CRUISE,Lautoka,minibus,airport -> destination (arrival),return,day 10:00,child seat,149,259,240.41,240.41,240.41,240.41,true,true,MATCH,
FD-prod(8c6f920),LAUTOKA_CRUISE,Lautoka,minibus,airport -> destination (arrival),return,night 23:00,child seat,149,309,240.41,240.41,287.29,240.41,true,true,IN_BAND_DIFFERENCE,
FD-prod(8c6f920),MARRIOTT_MOMI,Momi Bay,sedan,airport -> destination (arrival),one-way,day 10:00,none,99,89,85.29,85.29,85.29,85.29,true,true,MATCH,
FD-prod(8c6f920),MARRIOTT_MOMI,Momi Bay,sedan,airport -> destination (arrival),one-way,night 23:00,none,99,108,85.29,85.29,102.15,85.29,true,true,IN_BAND_DIFFERENCE,
FD-prod(8c6f920),MARRIOTT_MOMI,Momi Bay,sedan,airport -> destination (arrival),one-way,day 10:00,child seat,99,96,92.29,92.29,92.29,92.29,true,true,MATCH,
FD-prod(8c6f920),MARRIOTT_MOMI,Momi Bay,sedan,airport -> destination (arrival),one-way,night 23:00,child seat,99,115,92.29,92.29,109.15,92.29,true,true,IN_BAND_DIFFERENCE,
FD-prod(8c6f920),MARRIOTT_MOMI,Momi Bay,sedan,airport -> destination (arrival),return,day 10:00,none,99,166,157.44,157.44,157.44,157.44,true,true,MATCH,
FD-prod(8c6f920),MARRIOTT_MOMI,Momi Bay,sedan,airport -> destination (arrival),return,night 23:00,none,99,198,157.44,157.44,188.32,157.44,true,true,IN_BAND_DIFFERENCE,
FD-prod(8c6f920),MARRIOTT_MOMI,Momi Bay,sedan,airport -> destination (arrival),return,day 10:00,child seat,99,174,164.44,164.44,164.44,164.44,true,true,MATCH,
FD-prod(8c6f920),MARRIOTT_MOMI,Momi Bay,sedan,airport -> destination (arrival),return,night 23:00,child seat,99,205,164.44,164.44,195.32,164.44,true,true,IN_BAND_DIFFERENCE,
FD-prod(8c6f920),MARRIOTT_MOMI,Momi Bay,minivan,airport -> destination (arrival),one-way,day 10:00,none,149,134,132.42,132.42,132.42,132.42,true,true,MATCH,
FD-prod(8c6f920),MARRIOTT_MOMI,Momi Bay,minivan,airport -> destination (arrival),one-way,night 23:00,none,149,162,132.42,132.42,158.9,132.42,true,true,IN_BAND_DIFFERENCE,
FD-prod(8c6f920),MARRIOTT_MOMI,Momi Bay,minivan,airport -> destination (arrival),one-way,day 10:00,child seat,149,141,139.42,139.42,139.42,139.42,true,true,MATCH,
FD-prod(8c6f920),MARRIOTT_MOMI,Momi Bay,minivan,airport -> destination (arrival),one-way,night 23:00,child seat,149,169,139.42,139.42,166.9,139.42,true,true,IN_BAND_DIFFERENCE,
FD-prod(8c6f920),MARRIOTT_MOMI,Momi Bay,minivan,airport -> destination (arrival),return,day 10:00,none,149,252,245.73,245.73,245.73,245.73,true,true,MATCH,
FD-prod(8c6f920),MARRIOTT_MOMI,Momi Bay,minivan,airport -> destination (arrival),return,night 23:00,none,149,301,245.73,245.73,294.27,245.73,true,true,IN_BAND_DIFFERENCE,
FD-prod(8c6f920),MARRIOTT_MOMI,Momi Bay,minivan,airport -> destination (arrival),return,day 10:00,child seat,149,259,252.73,252.73,252.73,252.73,true,true,MATCH,
FD-prod(8c6f920),MARRIOTT_MOMI,Momi Bay,minivan,airport -> destination (arrival),return,night 23:00,child seat,149,309,252.73,252.73,301.27,252.73,true,true,IN_BAND_DIFFERENCE,
FD-prod(8c6f920),MARRIOTT_MOMI,Momi Bay,minibus,airport -> destination (arrival),one-way,day 10:00,none,79,71,157.92,157.92,157.92,157.92,true,true,MATCH,
FD-prod(8c6f920),MARRIOTT_MOMI,Momi Bay,minibus,airport -> destination (arrival),one-way,night 23:00,none,79,85,157.92,157.92,190.1,157.92,true,true,IN_BAND_DIFFERENCE,
FD-prod(8c6f920),MARRIOTT_MOMI,Momi Bay,minibus,airport -> destination (arrival),one-way,day 10:00,child seat,79,78,165.92,165.92,165.92,165.92,true,true,MATCH,
FD-prod(8c6f920),MARRIOTT_MOMI,Momi Bay,minibus,airport -> destination (arrival),one-way,night 23:00,child seat,79,93,165.92,165.92,197.1,165.92,true,true,IN_BAND_DIFFERENCE,
FD-prod(8c6f920),MARRIOTT_MOMI,Momi Bay,minibus,airport -> destination (arrival),return,day 10:00,none,79,135,292.45,292.45,292.45,292.45,true,true,MATCH,
FD-prod(8c6f920),MARRIOTT_MOMI,Momi Bay,minibus,airport -> destination (arrival),return,night 23:00,none,79,162,292.45,292.45,351.54,292.45,true,true,IN_BAND_DIFFERENCE,
FD-prod(8c6f920),MARRIOTT_MOMI,Momi Bay,minibus,airport -> destination (arrival),return,day 10:00,child seat,79,142,300.45,300.45,300.45,300.45,true,true,MATCH,
FD-prod(8c6f920),MARRIOTT_MOMI,Momi Bay,minibus,airport -> destination (arrival),return,night 23:00,child seat,79,169,300.45,300.45,358.54,300.45,true,true,IN_BAND_DIFFERENCE,
FD-prod(8c6f920),INTERCONTINENTAL_NATADOLA,Natadola,sedan,airport -> destination (arrival),one-way,day 10:00,none,99,89,105.43,105.43,105.43,105.43,true,true,MATCH,
FD-prod(8c6f920),INTERCONTINENTAL_NATADOLA,Natadola,sedan,airport -> destination (arrival),one-way,night 23:00,none,99,108,105.43,105.43,126.92,105.43,true,true,IN_BAND_DIFFERENCE,
FD-prod(8c6f920),INTERCONTINENTAL_NATADOLA,Natadola,sedan,airport -> destination (arrival),one-way,day 10:00,child seat,99,96,112.43,112.43,112.43,112.43,true,true,MATCH,
FD-prod(8c6f920),INTERCONTINENTAL_NATADOLA,Natadola,sedan,airport -> destination (arrival),one-way,night 23:00,child seat,99,115,112.43,112.43,133.92,112.43,true,true,IN_BAND_DIFFERENCE,
FD-prod(8c6f920),INTERCONTINENTAL_NATADOLA,Natadola,sedan,airport -> destination (arrival),return,day 10:00,none,99,166,195.25,195.25,195.25,195.25,true,true,MATCH,
FD-prod(8c6f920),INTERCONTINENTAL_NATADOLA,Natadola,sedan,airport -> destination (arrival),return,night 23:00,none,99,198,195.25,195.25,234.69,195.25,true,true,IN_BAND_DIFFERENCE,
FD-prod(8c6f920),INTERCONTINENTAL_NATADOLA,Natadola,sedan,airport -> destination (arrival),return,day 10:00,child seat,99,174,202.25,202.25,202.25,202.25,true,true,MATCH,
FD-prod(8c6f920),INTERCONTINENTAL_NATADOLA,Natadola,sedan,airport -> destination (arrival),return,night 23:00,child seat,99,205,202.25,202.25,241.69,202.25,true,true,IN_BAND_DIFFERENCE,
FD-prod(8c6f920),INTERCONTINENTAL_NATADOLA,Natadola,minivan,airport -> destination (arrival),one-way,day 10:00,none,149,134,139.13,139.13,139.13,139.13,true,true,MATCH,
FD-prod(8c6f920),INTERCONTINENTAL_NATADOLA,Natadola,minivan,airport -> destination (arrival),one-way,night 23:00,none,149,162,139.13,139.13,167.16,139.13,true,true,IN_BAND_DIFFERENCE,
FD-prod(8c6f920),INTERCONTINENTAL_NATADOLA,Natadola,minivan,airport -> destination (arrival),one-way,day 10:00,child seat,149,141,147.13,147.13,147.13,147.13,true,true,MATCH,
FD-prod(8c6f920),INTERCONTINENTAL_NATADOLA,Natadola,minivan,airport -> destination (arrival),one-way,night 23:00,child seat,149,169,147.13,147.13,175.16,147.13,true,true,IN_BAND_DIFFERENCE,
FD-prod(8c6f920),INTERCONTINENTAL_NATADOLA,Natadola,minivan,airport -> destination (arrival),return,day 10:00,none,149,252,257.99,257.99,257.99,257.99,true,true,MATCH,
FD-prod(8c6f920),INTERCONTINENTAL_NATADOLA,Natadola,minivan,airport -> destination (arrival),return,night 23:00,none,149,301,257.99,257.99,310.39,257.99,true,true,IN_BAND_DIFFERENCE,
FD-prod(8c6f920),INTERCONTINENTAL_NATADOLA,Natadola,minivan,airport -> destination (arrival),return,day 10:00,child seat,149,259,265.99,265.99,265.99,265.99,true,true,MATCH,
FD-prod(8c6f920),INTERCONTINENTAL_NATADOLA,Natadola,minivan,airport -> destination (arrival),return,night 23:00,child seat,149,309,265.99,265.99,317.39,265.99,true,true,IN_BAND_DIFFERENCE,
FD-prod(8c6f920),INTERCONTINENTAL_NATADOLA,Natadola,minibus,airport -> destination (arrival),one-way,day 10:00,none,179,161,172.31,172.31,172.31,172.31,true,true,MATCH,
FD-prod(8c6f920),INTERCONTINENTAL_NATADOLA,Natadola,minibus,airport -> destination (arrival),one-way,night 23:00,none,179,193,172.31,172.31,206.57,172.31,true,true,IN_BAND_DIFFERENCE,
FD-prod(8c6f920),INTERCONTINENTAL_NATADOLA,Natadola,minibus,airport -> destination (arrival),one-way,day 10:00,child seat,179,168,179.31,179.31,179.31,179.31,true,true,MATCH,
FD-prod(8c6f920),INTERCONTINENTAL_NATADOLA,Natadola,minibus,airport -> destination (arrival),one-way,night 23:00,child seat,179,201,179.31,179.31,213.57,179.31,true,true,IN_BAND_DIFFERENCE,
FD-prod(8c6f920),INTERCONTINENTAL_NATADOLA,Natadola,minibus,airport -> destination (arrival),return,day 10:00,none,179,301,318.92,318.92,318.92,318.92,true,true,MATCH,
FD-prod(8c6f920),INTERCONTINENTAL_NATADOLA,Natadola,minibus,airport -> destination (arrival),return,night 23:00,none,179,360,318.92,318.92,382.71,318.92,true,true,IN_BAND_DIFFERENCE,
FD-prod(8c6f920),INTERCONTINENTAL_NATADOLA,Natadola,minibus,airport -> destination (arrival),return,day 10:00,child seat,179,309,325.92,325.92,325.92,325.92,true,true,MATCH,
FD-prod(8c6f920),INTERCONTINENTAL_NATADOLA,Natadola,minibus,airport -> destination (arrival),return,night 23:00,child seat,179,367,325.92,325.92,389.71,325.92,true,true,IN_BAND_DIFFERENCE,
FD-prod(8c6f920),ROBINSON_CRUSOE,Natadola,sedan,airport -> destination (arrival),one-way,day 10:00,none,99,89,105.43,105.43,105.43,105.43,true,true,MATCH,
FD-prod(8c6f920),ROBINSON_CRUSOE,Natadola,sedan,airport -> destination (arrival),one-way,night 23:00,none,99,108,105.43,105.43,126.92,105.43,true,true,IN_BAND_DIFFERENCE,
FD-prod(8c6f920),ROBINSON_CRUSOE,Natadola,sedan,airport -> destination (arrival),one-way,day 10:00,child seat,99,96,112.43,112.43,112.43,112.43,true,true,MATCH,
FD-prod(8c6f920),ROBINSON_CRUSOE,Natadola,sedan,airport -> destination (arrival),one-way,night 23:00,child seat,99,115,112.43,112.43,133.92,112.43,true,true,IN_BAND_DIFFERENCE,
FD-prod(8c6f920),ROBINSON_CRUSOE,Natadola,sedan,airport -> destination (arrival),return,day 10:00,none,99,166,195.25,195.25,195.25,195.25,true,true,MATCH,
FD-prod(8c6f920),ROBINSON_CRUSOE,Natadola,sedan,airport -> destination (arrival),return,night 23:00,none,99,198,195.25,195.25,234.69,195.25,true,true,IN_BAND_DIFFERENCE,
FD-prod(8c6f920),ROBINSON_CRUSOE,Natadola,sedan,airport -> destination (arrival),return,day 10:00,child seat,99,174,202.25,202.25,202.25,202.25,true,true,MATCH,
FD-prod(8c6f920),ROBINSON_CRUSOE,Natadola,sedan,airport -> destination (arrival),return,night 23:00,child seat,99,205,202.25,202.25,241.69,202.25,true,true,IN_BAND_DIFFERENCE,
FD-prod(8c6f920),ROBINSON_CRUSOE,Natadola,minivan,airport -> destination (arrival),one-way,day 10:00,none,149,134,139.13,139.13,139.13,139.13,true,true,MATCH,
FD-prod(8c6f920),ROBINSON_CRUSOE,Natadola,minivan,airport -> destination (arrival),one-way,night 23:00,none,149,162,139.13,139.13,167.16,139.13,true,true,IN_BAND_DIFFERENCE,
FD-prod(8c6f920),ROBINSON_CRUSOE,Natadola,minivan,airport -> destination (arrival),one-way,day 10:00,child seat,149,141,147.13,147.13,147.13,147.13,true,true,MATCH,
FD-prod(8c6f920),ROBINSON_CRUSOE,Natadola,minivan,airport -> destination (arrival),one-way,night 23:00,child seat,149,169,147.13,147.13,175.16,147.13,true,true,IN_BAND_DIFFERENCE,
FD-prod(8c6f920),ROBINSON_CRUSOE,Natadola,minivan,airport -> destination (arrival),return,day 10:00,none,149,252,257.99,257.99,257.99,257.99,true,true,MATCH,
FD-prod(8c6f920),ROBINSON_CRUSOE,Natadola,minivan,airport -> destination (arrival),return,night 23:00,none,149,301,257.99,257.99,310.39,257.99,true,true,IN_BAND_DIFFERENCE,
FD-prod(8c6f920),ROBINSON_CRUSOE,Natadola,minivan,airport -> destination (arrival),return,day 10:00,child seat,149,259,265.99,265.99,265.99,265.99,true,true,MATCH,
FD-prod(8c6f920),ROBINSON_CRUSOE,Natadola,minivan,airport -> destination (arrival),return,night 23:00,child seat,149,309,265.99,265.99,317.39,265.99,true,true,IN_BAND_DIFFERENCE,
FD-prod(8c6f920),ROBINSON_CRUSOE,Natadola,minibus,airport -> destination (arrival),one-way,day 10:00,none,179,161,172.31,172.31,172.31,172.31,true,true,MATCH,
FD-prod(8c6f920),ROBINSON_CRUSOE,Natadola,minibus,airport -> destination (arrival),one-way,night 23:00,none,179,193,172.31,172.31,206.57,172.31,true,true,IN_BAND_DIFFERENCE,
FD-prod(8c6f920),ROBINSON_CRUSOE,Natadola,minibus,airport -> destination (arrival),one-way,day 10:00,child seat,179,168,179.31,179.31,179.31,179.31,true,true,MATCH,
FD-prod(8c6f920),ROBINSON_CRUSOE,Natadola,minibus,airport -> destination (arrival),one-way,night 23:00,child seat,179,201,179.31,179.31,213.57,179.31,true,true,IN_BAND_DIFFERENCE,
FD-prod(8c6f920),ROBINSON_CRUSOE,Natadola,minibus,airport -> destination (arrival),return,day 10:00,none,179,301,318.92,318.92,318.92,318.92,true,true,MATCH,
FD-prod(8c6f920),ROBINSON_CRUSOE,Natadola,minibus,airport -> destination (arrival),return,night 23:00,none,179,360,318.92,318.92,382.71,318.92,true,true,IN_BAND_DIFFERENCE,
FD-prod(8c6f920),ROBINSON_CRUSOE,Natadola,minibus,airport -> destination (arrival),return,day 10:00,child seat,179,309,325.92,325.92,325.92,325.92,true,true,MATCH,
FD-prod(8c6f920),ROBINSON_CRUSOE,Natadola,minibus,airport -> destination (arrival),return,night 23:00,child seat,179,367,325.92,325.92,389.71,325.92,true,true,IN_BAND_DIFFERENCE,
FD-prod(8c6f920),SIGATOKA_SAND_DUNES,Sigatoka,sedan,airport -> destination (arrival),one-way,day 10:00,none,129,116,124.49,124.49,124.49,124.49,true,true,MATCH,
FD-prod(8c6f920),SIGATOKA_SAND_DUNES,Sigatoka,sedan,airport -> destination (arrival),one-way,night 23:00,none,129,139,124.49,124.49,149.19,124.49,true,true,IN_BAND_DIFFERENCE,
FD-prod(8c6f920),SIGATOKA_SAND_DUNES,Sigatoka,sedan,airport -> destination (arrival),one-way,day 10:00,child seat,129,123,131.49,131.49,131.49,131.49,true,true,MATCH,
FD-prod(8c6f920),SIGATOKA_SAND_DUNES,Sigatoka,sedan,airport -> destination (arrival),one-way,night 23:00,child seat,129,147,131.49,131.49,157.19,131.49,true,true,IN_BAND_DIFFERENCE,
FD-prod(8c6f920),SIGATOKA_SAND_DUNES,Sigatoka,sedan,airport -> destination (arrival),return,day 10:00,none,129,216,230.21,230.21,230.21,230.21,true,true,MATCH,
FD-prod(8c6f920),SIGATOKA_SAND_DUNES,Sigatoka,sedan,airport -> destination (arrival),return,night 23:00,none,129,261,230.21,230.21,276.45,230.21,true,true,IN_BAND_DIFFERENCE,
FD-prod(8c6f920),SIGATOKA_SAND_DUNES,Sigatoka,sedan,airport -> destination (arrival),return,day 10:00,child seat,129,223,238.21,238.21,238.21,238.21,true,true,MATCH,
FD-prod(8c6f920),SIGATOKA_SAND_DUNES,Sigatoka,sedan,airport -> destination (arrival),return,night 23:00,child seat,129,268,238.21,238.21,283.45,238.21,true,true,IN_BAND_DIFFERENCE,
FD-prod(8c6f920),SIGATOKA_SAND_DUNES,Sigatoka,minivan,airport -> destination (arrival),one-way,day 10:00,none,159,143,146.14,146.14,146.14,146.14,true,true,MATCH,
FD-prod(8c6f920),SIGATOKA_SAND_DUNES,Sigatoka,minivan,airport -> destination (arrival),one-way,night 23:00,none,159,175,146.14,146.14,175.57,146.14,true,true,IN_BAND_DIFFERENCE,
FD-prod(8c6f920),SIGATOKA_SAND_DUNES,Sigatoka,minivan,airport -> destination (arrival),one-way,day 10:00,child seat,159,150,153.14,153.14,153.14,153.14,true,true,MATCH,
FD-prod(8c6f920),SIGATOKA_SAND_DUNES,Sigatoka,minivan,airport -> destination (arrival),one-way,night 23:00,child seat,159,183,153.14,153.14,182.57,153.14,true,true,IN_BAND_DIFFERENCE,
FD-prod(8c6f920),SIGATOKA_SAND_DUNES,Sigatoka,minivan,airport -> destination (arrival),return,day 10:00,none,159,265,269.96,269.96,269.96,269.96,true,true,MATCH,
FD-prod(8c6f920),SIGATOKA_SAND_DUNES,Sigatoka,minivan,airport -> destination (arrival),return,night 23:00,none,159,319,269.96,269.96,323.95,269.96,true,true,IN_BAND_DIFFERENCE,
FD-prod(8c6f920),SIGATOKA_SAND_DUNES,Sigatoka,minivan,airport -> destination (arrival),return,day 10:00,child seat,159,273,276.96,276.96,276.96,276.96,true,true,MATCH,
FD-prod(8c6f920),SIGATOKA_SAND_DUNES,Sigatoka,minivan,airport -> destination (arrival),return,night 23:00,child seat,159,327,276.96,276.96,330.95,276.96,true,true,IN_BAND_DIFFERENCE,
FD-prod(8c6f920),SIGATOKA_SAND_DUNES,Sigatoka,minibus,airport -> destination (arrival),one-way,day 10:00,none,199,179,184.31,184.31,184.31,184.31,true,true,MATCH,
FD-prod(8c6f920),SIGATOKA_SAND_DUNES,Sigatoka,minibus,airport -> destination (arrival),one-way,night 23:00,none,199,216,184.31,184.31,221.37,184.31,true,true,IN_BAND_DIFFERENCE,
FD-prod(8c6f920),SIGATOKA_SAND_DUNES,Sigatoka,minibus,airport -> destination (arrival),one-way,day 10:00,child seat,199,186,192.31,192.31,192.31,192.31,true,true,MATCH,
FD-prod(8c6f920),SIGATOKA_SAND_DUNES,Sigatoka,minibus,airport -> destination (arrival),one-way,night 23:00,child seat,199,223,192.31,192.31,229.37,192.31,true,true,IN_BAND_DIFFERENCE,
FD-prod(8c6f920),SIGATOKA_SAND_DUNES,Sigatoka,minibus,airport -> destination (arrival),return,day 10:00,none,199,333,341.82,341.82,341.82,341.82,true,true,MATCH,
FD-prod(8c6f920),SIGATOKA_SAND_DUNES,Sigatoka,minibus,airport -> destination (arrival),return,night 23:00,none,199,400,341.82,341.82,409.79,341.82,true,true,IN_BAND_DIFFERENCE,
FD-prod(8c6f920),SIGATOKA_SAND_DUNES,Sigatoka,minibus,airport -> destination (arrival),return,day 10:00,child seat,199,340,348.82,348.82,348.82,348.82,true,true,MATCH,
FD-prod(8c6f920),SIGATOKA_SAND_DUNES,Sigatoka,minibus,airport -> destination (arrival),return,night 23:00,child seat,199,408,348.82,348.82,417.79,348.82,true,true,IN_BAND_DIFFERENCE,
FD-prod(8c6f920),BEDARRA_INN,Sigatoka,sedan,airport -> destination (arrival),one-way,day 10:00,none,129,116,124.49,124.49,124.49,124.49,true,true,MATCH,
FD-prod(8c6f920),BEDARRA_INN,Sigatoka,sedan,airport -> destination (arrival),one-way,night 23:00,none,129,139,124.49,124.49,149.19,124.49,true,true,IN_BAND_DIFFERENCE,
FD-prod(8c6f920),BEDARRA_INN,Sigatoka,sedan,airport -> destination (arrival),one-way,day 10:00,child seat,129,123,131.49,131.49,131.49,131.49,true,true,MATCH,
FD-prod(8c6f920),BEDARRA_INN,Sigatoka,sedan,airport -> destination (arrival),one-way,night 23:00,child seat,129,147,131.49,131.49,157.19,131.49,true,true,IN_BAND_DIFFERENCE,
FD-prod(8c6f920),BEDARRA_INN,Sigatoka,sedan,airport -> destination (arrival),return,day 10:00,none,129,216,230.21,230.21,230.21,230.21,true,true,MATCH,
FD-prod(8c6f920),BEDARRA_INN,Sigatoka,sedan,airport -> destination (arrival),return,night 23:00,none,129,261,230.21,230.21,276.45,230.21,true,true,IN_BAND_DIFFERENCE,
FD-prod(8c6f920),BEDARRA_INN,Sigatoka,sedan,airport -> destination (arrival),return,day 10:00,child seat,129,223,238.21,238.21,238.21,238.21,true,true,MATCH,
FD-prod(8c6f920),BEDARRA_INN,Sigatoka,sedan,airport -> destination (arrival),return,night 23:00,child seat,129,268,238.21,238.21,283.45,238.21,true,true,IN_BAND_DIFFERENCE,
FD-prod(8c6f920),BEDARRA_INN,Sigatoka,minivan,airport -> destination (arrival),one-way,day 10:00,none,159,143,146.14,146.14,146.14,146.14,true,true,MATCH,
FD-prod(8c6f920),BEDARRA_INN,Sigatoka,minivan,airport -> destination (arrival),one-way,night 23:00,none,159,175,146.14,146.14,175.57,146.14,true,true,IN_BAND_DIFFERENCE,
FD-prod(8c6f920),BEDARRA_INN,Sigatoka,minivan,airport -> destination (arrival),one-way,day 10:00,child seat,159,150,153.14,153.14,153.14,153.14,true,true,MATCH,
FD-prod(8c6f920),BEDARRA_INN,Sigatoka,minivan,airport -> destination (arrival),one-way,night 23:00,child seat,159,183,153.14,153.14,182.57,153.14,true,true,IN_BAND_DIFFERENCE,
FD-prod(8c6f920),BEDARRA_INN,Sigatoka,minivan,airport -> destination (arrival),return,day 10:00,none,159,265,269.96,269.96,269.96,269.96,true,true,MATCH,
FD-prod(8c6f920),BEDARRA_INN,Sigatoka,minivan,airport -> destination (arrival),return,night 23:00,none,159,319,269.96,269.96,323.95,269.96,true,true,IN_BAND_DIFFERENCE,
FD-prod(8c6f920),BEDARRA_INN,Sigatoka,minivan,airport -> destination (arrival),return,day 10:00,child seat,159,273,276.96,276.96,276.96,276.96,true,true,MATCH,
FD-prod(8c6f920),BEDARRA_INN,Sigatoka,minivan,airport -> destination (arrival),return,night 23:00,child seat,159,327,276.96,276.96,330.95,276.96,true,true,IN_BAND_DIFFERENCE,
FD-prod(8c6f920),BEDARRA_INN,Sigatoka,minibus,airport -> destination (arrival),one-way,day 10:00,none,199,179,184.31,184.31,184.31,184.31,true,true,MATCH,
FD-prod(8c6f920),BEDARRA_INN,Sigatoka,minibus,airport -> destination (arrival),one-way,night 23:00,none,199,216,184.31,184.31,221.37,184.31,true,true,IN_BAND_DIFFERENCE,
FD-prod(8c6f920),BEDARRA_INN,Sigatoka,minibus,airport -> destination (arrival),one-way,day 10:00,child seat,199,186,192.31,192.31,192.31,192.31,true,true,MATCH,
FD-prod(8c6f920),BEDARRA_INN,Sigatoka,minibus,airport -> destination (arrival),one-way,night 23:00,child seat,199,223,192.31,192.31,229.37,192.31,true,true,IN_BAND_DIFFERENCE,
FD-prod(8c6f920),BEDARRA_INN,Sigatoka,minibus,airport -> destination (arrival),return,day 10:00,none,199,333,341.82,341.82,341.82,341.82,true,true,MATCH,
FD-prod(8c6f920),BEDARRA_INN,Sigatoka,minibus,airport -> destination (arrival),return,night 23:00,none,199,400,341.82,341.82,409.79,341.82,true,true,IN_BAND_DIFFERENCE,
FD-prod(8c6f920),BEDARRA_INN,Sigatoka,minibus,airport -> destination (arrival),return,day 10:00,child seat,199,340,348.82,348.82,348.82,348.82,true,true,MATCH,
FD-prod(8c6f920),BEDARRA_INN,Sigatoka,minibus,airport -> destination (arrival),return,night 23:00,child seat,199,408,348.82,348.82,417.79,348.82,true,true,IN_BAND_DIFFERENCE,
FD-prod(8c6f920),KULA_ECO,Sigatoka,sedan,airport -> destination (arrival),one-way,day 10:00,none,129,116,124.49,124.49,124.49,124.49,true,true,MATCH,
FD-prod(8c6f920),KULA_ECO,Sigatoka,sedan,airport -> destination (arrival),one-way,night 23:00,none,129,139,124.49,124.49,149.19,124.49,true,true,IN_BAND_DIFFERENCE,
FD-prod(8c6f920),KULA_ECO,Sigatoka,sedan,airport -> destination (arrival),one-way,day 10:00,child seat,129,123,131.49,131.49,131.49,131.49,true,true,MATCH,
FD-prod(8c6f920),KULA_ECO,Sigatoka,sedan,airport -> destination (arrival),one-way,night 23:00,child seat,129,147,131.49,131.49,157.19,131.49,true,true,IN_BAND_DIFFERENCE,
FD-prod(8c6f920),KULA_ECO,Sigatoka,sedan,airport -> destination (arrival),return,day 10:00,none,129,216,230.21,230.21,230.21,230.21,true,true,MATCH,
FD-prod(8c6f920),KULA_ECO,Sigatoka,sedan,airport -> destination (arrival),return,night 23:00,none,129,261,230.21,230.21,276.45,230.21,true,true,IN_BAND_DIFFERENCE,
FD-prod(8c6f920),KULA_ECO,Sigatoka,sedan,airport -> destination (arrival),return,day 10:00,child seat,129,223,238.21,238.21,238.21,238.21,true,true,MATCH,
FD-prod(8c6f920),KULA_ECO,Sigatoka,sedan,airport -> destination (arrival),return,night 23:00,child seat,129,268,238.21,238.21,283.45,238.21,true,true,IN_BAND_DIFFERENCE,
FD-prod(8c6f920),KULA_ECO,Sigatoka,minivan,airport -> destination (arrival),one-way,day 10:00,none,159,143,146.14,146.14,146.14,146.14,true,true,MATCH,
FD-prod(8c6f920),KULA_ECO,Sigatoka,minivan,airport -> destination (arrival),one-way,night 23:00,none,159,175,146.14,146.14,175.57,146.14,true,true,IN_BAND_DIFFERENCE,
FD-prod(8c6f920),KULA_ECO,Sigatoka,minivan,airport -> destination (arrival),one-way,day 10:00,child seat,159,150,153.14,153.14,153.14,153.14,true,true,MATCH,
FD-prod(8c6f920),KULA_ECO,Sigatoka,minivan,airport -> destination (arrival),one-way,night 23:00,child seat,159,183,153.14,153.14,182.57,153.14,true,true,IN_BAND_DIFFERENCE,
FD-prod(8c6f920),KULA_ECO,Sigatoka,minivan,airport -> destination (arrival),return,day 10:00,none,159,265,269.96,269.96,269.96,269.96,true,true,MATCH,
FD-prod(8c6f920),KULA_ECO,Sigatoka,minivan,airport -> destination (arrival),return,night 23:00,none,159,319,269.96,269.96,323.95,269.96,true,true,IN_BAND_DIFFERENCE,
FD-prod(8c6f920),KULA_ECO,Sigatoka,minivan,airport -> destination (arrival),return,day 10:00,child seat,159,273,276.96,276.96,276.96,276.96,true,true,MATCH,
FD-prod(8c6f920),KULA_ECO,Sigatoka,minivan,airport -> destination (arrival),return,night 23:00,child seat,159,327,276.96,276.96,330.95,276.96,true,true,IN_BAND_DIFFERENCE,
FD-prod(8c6f920),KULA_ECO,Sigatoka,minibus,airport -> destination (arrival),one-way,day 10:00,none,199,179,184.31,184.31,184.31,184.31,true,true,MATCH,
FD-prod(8c6f920),KULA_ECO,Sigatoka,minibus,airport -> destination (arrival),one-way,night 23:00,none,199,216,184.31,184.31,221.37,184.31,true,true,IN_BAND_DIFFERENCE,
FD-prod(8c6f920),KULA_ECO,Sigatoka,minibus,airport -> destination (arrival),one-way,day 10:00,child seat,199,186,192.31,192.31,192.31,192.31,true,true,MATCH,
FD-prod(8c6f920),KULA_ECO,Sigatoka,minibus,airport -> destination (arrival),one-way,night 23:00,child seat,199,223,192.31,192.31,229.37,192.31,true,true,IN_BAND_DIFFERENCE,
FD-prod(8c6f920),KULA_ECO,Sigatoka,minibus,airport -> destination (arrival),return,day 10:00,none,199,333,341.82,341.82,341.82,341.82,true,true,MATCH,
FD-prod(8c6f920),KULA_ECO,Sigatoka,minibus,airport -> destination (arrival),return,night 23:00,none,199,400,341.82,341.82,409.79,341.82,true,true,IN_BAND_DIFFERENCE,
FD-prod(8c6f920),KULA_ECO,Sigatoka,minibus,airport -> destination (arrival),return,day 10:00,child seat,199,340,348.82,348.82,348.82,348.82,true,true,MATCH,
FD-prod(8c6f920),KULA_ECO,Sigatoka,minibus,airport -> destination (arrival),return,night 23:00,child seat,199,408,348.82,348.82,417.79,348.82,true,true,IN_BAND_DIFFERENCE,
FD-prod(8c6f920),SHANGRI_LA_YANUCA,Coral Coast,sedan,airport -> destination (arrival),one-way,day 10:00,none,129,116,127.96,127.96,127.96,127.96,true,true,MATCH,
FD-prod(8c6f920),SHANGRI_LA_YANUCA,Coral Coast,sedan,airport -> destination (arrival),one-way,night 23:00,none,129,139,127.96,127.96,153.35,127.96,true,true,IN_BAND_DIFFERENCE,
FD-prod(8c6f920),SHANGRI_LA_YANUCA,Coral Coast,sedan,airport -> destination (arrival),one-way,day 10:00,child seat,129,123,134.96,134.96,134.96,134.96,true,true,MATCH,
FD-prod(8c6f920),SHANGRI_LA_YANUCA,Coral Coast,sedan,airport -> destination (arrival),one-way,night 23:00,child seat,129,147,134.96,134.96,160.35,134.96,true,true,IN_BAND_DIFFERENCE,
FD-prod(8c6f920),SHANGRI_LA_YANUCA,Coral Coast,sedan,airport -> destination (arrival),return,day 10:00,none,129,216,236.63,236.63,236.63,236.63,true,true,MATCH,
FD-prod(8c6f920),SHANGRI_LA_YANUCA,Coral Coast,sedan,airport -> destination (arrival),return,night 23:00,none,129,261,236.63,236.63,283.15,236.63,true,true,IN_BAND_DIFFERENCE,
FD-prod(8c6f920),SHANGRI_LA_YANUCA,Coral Coast,sedan,airport -> destination (arrival),return,day 10:00,child seat,129,223,243.63,243.63,243.63,243.63,true,true,MATCH,
FD-prod(8c6f920),SHANGRI_LA_YANUCA,Coral Coast,sedan,airport -> destination (arrival),return,night 23:00,child seat,129,268,243.63,243.63,291.15,243.63,true,true,IN_BAND_DIFFERENCE,
FD-prod(8c6f920),SHANGRI_LA_YANUCA,Coral Coast,minivan,airport -> destination (arrival),one-way,day 10:00,none,159,143,158.81,158.81,158.81,158.81,true,true,MATCH,
FD-prod(8c6f920),SHANGRI_LA_YANUCA,Coral Coast,minivan,airport -> destination (arrival),one-way,night 23:00,none,159,175,158.81,158.81,191.17,158.81,true,true,IN_BAND_DIFFERENCE,
FD-prod(8c6f920),SHANGRI_LA_YANUCA,Coral Coast,minivan,airport -> destination (arrival),one-way,day 10:00,child seat,159,150,166.81,166.81,166.81,166.81,true,true,MATCH,
FD-prod(8c6f920),SHANGRI_LA_YANUCA,Coral Coast,minivan,airport -> destination (arrival),one-way,night 23:00,child seat,159,183,166.81,166.81,198.17,166.81,true,true,IN_BAND_DIFFERENCE,
FD-prod(8c6f920),SHANGRI_LA_YANUCA,Coral Coast,minivan,airport -> destination (arrival),return,day 10:00,none,159,265,294.1,294.1,294.1,294.1,true,true,MATCH,
FD-prod(8c6f920),SHANGRI_LA_YANUCA,Coral Coast,minivan,airport -> destination (arrival),return,night 23:00,none,159,319,294.1,294.1,353.52,294.1,true,true,IN_BAND_DIFFERENCE,
FD-prod(8c6f920),SHANGRI_LA_YANUCA,Coral Coast,minivan,airport -> destination (arrival),return,day 10:00,child seat,159,273,301.1,301.1,301.1,301.1,true,true,MATCH,
FD-prod(8c6f920),SHANGRI_LA_YANUCA,Coral Coast,minivan,airport -> destination (arrival),return,night 23:00,child seat,159,327,301.1,301.1,360.52,301.1,true,true,IN_BAND_DIFFERENCE,
FD-prod(8c6f920),SHANGRI_LA_YANUCA,Coral Coast,minibus,airport -> destination (arrival),one-way,day 10:00,none,199,179,197.37,197.37,197.37,197.37,true,true,MATCH,
FD-prod(8c6f920),SHANGRI_LA_YANUCA,Coral Coast,minibus,airport -> destination (arrival),one-way,night 23:00,none,199,216,197.37,197.37,237.24,197.37,true,true,IN_BAND_DIFFERENCE,
FD-prod(8c6f920),SHANGRI_LA_YANUCA,Coral Coast,minibus,airport -> destination (arrival),one-way,day 10:00,child seat,199,186,204.37,204.37,204.37,204.37,true,true,MATCH,
FD-prod(8c6f920),SHANGRI_LA_YANUCA,Coral Coast,minibus,airport -> destination (arrival),one-way,night 23:00,child seat,199,223,204.37,204.37,244.24,204.37,true,true,IN_BAND_DIFFERENCE,
FD-prod(8c6f920),SHANGRI_LA_YANUCA,Coral Coast,minibus,airport -> destination (arrival),return,day 10:00,none,199,333,364.83,364.83,364.83,364.83,true,true,MATCH,
FD-prod(8c6f920),SHANGRI_LA_YANUCA,Coral Coast,minibus,airport -> destination (arrival),return,night 23:00,none,199,400,364.83,364.83,438,364.83,true,true,IN_BAND_DIFFERENCE,
FD-prod(8c6f920),SHANGRI_LA_YANUCA,Coral Coast,minibus,airport -> destination (arrival),return,day 10:00,child seat,199,340,372.83,372.83,372.83,372.83,true,true,MATCH,
FD-prod(8c6f920),SHANGRI_LA_YANUCA,Coral Coast,minibus,airport -> destination (arrival),return,night 23:00,child seat,199,408,372.83,372.83,445,372.83,true,true,IN_BAND_DIFFERENCE,
FD-prod(8c6f920),HIDEAWAY_RESORT,Coral Coast,sedan,airport -> destination (arrival),one-way,day 10:00,none,129,116,127.96,127.96,127.96,127.96,true,true,MATCH,
FD-prod(8c6f920),HIDEAWAY_RESORT,Coral Coast,sedan,airport -> destination (arrival),one-way,night 23:00,none,129,139,127.96,127.96,153.35,127.96,true,true,IN_BAND_DIFFERENCE,
FD-prod(8c6f920),HIDEAWAY_RESORT,Coral Coast,sedan,airport -> destination (arrival),one-way,day 10:00,child seat,129,123,134.96,134.96,134.96,134.96,true,true,MATCH,
FD-prod(8c6f920),HIDEAWAY_RESORT,Coral Coast,sedan,airport -> destination (arrival),one-way,night 23:00,child seat,129,147,134.96,134.96,160.35,134.96,true,true,IN_BAND_DIFFERENCE,
FD-prod(8c6f920),HIDEAWAY_RESORT,Coral Coast,sedan,airport -> destination (arrival),return,day 10:00,none,129,216,236.63,236.63,236.63,236.63,true,true,MATCH,
FD-prod(8c6f920),HIDEAWAY_RESORT,Coral Coast,sedan,airport -> destination (arrival),return,night 23:00,none,129,261,236.63,236.63,283.15,236.63,true,true,IN_BAND_DIFFERENCE,
FD-prod(8c6f920),HIDEAWAY_RESORT,Coral Coast,sedan,airport -> destination (arrival),return,day 10:00,child seat,129,223,243.63,243.63,243.63,243.63,true,true,MATCH,
FD-prod(8c6f920),HIDEAWAY_RESORT,Coral Coast,sedan,airport -> destination (arrival),return,night 23:00,child seat,129,268,243.63,243.63,291.15,243.63,true,true,IN_BAND_DIFFERENCE,
FD-prod(8c6f920),HIDEAWAY_RESORT,Coral Coast,minivan,airport -> destination (arrival),one-way,day 10:00,none,159,143,158.81,158.81,158.81,158.81,true,true,MATCH,
FD-prod(8c6f920),HIDEAWAY_RESORT,Coral Coast,minivan,airport -> destination (arrival),one-way,night 23:00,none,159,175,158.81,158.81,191.17,158.81,true,true,IN_BAND_DIFFERENCE,
FD-prod(8c6f920),HIDEAWAY_RESORT,Coral Coast,minivan,airport -> destination (arrival),one-way,day 10:00,child seat,159,150,166.81,166.81,166.81,166.81,true,true,MATCH,
FD-prod(8c6f920),HIDEAWAY_RESORT,Coral Coast,minivan,airport -> destination (arrival),one-way,night 23:00,child seat,159,183,166.81,166.81,198.17,166.81,true,true,IN_BAND_DIFFERENCE,
FD-prod(8c6f920),HIDEAWAY_RESORT,Coral Coast,minivan,airport -> destination (arrival),return,day 10:00,none,159,265,294.1,294.1,294.1,294.1,true,true,MATCH,
FD-prod(8c6f920),HIDEAWAY_RESORT,Coral Coast,minivan,airport -> destination (arrival),return,night 23:00,none,159,319,294.1,294.1,353.52,294.1,true,true,IN_BAND_DIFFERENCE,
FD-prod(8c6f920),HIDEAWAY_RESORT,Coral Coast,minivan,airport -> destination (arrival),return,day 10:00,child seat,159,273,301.1,301.1,301.1,301.1,true,true,MATCH,
FD-prod(8c6f920),HIDEAWAY_RESORT,Coral Coast,minivan,airport -> destination (arrival),return,night 23:00,child seat,159,327,301.1,301.1,360.52,301.1,true,true,IN_BAND_DIFFERENCE,
FD-prod(8c6f920),HIDEAWAY_RESORT,Coral Coast,minibus,airport -> destination (arrival),one-way,day 10:00,none,199,179,197.37,197.37,197.37,197.37,true,true,MATCH,
FD-prod(8c6f920),HIDEAWAY_RESORT,Coral Coast,minibus,airport -> destination (arrival),one-way,night 23:00,none,199,216,197.37,197.37,237.24,197.37,true,true,IN_BAND_DIFFERENCE,
FD-prod(8c6f920),HIDEAWAY_RESORT,Coral Coast,minibus,airport -> destination (arrival),one-way,day 10:00,child seat,199,186,204.37,204.37,204.37,204.37,true,true,MATCH,
FD-prod(8c6f920),HIDEAWAY_RESORT,Coral Coast,minibus,airport -> destination (arrival),one-way,night 23:00,child seat,199,223,204.37,204.37,244.24,204.37,true,true,IN_BAND_DIFFERENCE,
FD-prod(8c6f920),HIDEAWAY_RESORT,Coral Coast,minibus,airport -> destination (arrival),return,day 10:00,none,199,333,364.83,364.83,364.83,364.83,true,true,MATCH,
FD-prod(8c6f920),HIDEAWAY_RESORT,Coral Coast,minibus,airport -> destination (arrival),return,night 23:00,none,199,400,364.83,364.83,438,364.83,true,true,IN_BAND_DIFFERENCE,
FD-prod(8c6f920),HIDEAWAY_RESORT,Coral Coast,minibus,airport -> destination (arrival),return,day 10:00,child seat,199,340,372.83,372.83,372.83,372.83,true,true,MATCH,
FD-prod(8c6f920),HIDEAWAY_RESORT,Coral Coast,minibus,airport -> destination (arrival),return,night 23:00,child seat,199,408,372.83,372.83,445,372.83,true,true,IN_BAND_DIFFERENCE,
FD-prod(8c6f920),CRUSOES_RETREAT,Coral Coast,sedan,airport -> destination (arrival),one-way,day 10:00,none,129,116,127.96,127.96,127.96,127.96,true,true,MATCH,
FD-prod(8c6f920),CRUSOES_RETREAT,Coral Coast,sedan,airport -> destination (arrival),one-way,night 23:00,none,129,139,127.96,127.96,153.35,127.96,true,true,IN_BAND_DIFFERENCE,
FD-prod(8c6f920),CRUSOES_RETREAT,Coral Coast,sedan,airport -> destination (arrival),one-way,day 10:00,child seat,129,123,134.96,134.96,134.96,134.96,true,true,MATCH,
FD-prod(8c6f920),CRUSOES_RETREAT,Coral Coast,sedan,airport -> destination (arrival),one-way,night 23:00,child seat,129,147,134.96,134.96,160.35,134.96,true,true,IN_BAND_DIFFERENCE,
FD-prod(8c6f920),CRUSOES_RETREAT,Coral Coast,sedan,airport -> destination (arrival),return,day 10:00,none,129,216,236.63,236.63,236.63,236.63,true,true,MATCH,
FD-prod(8c6f920),CRUSOES_RETREAT,Coral Coast,sedan,airport -> destination (arrival),return,night 23:00,none,129,261,236.63,236.63,283.15,236.63,true,true,IN_BAND_DIFFERENCE,
FD-prod(8c6f920),CRUSOES_RETREAT,Coral Coast,sedan,airport -> destination (arrival),return,day 10:00,child seat,129,223,243.63,243.63,243.63,243.63,true,true,MATCH,
FD-prod(8c6f920),CRUSOES_RETREAT,Coral Coast,sedan,airport -> destination (arrival),return,night 23:00,child seat,129,268,243.63,243.63,291.15,243.63,true,true,IN_BAND_DIFFERENCE,
FD-prod(8c6f920),CRUSOES_RETREAT,Coral Coast,minivan,airport -> destination (arrival),one-way,day 10:00,none,159,143,158.81,158.81,158.81,158.81,true,true,MATCH,
FD-prod(8c6f920),CRUSOES_RETREAT,Coral Coast,minivan,airport -> destination (arrival),one-way,night 23:00,none,159,175,158.81,158.81,191.17,158.81,true,true,IN_BAND_DIFFERENCE,
FD-prod(8c6f920),CRUSOES_RETREAT,Coral Coast,minivan,airport -> destination (arrival),one-way,day 10:00,child seat,159,150,166.81,166.81,166.81,166.81,true,true,MATCH,
FD-prod(8c6f920),CRUSOES_RETREAT,Coral Coast,minivan,airport -> destination (arrival),one-way,night 23:00,child seat,159,183,166.81,166.81,198.17,166.81,true,true,IN_BAND_DIFFERENCE,
FD-prod(8c6f920),CRUSOES_RETREAT,Coral Coast,minivan,airport -> destination (arrival),return,day 10:00,none,159,265,294.1,294.1,294.1,294.1,true,true,MATCH,
FD-prod(8c6f920),CRUSOES_RETREAT,Coral Coast,minivan,airport -> destination (arrival),return,night 23:00,none,159,319,294.1,294.1,353.52,294.1,true,true,IN_BAND_DIFFERENCE,
FD-prod(8c6f920),CRUSOES_RETREAT,Coral Coast,minivan,airport -> destination (arrival),return,day 10:00,child seat,159,273,301.1,301.1,301.1,301.1,true,true,MATCH,
FD-prod(8c6f920),CRUSOES_RETREAT,Coral Coast,minivan,airport -> destination (arrival),return,night 23:00,child seat,159,327,301.1,301.1,360.52,301.1,true,true,IN_BAND_DIFFERENCE,
FD-prod(8c6f920),CRUSOES_RETREAT,Coral Coast,minibus,airport -> destination (arrival),one-way,day 10:00,none,199,179,197.37,197.37,197.37,197.37,true,true,MATCH,
FD-prod(8c6f920),CRUSOES_RETREAT,Coral Coast,minibus,airport -> destination (arrival),one-way,night 23:00,none,199,216,197.37,197.37,237.24,197.37,true,true,IN_BAND_DIFFERENCE,
FD-prod(8c6f920),CRUSOES_RETREAT,Coral Coast,minibus,airport -> destination (arrival),one-way,day 10:00,child seat,199,186,204.37,204.37,204.37,204.37,true,true,MATCH,
FD-prod(8c6f920),CRUSOES_RETREAT,Coral Coast,minibus,airport -> destination (arrival),one-way,night 23:00,child seat,199,223,204.37,204.37,244.24,204.37,true,true,IN_BAND_DIFFERENCE,
FD-prod(8c6f920),CRUSOES_RETREAT,Coral Coast,minibus,airport -> destination (arrival),return,day 10:00,none,199,333,364.83,364.83,364.83,364.83,true,true,MATCH,
FD-prod(8c6f920),CRUSOES_RETREAT,Coral Coast,minibus,airport -> destination (arrival),return,night 23:00,none,199,400,364.83,364.83,438,364.83,true,true,IN_BAND_DIFFERENCE,
FD-prod(8c6f920),CRUSOES_RETREAT,Coral Coast,minibus,airport -> destination (arrival),return,day 10:00,child seat,199,340,372.83,372.83,372.83,372.83,true,true,MATCH,
FD-prod(8c6f920),CRUSOES_RETREAT,Coral Coast,minibus,airport -> destination (arrival),return,night 23:00,child seat,199,408,372.83,372.83,445,372.83,true,true,IN_BAND_DIFFERENCE,
FD-prod(8c6f920),OUTRIGGER_FIJI,Coral Coast,sedan,airport -> destination (arrival),one-way,day 10:00,none,129,116,127.96,127.96,127.96,127.96,true,true,MATCH,
FD-prod(8c6f920),OUTRIGGER_FIJI,Coral Coast,sedan,airport -> destination (arrival),one-way,night 23:00,none,129,139,127.96,127.96,153.35,127.96,true,true,IN_BAND_DIFFERENCE,
FD-prod(8c6f920),OUTRIGGER_FIJI,Coral Coast,sedan,airport -> destination (arrival),one-way,day 10:00,child seat,129,123,134.96,134.96,134.96,134.96,true,true,MATCH,
FD-prod(8c6f920),OUTRIGGER_FIJI,Coral Coast,sedan,airport -> destination (arrival),one-way,night 23:00,child seat,129,147,134.96,134.96,160.35,134.96,true,true,IN_BAND_DIFFERENCE,
FD-prod(8c6f920),OUTRIGGER_FIJI,Coral Coast,sedan,airport -> destination (arrival),return,day 10:00,none,129,216,236.63,236.63,236.63,236.63,true,true,MATCH,
FD-prod(8c6f920),OUTRIGGER_FIJI,Coral Coast,sedan,airport -> destination (arrival),return,night 23:00,none,129,261,236.63,236.63,283.15,236.63,true,true,IN_BAND_DIFFERENCE,
FD-prod(8c6f920),OUTRIGGER_FIJI,Coral Coast,sedan,airport -> destination (arrival),return,day 10:00,child seat,129,223,243.63,243.63,243.63,243.63,true,true,MATCH,
FD-prod(8c6f920),OUTRIGGER_FIJI,Coral Coast,sedan,airport -> destination (arrival),return,night 23:00,child seat,129,268,243.63,243.63,291.15,243.63,true,true,IN_BAND_DIFFERENCE,
FD-prod(8c6f920),OUTRIGGER_FIJI,Coral Coast,minivan,airport -> destination (arrival),one-way,day 10:00,none,159,143,158.81,158.81,158.81,158.81,true,true,MATCH,
FD-prod(8c6f920),OUTRIGGER_FIJI,Coral Coast,minivan,airport -> destination (arrival),one-way,night 23:00,none,159,175,158.81,158.81,191.17,158.81,true,true,IN_BAND_DIFFERENCE,
FD-prod(8c6f920),OUTRIGGER_FIJI,Coral Coast,minivan,airport -> destination (arrival),one-way,day 10:00,child seat,159,150,166.81,166.81,166.81,166.81,true,true,MATCH,
FD-prod(8c6f920),OUTRIGGER_FIJI,Coral Coast,minivan,airport -> destination (arrival),one-way,night 23:00,child seat,159,183,166.81,166.81,198.17,166.81,true,true,IN_BAND_DIFFERENCE,
FD-prod(8c6f920),OUTRIGGER_FIJI,Coral Coast,minivan,airport -> destination (arrival),return,day 10:00,none,159,265,294.1,294.1,294.1,294.1,true,true,MATCH,
FD-prod(8c6f920),OUTRIGGER_FIJI,Coral Coast,minivan,airport -> destination (arrival),return,night 23:00,none,159,319,294.1,294.1,353.52,294.1,true,true,IN_BAND_DIFFERENCE,
FD-prod(8c6f920),OUTRIGGER_FIJI,Coral Coast,minivan,airport -> destination (arrival),return,day 10:00,child seat,159,273,301.1,301.1,301.1,301.1,true,true,MATCH,
FD-prod(8c6f920),OUTRIGGER_FIJI,Coral Coast,minivan,airport -> destination (arrival),return,night 23:00,child seat,159,327,301.1,301.1,360.52,301.1,true,true,IN_BAND_DIFFERENCE,
FD-prod(8c6f920),OUTRIGGER_FIJI,Coral Coast,minibus,airport -> destination (arrival),one-way,day 10:00,none,199,179,197.37,197.37,197.37,197.37,true,true,MATCH,
FD-prod(8c6f920),OUTRIGGER_FIJI,Coral Coast,minibus,airport -> destination (arrival),one-way,night 23:00,none,199,216,197.37,197.37,237.24,197.37,true,true,IN_BAND_DIFFERENCE,
FD-prod(8c6f920),OUTRIGGER_FIJI,Coral Coast,minibus,airport -> destination (arrival),one-way,day 10:00,child seat,199,186,204.37,204.37,204.37,204.37,true,true,MATCH,
FD-prod(8c6f920),OUTRIGGER_FIJI,Coral Coast,minibus,airport -> destination (arrival),one-way,night 23:00,child seat,199,223,204.37,204.37,244.24,204.37,true,true,IN_BAND_DIFFERENCE,
FD-prod(8c6f920),OUTRIGGER_FIJI,Coral Coast,minibus,airport -> destination (arrival),return,day 10:00,none,199,333,364.83,364.83,364.83,364.83,true,true,MATCH,
FD-prod(8c6f920),OUTRIGGER_FIJI,Coral Coast,minibus,airport -> destination (arrival),return,night 23:00,none,199,400,364.83,364.83,438,364.83,true,true,IN_BAND_DIFFERENCE,
FD-prod(8c6f920),OUTRIGGER_FIJI,Coral Coast,minibus,airport -> destination (arrival),return,day 10:00,child seat,199,340,372.83,372.83,372.83,372.83,true,true,MATCH,
FD-prod(8c6f920),OUTRIGGER_FIJI,Coral Coast,minibus,airport -> destination (arrival),return,night 23:00,child seat,199,408,372.83,372.83,445,372.83,true,true,IN_BAND_DIFFERENCE,
FD-prod(8c6f920),THE_WARWICK,Coral Coast,sedan,airport -> destination (arrival),one-way,day 10:00,none,149,134,127.96,127.96,127.96,127.96,true,true,MATCH,
FD-prod(8c6f920),THE_WARWICK,Coral Coast,sedan,airport -> destination (arrival),one-way,night 23:00,none,149,162,127.96,127.96,153.35,127.96,true,true,IN_BAND_DIFFERENCE,
FD-prod(8c6f920),THE_WARWICK,Coral Coast,sedan,airport -> destination (arrival),one-way,day 10:00,child seat,149,141,134.96,134.96,134.96,134.96,true,true,MATCH,
FD-prod(8c6f920),THE_WARWICK,Coral Coast,sedan,airport -> destination (arrival),one-way,night 23:00,child seat,149,169,134.96,134.96,160.35,134.96,true,true,IN_BAND_DIFFERENCE,
FD-prod(8c6f920),THE_WARWICK,Coral Coast,sedan,airport -> destination (arrival),return,day 10:00,none,149,252,236.63,236.63,236.63,236.63,true,true,MATCH,
FD-prod(8c6f920),THE_WARWICK,Coral Coast,sedan,airport -> destination (arrival),return,night 23:00,none,149,301,236.63,236.63,283.15,236.63,true,true,IN_BAND_DIFFERENCE,
FD-prod(8c6f920),THE_WARWICK,Coral Coast,sedan,airport -> destination (arrival),return,day 10:00,child seat,149,259,243.63,243.63,243.63,243.63,true,true,MATCH,
FD-prod(8c6f920),THE_WARWICK,Coral Coast,sedan,airport -> destination (arrival),return,night 23:00,child seat,149,309,243.63,243.63,291.15,243.63,true,true,IN_BAND_DIFFERENCE,
FD-prod(8c6f920),THE_WARWICK,Coral Coast,minivan,airport -> destination (arrival),one-way,day 10:00,none,189,170,158.81,158.81,158.81,158.81,true,true,MATCH,
FD-prod(8c6f920),THE_WARWICK,Coral Coast,minivan,airport -> destination (arrival),one-way,night 23:00,none,189,207,158.81,158.81,191.17,158.81,true,true,IN_BAND_DIFFERENCE,
FD-prod(8c6f920),THE_WARWICK,Coral Coast,minivan,airport -> destination (arrival),one-way,day 10:00,child seat,189,177,166.81,166.81,166.81,166.81,true,true,MATCH,
FD-prod(8c6f920),THE_WARWICK,Coral Coast,minivan,airport -> destination (arrival),one-way,night 23:00,child seat,189,214,166.81,166.81,198.17,166.81,true,true,IN_BAND_DIFFERENCE,
FD-prod(8c6f920),THE_WARWICK,Coral Coast,minivan,airport -> destination (arrival),return,day 10:00,none,189,315,294.1,294.1,294.1,294.1,true,true,MATCH,
FD-prod(8c6f920),THE_WARWICK,Coral Coast,minivan,airport -> destination (arrival),return,night 23:00,none,189,378,294.1,294.1,353.52,294.1,true,true,IN_BAND_DIFFERENCE,
FD-prod(8c6f920),THE_WARWICK,Coral Coast,minivan,airport -> destination (arrival),return,day 10:00,child seat,189,322,301.1,301.1,301.1,301.1,true,true,MATCH,
FD-prod(8c6f920),THE_WARWICK,Coral Coast,minivan,airport -> destination (arrival),return,night 23:00,child seat,189,385,301.1,301.1,360.52,301.1,true,true,IN_BAND_DIFFERENCE,
FD-prod(8c6f920),THE_WARWICK,Coral Coast,minibus,airport -> destination (arrival),one-way,day 10:00,none,239,215,197.37,197.37,197.37,197.37,true,true,MATCH,
FD-prod(8c6f920),THE_WARWICK,Coral Coast,minibus,airport -> destination (arrival),one-way,night 23:00,none,239,261,197.37,197.37,237.24,197.37,true,true,IN_BAND_DIFFERENCE,
FD-prod(8c6f920),THE_WARWICK,Coral Coast,minibus,airport -> destination (arrival),one-way,day 10:00,child seat,239,222,204.37,204.37,204.37,204.37,true,true,MATCH,
FD-prod(8c6f920),THE_WARWICK,Coral Coast,minibus,airport -> destination (arrival),one-way,night 23:00,child seat,239,268,204.37,204.37,244.24,204.37,true,true,IN_BAND_DIFFERENCE,
FD-prod(8c6f920),THE_WARWICK,Coral Coast,minibus,airport -> destination (arrival),return,day 10:00,none,239,400,364.83,364.83,364.83,364.83,true,true,MATCH,
FD-prod(8c6f920),THE_WARWICK,Coral Coast,minibus,airport -> destination (arrival),return,night 23:00,none,239,481,364.83,364.83,438,364.83,true,true,IN_BAND_DIFFERENCE,
FD-prod(8c6f920),THE_WARWICK,Coral Coast,minibus,airport -> destination (arrival),return,day 10:00,child seat,239,408,372.83,372.83,372.83,372.83,true,true,MATCH,
FD-prod(8c6f920),THE_WARWICK,Coral Coast,minibus,airport -> destination (arrival),return,night 23:00,child seat,239,489,372.83,372.83,445,372.83,true,true,IN_BAND_DIFFERENCE,
FD-prod(8c6f920),NAVITI_RESORT,Coral Coast,sedan,airport -> destination (arrival),one-way,day 10:00,none,149,134,127.96,127.96,127.96,127.96,true,true,MATCH,
FD-prod(8c6f920),NAVITI_RESORT,Coral Coast,sedan,airport -> destination (arrival),one-way,night 23:00,none,149,162,127.96,127.96,153.35,127.96,true,true,IN_BAND_DIFFERENCE,
FD-prod(8c6f920),NAVITI_RESORT,Coral Coast,sedan,airport -> destination (arrival),one-way,day 10:00,child seat,149,141,134.96,134.96,134.96,134.96,true,true,MATCH,
FD-prod(8c6f920),NAVITI_RESORT,Coral Coast,sedan,airport -> destination (arrival),one-way,night 23:00,child seat,149,169,134.96,134.96,160.35,134.96,true,true,IN_BAND_DIFFERENCE,
FD-prod(8c6f920),NAVITI_RESORT,Coral Coast,sedan,airport -> destination (arrival),return,day 10:00,none,149,252,236.63,236.63,236.63,236.63,true,true,MATCH,
FD-prod(8c6f920),NAVITI_RESORT,Coral Coast,sedan,airport -> destination (arrival),return,night 23:00,none,149,301,236.63,236.63,283.15,236.63,true,true,IN_BAND_DIFFERENCE,
FD-prod(8c6f920),NAVITI_RESORT,Coral Coast,sedan,airport -> destination (arrival),return,day 10:00,child seat,149,259,243.63,243.63,243.63,243.63,true,true,MATCH,
FD-prod(8c6f920),NAVITI_RESORT,Coral Coast,sedan,airport -> destination (arrival),return,night 23:00,child seat,149,309,243.63,243.63,291.15,243.63,true,true,IN_BAND_DIFFERENCE,
FD-prod(8c6f920),NAVITI_RESORT,Coral Coast,minivan,airport -> destination (arrival),one-way,day 10:00,none,189,170,158.81,158.81,158.81,158.81,true,true,MATCH,
FD-prod(8c6f920),NAVITI_RESORT,Coral Coast,minivan,airport -> destination (arrival),one-way,night 23:00,none,189,207,158.81,158.81,191.17,158.81,true,true,IN_BAND_DIFFERENCE,
FD-prod(8c6f920),NAVITI_RESORT,Coral Coast,minivan,airport -> destination (arrival),one-way,day 10:00,child seat,189,177,166.81,166.81,166.81,166.81,true,true,MATCH,
FD-prod(8c6f920),NAVITI_RESORT,Coral Coast,minivan,airport -> destination (arrival),one-way,night 23:00,child seat,189,214,166.81,166.81,198.17,166.81,true,true,IN_BAND_DIFFERENCE,
FD-prod(8c6f920),NAVITI_RESORT,Coral Coast,minivan,airport -> destination (arrival),return,day 10:00,none,189,315,294.1,294.1,294.1,294.1,true,true,MATCH,
FD-prod(8c6f920),NAVITI_RESORT,Coral Coast,minivan,airport -> destination (arrival),return,night 23:00,none,189,378,294.1,294.1,353.52,294.1,true,true,IN_BAND_DIFFERENCE,
FD-prod(8c6f920),NAVITI_RESORT,Coral Coast,minivan,airport -> destination (arrival),return,day 10:00,child seat,189,322,301.1,301.1,301.1,301.1,true,true,MATCH,
FD-prod(8c6f920),NAVITI_RESORT,Coral Coast,minivan,airport -> destination (arrival),return,night 23:00,child seat,189,385,301.1,301.1,360.52,301.1,true,true,IN_BAND_DIFFERENCE,
FD-prod(8c6f920),NAVITI_RESORT,Coral Coast,minibus,airport -> destination (arrival),one-way,day 10:00,none,239,215,197.37,197.37,197.37,197.37,true,true,MATCH,
FD-prod(8c6f920),NAVITI_RESORT,Coral Coast,minibus,airport -> destination (arrival),one-way,night 23:00,none,239,261,197.37,197.37,237.24,197.37,true,true,IN_BAND_DIFFERENCE,
FD-prod(8c6f920),NAVITI_RESORT,Coral Coast,minibus,airport -> destination (arrival),one-way,day 10:00,child seat,239,222,204.37,204.37,204.37,204.37,true,true,MATCH,
FD-prod(8c6f920),NAVITI_RESORT,Coral Coast,minibus,airport -> destination (arrival),one-way,night 23:00,child seat,239,268,204.37,204.37,244.24,204.37,true,true,IN_BAND_DIFFERENCE,
FD-prod(8c6f920),NAVITI_RESORT,Coral Coast,minibus,airport -> destination (arrival),return,day 10:00,none,239,400,364.83,364.83,364.83,364.83,true,true,MATCH,
FD-prod(8c6f920),NAVITI_RESORT,Coral Coast,minibus,airport -> destination (arrival),return,night 23:00,none,239,481,364.83,364.83,438,364.83,true,true,IN_BAND_DIFFERENCE,
FD-prod(8c6f920),NAVITI_RESORT,Coral Coast,minibus,airport -> destination (arrival),return,day 10:00,child seat,239,408,372.83,372.83,372.83,372.83,true,true,MATCH,
FD-prod(8c6f920),NAVITI_RESORT,Coral Coast,minibus,airport -> destination (arrival),return,night 23:00,child seat,239,489,372.83,372.83,445,372.83,true,true,IN_BAND_DIFFERENCE,
FD-prod(8c6f920),BEACHHOUSE_FIJI,Coral Coast,sedan,airport -> destination (arrival),one-way,day 10:00,none,169,152,127.96,127.96,127.96,127.96,true,true,MATCH,
FD-prod(8c6f920),BEACHHOUSE_FIJI,Coral Coast,sedan,airport -> destination (arrival),one-way,night 23:00,none,169,184,127.96,127.96,153.35,127.96,true,true,IN_BAND_DIFFERENCE,
FD-prod(8c6f920),BEACHHOUSE_FIJI,Coral Coast,sedan,airport -> destination (arrival),one-way,day 10:00,child seat,169,159,134.96,134.96,134.96,134.96,true,true,MATCH,
FD-prod(8c6f920),BEACHHOUSE_FIJI,Coral Coast,sedan,airport -> destination (arrival),one-way,night 23:00,child seat,169,192,134.96,134.96,160.35,134.96,true,true,IN_BAND_DIFFERENCE,
FD-prod(8c6f920),BEACHHOUSE_FIJI,Coral Coast,sedan,airport -> destination (arrival),return,day 10:00,none,169,283,236.63,236.63,236.63,236.63,true,true,MATCH,
FD-prod(8c6f920),BEACHHOUSE_FIJI,Coral Coast,sedan,airport -> destination (arrival),return,night 23:00,none,169,342,236.63,236.63,283.15,236.63,true,true,IN_BAND_DIFFERENCE,
FD-prod(8c6f920),BEACHHOUSE_FIJI,Coral Coast,sedan,airport -> destination (arrival),return,day 10:00,child seat,169,291,243.63,243.63,243.63,243.63,true,true,MATCH,
FD-prod(8c6f920),BEACHHOUSE_FIJI,Coral Coast,sedan,airport -> destination (arrival),return,night 23:00,child seat,169,349,243.63,243.63,291.15,243.63,true,true,IN_BAND_DIFFERENCE,
FD-prod(8c6f920),BEACHHOUSE_FIJI,Coral Coast,minivan,airport -> destination (arrival),one-way,day 10:00,none,199,179,158.81,158.81,158.81,158.81,true,true,MATCH,
FD-prod(8c6f920),BEACHHOUSE_FIJI,Coral Coast,minivan,airport -> destination (arrival),one-way,night 23:00,none,199,216,158.81,158.81,191.17,158.81,true,true,IN_BAND_DIFFERENCE,
FD-prod(8c6f920),BEACHHOUSE_FIJI,Coral Coast,minivan,airport -> destination (arrival),one-way,day 10:00,child seat,199,186,166.81,166.81,166.81,166.81,true,true,MATCH,
FD-prod(8c6f920),BEACHHOUSE_FIJI,Coral Coast,minivan,airport -> destination (arrival),one-way,night 23:00,child seat,199,223,166.81,166.81,198.17,166.81,true,true,IN_BAND_DIFFERENCE,
FD-prod(8c6f920),BEACHHOUSE_FIJI,Coral Coast,minivan,airport -> destination (arrival),return,day 10:00,none,199,333,294.1,294.1,294.1,294.1,true,true,MATCH,
FD-prod(8c6f920),BEACHHOUSE_FIJI,Coral Coast,minivan,airport -> destination (arrival),return,night 23:00,none,199,400,294.1,294.1,353.52,294.1,true,true,IN_BAND_DIFFERENCE,
FD-prod(8c6f920),BEACHHOUSE_FIJI,Coral Coast,minivan,airport -> destination (arrival),return,day 10:00,child seat,199,340,301.1,301.1,301.1,301.1,true,true,MATCH,
FD-prod(8c6f920),BEACHHOUSE_FIJI,Coral Coast,minivan,airport -> destination (arrival),return,night 23:00,child seat,199,408,301.1,301.1,360.52,301.1,true,true,IN_BAND_DIFFERENCE,
FD-prod(8c6f920),BEACHHOUSE_FIJI,Coral Coast,minibus,airport -> destination (arrival),one-way,day 10:00,none,259,233,197.37,197.37,197.37,197.37,true,true,MATCH,
FD-prod(8c6f920),BEACHHOUSE_FIJI,Coral Coast,minibus,airport -> destination (arrival),one-way,night 23:00,none,259,283,197.37,197.37,237.24,197.37,true,true,IN_BAND_DIFFERENCE,
FD-prod(8c6f920),BEACHHOUSE_FIJI,Coral Coast,minibus,airport -> destination (arrival),one-way,day 10:00,child seat,259,240,204.37,204.37,204.37,204.37,true,true,MATCH,
FD-prod(8c6f920),BEACHHOUSE_FIJI,Coral Coast,minibus,airport -> destination (arrival),one-way,night 23:00,child seat,259,291,204.37,204.37,244.24,204.37,true,true,IN_BAND_DIFFERENCE,
FD-prod(8c6f920),BEACHHOUSE_FIJI,Coral Coast,minibus,airport -> destination (arrival),return,day 10:00,none,259,432,364.83,364.83,364.83,364.83,true,true,MATCH,
FD-prod(8c6f920),BEACHHOUSE_FIJI,Coral Coast,minibus,airport -> destination (arrival),return,night 23:00,none,259,517,364.83,364.83,438,364.83,true,true,IN_BAND_DIFFERENCE,
FD-prod(8c6f920),BEACHHOUSE_FIJI,Coral Coast,minibus,airport -> destination (arrival),return,day 10:00,child seat,259,439,372.83,372.83,372.83,372.83,true,true,MATCH,
FD-prod(8c6f920),BEACHHOUSE_FIJI,Coral Coast,minibus,airport -> destination (arrival),return,night 23:00,child seat,259,525,372.83,372.83,445,372.83,true,true,IN_BAND_DIFFERENCE,
FD-prod(8c6f920),ARTS_VILLAGE,Pacific Harbour,sedan,airport -> destination (arrival),one-way,day 10:00,none,199,179,178.95,178.95,178.95,178.95,true,true,MATCH,
FD-prod(8c6f920),ARTS_VILLAGE,Pacific Harbour,sedan,airport -> destination (arrival),one-way,night 23:00,none,199,216,178.95,178.95,214.74,178.95,true,true,IN_BAND_DIFFERENCE,
FD-prod(8c6f920),ARTS_VILLAGE,Pacific Harbour,sedan,airport -> destination (arrival),one-way,day 10:00,child seat,199,186,185.95,185.95,185.95,185.95,true,true,MATCH,
FD-prod(8c6f920),ARTS_VILLAGE,Pacific Harbour,sedan,airport -> destination (arrival),one-way,night 23:00,child seat,199,223,185.95,185.95,221.74,185.95,true,true,IN_BAND_DIFFERENCE,
FD-prod(8c6f920),ARTS_VILLAGE,Pacific Harbour,sedan,airport -> destination (arrival),return,day 10:00,none,199,333,331.06,331.06,331.06,331.06,true,true,MATCH,
FD-prod(8c6f920),ARTS_VILLAGE,Pacific Harbour,sedan,airport -> destination (arrival),return,night 23:00,none,199,400,331.06,331.06,397.67,331.06,true,true,IN_BAND_DIFFERENCE,
FD-prod(8c6f920),ARTS_VILLAGE,Pacific Harbour,sedan,airport -> destination (arrival),return,day 10:00,child seat,199,340,338.06,338.06,338.06,338.06,true,true,MATCH,
FD-prod(8c6f920),ARTS_VILLAGE,Pacific Harbour,sedan,airport -> destination (arrival),return,night 23:00,child seat,199,408,338.06,338.06,404.67,338.06,true,true,IN_BAND_DIFFERENCE,
FD-prod(8c6f920),ARTS_VILLAGE,Pacific Harbour,minivan,airport -> destination (arrival),one-way,day 10:00,none,269,242,239.56,239.56,239.56,239.56,true,true,MATCH,
FD-prod(8c6f920),ARTS_VILLAGE,Pacific Harbour,minivan,airport -> destination (arrival),one-way,night 23:00,none,269,292,239.56,239.56,287.87,239.56,true,true,IN_BAND_DIFFERENCE,
FD-prod(8c6f920),ARTS_VILLAGE,Pacific Harbour,minivan,airport -> destination (arrival),one-way,day 10:00,child seat,269,249,247.56,247.56,247.56,247.56,true,true,MATCH,
FD-prod(8c6f920),ARTS_VILLAGE,Pacific Harbour,minivan,airport -> destination (arrival),one-way,night 23:00,child seat,269,300,247.56,247.56,294.87,247.56,true,true,IN_BAND_DIFFERENCE,
FD-prod(8c6f920),ARTS_VILLAGE,Pacific Harbour,minivan,airport -> destination (arrival),return,day 10:00,none,269,450,444.14,444.14,444.14,444.14,true,true,MATCH,
FD-prod(8c6f920),ARTS_VILLAGE,Pacific Harbour,minivan,airport -> destination (arrival),return,night 23:00,none,269,540,444.14,444.14,532.76,444.14,true,true,IN_BAND_DIFFERENCE,
FD-prod(8c6f920),ARTS_VILLAGE,Pacific Harbour,minivan,airport -> destination (arrival),return,day 10:00,child seat,269,457,451.14,451.14,451.14,451.14,true,true,MATCH,
FD-prod(8c6f920),ARTS_VILLAGE,Pacific Harbour,minivan,airport -> destination (arrival),return,night 23:00,child seat,269,547,451.14,451.14,539.76,451.14,true,true,IN_BAND_DIFFERENCE,
FD-prod(8c6f920),ARTS_VILLAGE,Pacific Harbour,minibus,airport -> destination (arrival),one-way,day 10:00,none,299,269,269.56,269.56,269.56,269.56,true,true,MATCH,
FD-prod(8c6f920),ARTS_VILLAGE,Pacific Harbour,minibus,airport -> destination (arrival),one-way,night 23:00,none,299,324,269.56,269.56,323.47,269.56,true,true,IN_BAND_DIFFERENCE,
FD-prod(8c6f920),ARTS_VILLAGE,Pacific Harbour,minibus,airport -> destination (arrival),one-way,day 10:00,child seat,299,276,276.56,276.56,276.56,276.56,true,true,MATCH,
FD-prod(8c6f920),ARTS_VILLAGE,Pacific Harbour,minibus,airport -> destination (arrival),one-way,night 23:00,child seat,299,331,276.56,276.56,330.47,276.56,true,true,IN_BAND_DIFFERENCE,
FD-prod(8c6f920),ARTS_VILLAGE,Pacific Harbour,minibus,airport -> destination (arrival),return,day 10:00,none,299,499,499.19,499.19,499.19,499.19,true,true,MATCH,
FD-prod(8c6f920),ARTS_VILLAGE,Pacific Harbour,minibus,airport -> destination (arrival),return,night 23:00,none,299,598,499.19,499.19,598.02,499.19,true,true,IN_BAND_DIFFERENCE,
FD-prod(8c6f920),ARTS_VILLAGE,Pacific Harbour,minibus,airport -> destination (arrival),return,day 10:00,child seat,299,507,506.19,506.19,506.19,506.19,true,true,MATCH,
FD-prod(8c6f920),ARTS_VILLAGE,Pacific Harbour,minibus,airport -> destination (arrival),return,night 23:00,child seat,299,606,506.19,506.19,606.02,506.19,true,true,IN_BAND_DIFFERENCE,
FD-prod(8c6f920),PEARL_SOUTH_PACIFIC,Pacific Harbour,sedan,airport -> destination (arrival),one-way,day 10:00,none,199,179,178.95,178.95,178.95,178.95,true,true,MATCH,
FD-prod(8c6f920),PEARL_SOUTH_PACIFIC,Pacific Harbour,sedan,airport -> destination (arrival),one-way,night 23:00,none,199,216,178.95,178.95,214.74,178.95,true,true,IN_BAND_DIFFERENCE,
FD-prod(8c6f920),PEARL_SOUTH_PACIFIC,Pacific Harbour,sedan,airport -> destination (arrival),one-way,day 10:00,child seat,199,186,185.95,185.95,185.95,185.95,true,true,MATCH,
FD-prod(8c6f920),PEARL_SOUTH_PACIFIC,Pacific Harbour,sedan,airport -> destination (arrival),one-way,night 23:00,child seat,199,223,185.95,185.95,221.74,185.95,true,true,IN_BAND_DIFFERENCE,
FD-prod(8c6f920),PEARL_SOUTH_PACIFIC,Pacific Harbour,sedan,airport -> destination (arrival),return,day 10:00,none,199,333,331.06,331.06,331.06,331.06,true,true,MATCH,
FD-prod(8c6f920),PEARL_SOUTH_PACIFIC,Pacific Harbour,sedan,airport -> destination (arrival),return,night 23:00,none,199,400,331.06,331.06,397.67,331.06,true,true,IN_BAND_DIFFERENCE,
FD-prod(8c6f920),PEARL_SOUTH_PACIFIC,Pacific Harbour,sedan,airport -> destination (arrival),return,day 10:00,child seat,199,340,338.06,338.06,338.06,338.06,true,true,MATCH,
FD-prod(8c6f920),PEARL_SOUTH_PACIFIC,Pacific Harbour,sedan,airport -> destination (arrival),return,night 23:00,child seat,199,408,338.06,338.06,404.67,338.06,true,true,IN_BAND_DIFFERENCE,
FD-prod(8c6f920),PEARL_SOUTH_PACIFIC,Pacific Harbour,minivan,airport -> destination (arrival),one-way,day 10:00,none,269,242,239.56,239.56,239.56,239.56,true,true,MATCH,
FD-prod(8c6f920),PEARL_SOUTH_PACIFIC,Pacific Harbour,minivan,airport -> destination (arrival),one-way,night 23:00,none,269,292,239.56,239.56,287.87,239.56,true,true,IN_BAND_DIFFERENCE,
FD-prod(8c6f920),PEARL_SOUTH_PACIFIC,Pacific Harbour,minivan,airport -> destination (arrival),one-way,day 10:00,child seat,269,249,247.56,247.56,247.56,247.56,true,true,MATCH,
FD-prod(8c6f920),PEARL_SOUTH_PACIFIC,Pacific Harbour,minivan,airport -> destination (arrival),one-way,night 23:00,child seat,269,300,247.56,247.56,294.87,247.56,true,true,IN_BAND_DIFFERENCE,
FD-prod(8c6f920),PEARL_SOUTH_PACIFIC,Pacific Harbour,minivan,airport -> destination (arrival),return,day 10:00,none,269,450,444.14,444.14,444.14,444.14,true,true,MATCH,
FD-prod(8c6f920),PEARL_SOUTH_PACIFIC,Pacific Harbour,minivan,airport -> destination (arrival),return,night 23:00,none,269,540,444.14,444.14,532.76,444.14,true,true,IN_BAND_DIFFERENCE,
FD-prod(8c6f920),PEARL_SOUTH_PACIFIC,Pacific Harbour,minivan,airport -> destination (arrival),return,day 10:00,child seat,269,457,451.14,451.14,451.14,451.14,true,true,MATCH,
FD-prod(8c6f920),PEARL_SOUTH_PACIFIC,Pacific Harbour,minivan,airport -> destination (arrival),return,night 23:00,child seat,269,547,451.14,451.14,539.76,451.14,true,true,IN_BAND_DIFFERENCE,
FD-prod(8c6f920),PEARL_SOUTH_PACIFIC,Pacific Harbour,minibus,airport -> destination (arrival),one-way,day 10:00,none,299,269,269.56,269.56,269.56,269.56,true,true,MATCH,
FD-prod(8c6f920),PEARL_SOUTH_PACIFIC,Pacific Harbour,minibus,airport -> destination (arrival),one-way,night 23:00,none,299,324,269.56,269.56,323.47,269.56,true,true,IN_BAND_DIFFERENCE,
FD-prod(8c6f920),PEARL_SOUTH_PACIFIC,Pacific Harbour,minibus,airport -> destination (arrival),one-way,day 10:00,child seat,299,276,276.56,276.56,276.56,276.56,true,true,MATCH,
FD-prod(8c6f920),PEARL_SOUTH_PACIFIC,Pacific Harbour,minibus,airport -> destination (arrival),one-way,night 23:00,child seat,299,331,276.56,276.56,330.47,276.56,true,true,IN_BAND_DIFFERENCE,
FD-prod(8c6f920),PEARL_SOUTH_PACIFIC,Pacific Harbour,minibus,airport -> destination (arrival),return,day 10:00,none,299,499,499.19,499.19,499.19,499.19,true,true,MATCH,
FD-prod(8c6f920),PEARL_SOUTH_PACIFIC,Pacific Harbour,minibus,airport -> destination (arrival),return,night 23:00,none,299,598,499.19,499.19,598.02,499.19,true,true,IN_BAND_DIFFERENCE,
FD-prod(8c6f920),PEARL_SOUTH_PACIFIC,Pacific Harbour,minibus,airport -> destination (arrival),return,day 10:00,child seat,299,507,506.19,506.19,506.19,506.19,true,true,MATCH,
FD-prod(8c6f920),PEARL_SOUTH_PACIFIC,Pacific Harbour,minibus,airport -> destination (arrival),return,night 23:00,child seat,299,606,506.19,506.19,606.02,506.19,true,true,IN_BAND_DIFFERENCE,
FD-prod(8c6f920),UPRISING,Pacific Harbour,sedan,airport -> destination (arrival),one-way,day 10:00,none,199,179,178.95,178.95,178.95,178.95,true,true,MATCH,
FD-prod(8c6f920),UPRISING,Pacific Harbour,sedan,airport -> destination (arrival),one-way,night 23:00,none,199,216,178.95,178.95,214.74,178.95,true,true,IN_BAND_DIFFERENCE,
FD-prod(8c6f920),UPRISING,Pacific Harbour,sedan,airport -> destination (arrival),one-way,day 10:00,child seat,199,186,185.95,185.95,185.95,185.95,true,true,MATCH,
FD-prod(8c6f920),UPRISING,Pacific Harbour,sedan,airport -> destination (arrival),one-way,night 23:00,child seat,199,223,185.95,185.95,221.74,185.95,true,true,IN_BAND_DIFFERENCE,
FD-prod(8c6f920),UPRISING,Pacific Harbour,sedan,airport -> destination (arrival),return,day 10:00,none,199,333,331.06,331.06,331.06,331.06,true,true,MATCH,
FD-prod(8c6f920),UPRISING,Pacific Harbour,sedan,airport -> destination (arrival),return,night 23:00,none,199,400,331.06,331.06,397.67,331.06,true,true,IN_BAND_DIFFERENCE,
FD-prod(8c6f920),UPRISING,Pacific Harbour,sedan,airport -> destination (arrival),return,day 10:00,child seat,199,340,338.06,338.06,338.06,338.06,true,true,MATCH,
FD-prod(8c6f920),UPRISING,Pacific Harbour,sedan,airport -> destination (arrival),return,night 23:00,child seat,199,408,338.06,338.06,404.67,338.06,true,true,IN_BAND_DIFFERENCE,
FD-prod(8c6f920),UPRISING,Pacific Harbour,minivan,airport -> destination (arrival),one-way,day 10:00,none,269,242,239.56,239.56,239.56,239.56,true,true,MATCH,
FD-prod(8c6f920),UPRISING,Pacific Harbour,minivan,airport -> destination (arrival),one-way,night 23:00,none,269,292,239.56,239.56,287.87,239.56,true,true,IN_BAND_DIFFERENCE,
FD-prod(8c6f920),UPRISING,Pacific Harbour,minivan,airport -> destination (arrival),one-way,day 10:00,child seat,269,249,247.56,247.56,247.56,247.56,true,true,MATCH,
FD-prod(8c6f920),UPRISING,Pacific Harbour,minivan,airport -> destination (arrival),one-way,night 23:00,child seat,269,300,247.56,247.56,294.87,247.56,true,true,IN_BAND_DIFFERENCE,
FD-prod(8c6f920),UPRISING,Pacific Harbour,minivan,airport -> destination (arrival),return,day 10:00,none,269,450,444.14,444.14,444.14,444.14,true,true,MATCH,
FD-prod(8c6f920),UPRISING,Pacific Harbour,minivan,airport -> destination (arrival),return,night 23:00,none,269,540,444.14,444.14,532.76,444.14,true,true,IN_BAND_DIFFERENCE,
FD-prod(8c6f920),UPRISING,Pacific Harbour,minivan,airport -> destination (arrival),return,day 10:00,child seat,269,457,451.14,451.14,451.14,451.14,true,true,MATCH,
FD-prod(8c6f920),UPRISING,Pacific Harbour,minivan,airport -> destination (arrival),return,night 23:00,child seat,269,547,451.14,451.14,539.76,451.14,true,true,IN_BAND_DIFFERENCE,
FD-prod(8c6f920),UPRISING,Pacific Harbour,minibus,airport -> destination (arrival),one-way,day 10:00,none,299,269,269.56,269.56,269.56,269.56,true,true,MATCH,
FD-prod(8c6f920),UPRISING,Pacific Harbour,minibus,airport -> destination (arrival),one-way,night 23:00,none,299,324,269.56,269.56,323.47,269.56,true,true,IN_BAND_DIFFERENCE,
FD-prod(8c6f920),UPRISING,Pacific Harbour,minibus,airport -> destination (arrival),one-way,day 10:00,child seat,299,276,276.56,276.56,276.56,276.56,true,true,MATCH,
FD-prod(8c6f920),UPRISING,Pacific Harbour,minibus,airport -> destination (arrival),one-way,night 23:00,child seat,299,331,276.56,276.56,330.47,276.56,true,true,IN_BAND_DIFFERENCE,
FD-prod(8c6f920),UPRISING,Pacific Harbour,minibus,airport -> destination (arrival),return,day 10:00,none,299,499,499.19,499.19,499.19,499.19,true,true,MATCH,
FD-prod(8c6f920),UPRISING,Pacific Harbour,minibus,airport -> destination (arrival),return,night 23:00,none,299,598,499.19,499.19,598.02,499.19,true,true,IN_BAND_DIFFERENCE,
FD-prod(8c6f920),UPRISING,Pacific Harbour,minibus,airport -> destination (arrival),return,day 10:00,child seat,299,507,506.19,506.19,506.19,506.19,true,true,MATCH,
FD-prod(8c6f920),UPRISING,Pacific Harbour,minibus,airport -> destination (arrival),return,night 23:00,child seat,299,606,506.19,506.19,606.02,506.19,true,true,IN_BAND_DIFFERENCE,
FD-prod(8c6f920),NANUKU_RESORT,Pacific Harbour,sedan,airport -> destination (arrival),one-way,day 10:00,none,199,179,178.95,178.95,178.95,178.95,true,true,MATCH,
FD-prod(8c6f920),NANUKU_RESORT,Pacific Harbour,sedan,airport -> destination (arrival),one-way,night 23:00,none,199,216,178.95,178.95,214.74,178.95,true,true,IN_BAND_DIFFERENCE,
FD-prod(8c6f920),NANUKU_RESORT,Pacific Harbour,sedan,airport -> destination (arrival),one-way,day 10:00,child seat,199,186,185.95,185.95,185.95,185.95,true,true,MATCH,
FD-prod(8c6f920),NANUKU_RESORT,Pacific Harbour,sedan,airport -> destination (arrival),one-way,night 23:00,child seat,199,223,185.95,185.95,221.74,185.95,true,true,IN_BAND_DIFFERENCE,
FD-prod(8c6f920),NANUKU_RESORT,Pacific Harbour,sedan,airport -> destination (arrival),return,day 10:00,none,199,333,331.06,331.06,331.06,331.06,true,true,MATCH,
FD-prod(8c6f920),NANUKU_RESORT,Pacific Harbour,sedan,airport -> destination (arrival),return,night 23:00,none,199,400,331.06,331.06,397.67,331.06,true,true,IN_BAND_DIFFERENCE,
FD-prod(8c6f920),NANUKU_RESORT,Pacific Harbour,sedan,airport -> destination (arrival),return,day 10:00,child seat,199,340,338.06,338.06,338.06,338.06,true,true,MATCH,
FD-prod(8c6f920),NANUKU_RESORT,Pacific Harbour,sedan,airport -> destination (arrival),return,night 23:00,child seat,199,408,338.06,338.06,404.67,338.06,true,true,IN_BAND_DIFFERENCE,
FD-prod(8c6f920),NANUKU_RESORT,Pacific Harbour,minivan,airport -> destination (arrival),one-way,day 10:00,none,269,242,239.56,239.56,239.56,239.56,true,true,MATCH,
FD-prod(8c6f920),NANUKU_RESORT,Pacific Harbour,minivan,airport -> destination (arrival),one-way,night 23:00,none,269,292,239.56,239.56,287.87,239.56,true,true,IN_BAND_DIFFERENCE,
FD-prod(8c6f920),NANUKU_RESORT,Pacific Harbour,minivan,airport -> destination (arrival),one-way,day 10:00,child seat,269,249,247.56,247.56,247.56,247.56,true,true,MATCH,
FD-prod(8c6f920),NANUKU_RESORT,Pacific Harbour,minivan,airport -> destination (arrival),one-way,night 23:00,child seat,269,300,247.56,247.56,294.87,247.56,true,true,IN_BAND_DIFFERENCE,
FD-prod(8c6f920),NANUKU_RESORT,Pacific Harbour,minivan,airport -> destination (arrival),return,day 10:00,none,269,450,444.14,444.14,444.14,444.14,true,true,MATCH,
FD-prod(8c6f920),NANUKU_RESORT,Pacific Harbour,minivan,airport -> destination (arrival),return,night 23:00,none,269,540,444.14,444.14,532.76,444.14,true,true,IN_BAND_DIFFERENCE,
FD-prod(8c6f920),NANUKU_RESORT,Pacific Harbour,minivan,airport -> destination (arrival),return,day 10:00,child seat,269,457,451.14,451.14,451.14,451.14,true,true,MATCH,
FD-prod(8c6f920),NANUKU_RESORT,Pacific Harbour,minivan,airport -> destination (arrival),return,night 23:00,child seat,269,547,451.14,451.14,539.76,451.14,true,true,IN_BAND_DIFFERENCE,
FD-prod(8c6f920),NANUKU_RESORT,Pacific Harbour,minibus,airport -> destination (arrival),one-way,day 10:00,none,299,269,269.56,269.56,269.56,269.56,true,true,MATCH,
FD-prod(8c6f920),NANUKU_RESORT,Pacific Harbour,minibus,airport -> destination (arrival),one-way,night 23:00,none,299,324,269.56,269.56,323.47,269.56,true,true,IN_BAND_DIFFERENCE,
FD-prod(8c6f920),NANUKU_RESORT,Pacific Harbour,minibus,airport -> destination (arrival),one-way,day 10:00,child seat,299,276,276.56,276.56,276.56,276.56,true,true,MATCH,
FD-prod(8c6f920),NANUKU_RESORT,Pacific Harbour,minibus,airport -> destination (arrival),one-way,night 23:00,child seat,299,331,276.56,276.56,330.47,276.56,true,true,IN_BAND_DIFFERENCE,
FD-prod(8c6f920),NANUKU_RESORT,Pacific Harbour,minibus,airport -> destination (arrival),return,day 10:00,none,299,499,499.19,499.19,499.19,499.19,true,true,MATCH,
FD-prod(8c6f920),NANUKU_RESORT,Pacific Harbour,minibus,airport -> destination (arrival),return,night 23:00,none,299,598,499.19,499.19,598.02,499.19,true,true,IN_BAND_DIFFERENCE,
FD-prod(8c6f920),NANUKU_RESORT,Pacific Harbour,minibus,airport -> destination (arrival),return,day 10:00,child seat,299,507,506.19,506.19,506.19,506.19,true,true,MATCH,
FD-prod(8c6f920),NANUKU_RESORT,Pacific Harbour,minibus,airport -> destination (arrival),return,night 23:00,child seat,299,606,506.19,506.19,606.02,506.19,true,true,IN_BAND_DIFFERENCE,
FD-prod(8c6f920),BA_HOTEL,Ba,sedan,airport -> destination (arrival),one-way,day 10:00,none,169,152,154.45,154.45,154.45,154.45,true,true,MATCH,
FD-prod(8c6f920),BA_HOTEL,Ba,sedan,airport -> destination (arrival),one-way,night 23:00,none,169,184,154.45,154.45,184.74,154.45,true,true,IN_BAND_DIFFERENCE,
FD-prod(8c6f920),BA_HOTEL,Ba,sedan,airport -> destination (arrival),one-way,day 10:00,child seat,169,159,161.45,161.45,161.45,161.45,true,true,MATCH,
FD-prod(8c6f920),BA_HOTEL,Ba,sedan,airport -> destination (arrival),one-way,night 23:00,child seat,169,192,161.45,161.45,192.74,161.45,true,true,IN_BAND_DIFFERENCE,
FD-prod(8c6f920),BA_HOTEL,Ba,sedan,airport -> destination (arrival),return,day 10:00,none,169,283,285.18,285.18,285.18,285.18,true,true,MATCH,
FD-prod(8c6f920),BA_HOTEL,Ba,sedan,airport -> destination (arrival),return,night 23:00,none,169,342,285.18,285.18,342.62,285.18,true,true,IN_BAND_DIFFERENCE,
FD-prod(8c6f920),BA_HOTEL,Ba,sedan,airport -> destination (arrival),return,day 10:00,child seat,169,291,292.18,292.18,292.18,292.18,true,true,MATCH,
FD-prod(8c6f920),BA_HOTEL,Ba,sedan,airport -> destination (arrival),return,night 23:00,child seat,169,349,292.18,292.18,349.62,292.18,true,true,IN_BAND_DIFFERENCE,
FD-prod(8c6f920),BA_HOTEL,Ba,minivan,airport -> destination (arrival),one-way,day 10:00,none,199,179,194.05,194.05,194.05,194.05,true,true,MATCH,
FD-prod(8c6f920),BA_HOTEL,Ba,minivan,airport -> destination (arrival),one-way,night 23:00,none,199,216,194.05,194.05,233.26,194.05,true,true,IN_BAND_DIFFERENCE,
FD-prod(8c6f920),BA_HOTEL,Ba,minivan,airport -> destination (arrival),one-way,day 10:00,child seat,199,186,202.05,202.05,202.05,202.05,true,true,MATCH,
FD-prod(8c6f920),BA_HOTEL,Ba,minivan,airport -> destination (arrival),one-way,night 23:00,child seat,199,223,202.05,202.05,240.26,202.05,true,true,IN_BAND_DIFFERENCE,
FD-prod(8c6f920),BA_HOTEL,Ba,minivan,airport -> destination (arrival),return,day 10:00,none,199,333,359.69,359.69,359.69,359.69,true,true,MATCH,
FD-prod(8c6f920),BA_HOTEL,Ba,minivan,airport -> destination (arrival),return,night 23:00,none,199,400,359.69,359.69,431.63,359.69,true,true,IN_BAND_DIFFERENCE,
FD-prod(8c6f920),BA_HOTEL,Ba,minivan,airport -> destination (arrival),return,day 10:00,child seat,199,340,366.69,366.69,366.69,366.69,true,true,MATCH,
FD-prod(8c6f920),BA_HOTEL,Ba,minivan,airport -> destination (arrival),return,night 23:00,child seat,199,408,366.69,366.69,438.63,366.69,true,true,IN_BAND_DIFFERENCE,
FD-prod(8c6f920),BA_HOTEL,Ba,minibus,airport -> destination (arrival),one-way,day 10:00,none,249,224,242.12,242.12,242.12,242.12,true,true,MATCH,
FD-prod(8c6f920),BA_HOTEL,Ba,minibus,airport -> destination (arrival),one-way,night 23:00,none,249,270,242.12,242.12,290.94,242.12,true,true,IN_BAND_DIFFERENCE,
FD-prod(8c6f920),BA_HOTEL,Ba,minibus,airport -> destination (arrival),one-way,day 10:00,child seat,249,231,249.12,249.12,249.12,249.12,true,true,MATCH,
FD-prod(8c6f920),BA_HOTEL,Ba,minibus,airport -> destination (arrival),one-way,night 23:00,child seat,249,277,249.12,249.12,297.94,249.12,true,true,IN_BAND_DIFFERENCE,
FD-prod(8c6f920),BA_HOTEL,Ba,minibus,airport -> destination (arrival),return,day 10:00,none,249,418,447.87,447.87,447.87,447.87,true,true,MATCH,
FD-prod(8c6f920),BA_HOTEL,Ba,minibus,airport -> destination (arrival),return,night 23:00,none,249,499,447.87,447.87,537.45,447.87,true,true,IN_BAND_DIFFERENCE,
FD-prod(8c6f920),BA_HOTEL,Ba,minibus,airport -> destination (arrival),return,day 10:00,child seat,249,426,454.87,454.87,454.87,454.87,true,true,MATCH,
FD-prod(8c6f920),BA_HOTEL,Ba,minibus,airport -> destination (arrival),return,night 23:00,child seat,249,507,454.87,454.87,544.45,454.87,true,true,IN_BAND_DIFFERENCE,
FD-prod(8c6f920),VOLIVOLI_BEACH,Rakiraki,sedan,airport -> destination (arrival),one-way,day 10:00,none,249,224,220.59,220.59,220.59,220.59,true,true,MATCH,
FD-prod(8c6f920),VOLIVOLI_BEACH,Rakiraki,sedan,airport -> destination (arrival),one-way,night 23:00,none,249,270,220.59,220.59,265.71,220.59,true,true,IN_BAND_DIFFERENCE,
FD-prod(8c6f920),VOLIVOLI_BEACH,Rakiraki,sedan,airport -> destination (arrival),one-way,day 10:00,child seat,249,231,228.59,228.59,228.59,228.59,true,true,MATCH,
FD-prod(8c6f920),VOLIVOLI_BEACH,Rakiraki,sedan,airport -> destination (arrival),one-way,night 23:00,child seat,249,277,228.59,228.59,272.71,228.59,true,true,IN_BAND_DIFFERENCE,
FD-prod(8c6f920),VOLIVOLI_BEACH,Rakiraki,sedan,airport -> destination (arrival),return,day 10:00,none,249,418,409.34,409.34,409.34,409.34,true,true,MATCH,
FD-prod(8c6f920),VOLIVOLI_BEACH,Rakiraki,sedan,airport -> destination (arrival),return,night 23:00,none,249,499,409.34,409.34,490.21,409.34,true,true,IN_BAND_DIFFERENCE,
FD-prod(8c6f920),VOLIVOLI_BEACH,Rakiraki,sedan,airport -> destination (arrival),return,day 10:00,child seat,249,426,416.34,416.34,416.34,416.34,true,true,MATCH,
FD-prod(8c6f920),VOLIVOLI_BEACH,Rakiraki,sedan,airport -> destination (arrival),return,night 23:00,child seat,249,507,416.34,416.34,498.21,416.34,true,true,IN_BAND_DIFFERENCE,
FD-prod(8c6f920),VOLIVOLI_BEACH,Rakiraki,minivan,airport -> destination (arrival),one-way,day 10:00,none,299,269,290.72,290.72,290.72,290.72,true,true,MATCH,
FD-prod(8c6f920),VOLIVOLI_BEACH,Rakiraki,minivan,airport -> destination (arrival),one-way,night 23:00,none,299,324,290.72,290.72,348.26,290.72,true,true,IN_BAND_DIFFERENCE,
FD-prod(8c6f920),VOLIVOLI_BEACH,Rakiraki,minivan,airport -> destination (arrival),one-way,day 10:00,child seat,299,276,297.72,297.72,297.72,297.72,true,true,MATCH,
FD-prod(8c6f920),VOLIVOLI_BEACH,Rakiraki,minivan,airport -> destination (arrival),one-way,night 23:00,child seat,299,331,297.72,297.72,355.26,297.72,true,true,IN_BAND_DIFFERENCE,
FD-prod(8c6f920),VOLIVOLI_BEACH,Rakiraki,minivan,airport -> destination (arrival),return,day 10:00,none,299,499,537.03,537.03,537.03,537.03,true,true,MATCH,
FD-prod(8c6f920),VOLIVOLI_BEACH,Rakiraki,minivan,airport -> destination (arrival),return,night 23:00,none,299,598,537.03,537.03,644.44,537.03,true,true,IN_BAND_DIFFERENCE,
FD-prod(8c6f920),VOLIVOLI_BEACH,Rakiraki,minivan,airport -> destination (arrival),return,day 10:00,child seat,299,507,544.03,544.03,544.03,544.03,true,true,MATCH,
FD-prod(8c6f920),VOLIVOLI_BEACH,Rakiraki,minivan,airport -> destination (arrival),return,night 23:00,child seat,299,606,544.03,544.03,652.44,544.03,true,true,IN_BAND_DIFFERENCE,
FD-prod(8c6f920),VOLIVOLI_BEACH,Rakiraki,minibus,airport -> destination (arrival),one-way,day 10:00,none,349,314,335.44,335.44,335.44,335.44,true,true,MATCH,
FD-prod(8c6f920),VOLIVOLI_BEACH,Rakiraki,minibus,airport -> destination (arrival),one-way,night 23:00,none,349,378,335.44,335.44,401.93,335.44,true,true,IN_BAND_DIFFERENCE,
FD-prod(8c6f920),VOLIVOLI_BEACH,Rakiraki,minibus,airport -> destination (arrival),one-way,day 10:00,child seat,349,321,342.44,342.44,342.44,342.44,true,true,MATCH,
FD-prod(8c6f920),VOLIVOLI_BEACH,Rakiraki,minibus,airport -> destination (arrival),one-way,night 23:00,child seat,349,385,342.44,342.44,409.93,342.44,true,true,IN_BAND_DIFFERENCE,
FD-prod(8c6f920),VOLIVOLI_BEACH,Rakiraki,minibus,airport -> destination (arrival),return,day 10:00,none,349,585,620.01,620.01,620.01,620.01,true,true,MATCH,
FD-prod(8c6f920),VOLIVOLI_BEACH,Rakiraki,minibus,airport -> destination (arrival),return,night 23:00,none,349,697,620.01,620.01,743.82,620.01,true,true,IN_BAND_DIFFERENCE,
FD-prod(8c6f920),VOLIVOLI_BEACH,Rakiraki,minibus,airport -> destination (arrival),return,day 10:00,child seat,349,592,627.01,627.01,627.01,627.01,true,true,MATCH,
FD-prod(8c6f920),VOLIVOLI_BEACH,Rakiraki,minibus,airport -> destination (arrival),return,night 23:00,child seat,349,705,627.01,627.01,751.82,627.01,true,true,IN_BAND_DIFFERENCE,
FD-prod(8c6f920),GRAND_PACIFIC,Suva,sedan,airport -> destination (arrival),one-way,day 10:00,none,319,287,283.75,283.75,283.75,283.75,true,true,MATCH,
FD-prod(8c6f920),GRAND_PACIFIC,Suva,sedan,airport -> destination (arrival),one-way,night 23:00,none,319,346,283.75,283.75,339.7,283.75,true,true,IN_BAND_DIFFERENCE,
FD-prod(8c6f920),GRAND_PACIFIC,Suva,sedan,airport -> destination (arrival),one-way,day 10:00,child seat,319,294,290.75,290.75,290.75,290.75,true,true,MATCH,
FD-prod(8c6f920),GRAND_PACIFIC,Suva,sedan,airport -> destination (arrival),one-way,night 23:00,child seat,319,354,290.75,290.75,346.7,290.75,true,true,IN_BAND_DIFFERENCE,
FD-prod(8c6f920),GRAND_PACIFIC,Suva,sedan,airport -> destination (arrival),return,day 10:00,none,319,535,524.29,524.29,524.29,524.29,true,true,MATCH,
FD-prod(8c6f920),GRAND_PACIFIC,Suva,sedan,airport -> destination (arrival),return,night 23:00,none,319,639,524.29,524.29,628.75,524.29,true,true,IN_BAND_DIFFERENCE,
FD-prod(8c6f920),GRAND_PACIFIC,Suva,sedan,airport -> destination (arrival),return,day 10:00,child seat,319,543,531.29,531.29,531.29,531.29,true,true,MATCH,
FD-prod(8c6f920),GRAND_PACIFIC,Suva,sedan,airport -> destination (arrival),return,night 23:00,child seat,319,646,531.29,531.29,635.75,531.29,true,true,IN_BAND_DIFFERENCE,
FD-prod(8c6f920),GRAND_PACIFIC,Suva,minivan,airport -> destination (arrival),one-way,day 10:00,none,369,332,321.92,321.92,321.92,321.92,true,true,MATCH,
FD-prod(8c6f920),GRAND_PACIFIC,Suva,minivan,airport -> destination (arrival),one-way,night 23:00,none,369,400,321.92,321.92,386.5,321.92,true,true,IN_BAND_DIFFERENCE,
FD-prod(8c6f920),GRAND_PACIFIC,Suva,minivan,airport -> destination (arrival),one-way,day 10:00,child seat,369,339,328.92,328.92,328.92,328.92,true,true,MATCH,
FD-prod(8c6f920),GRAND_PACIFIC,Suva,minivan,airport -> destination (arrival),one-way,night 23:00,child seat,369,408,328.92,328.92,393.5,328.92,true,true,IN_BAND_DIFFERENCE,
FD-prod(8c6f920),GRAND_PACIFIC,Suva,minivan,airport -> destination (arrival),return,day 10:00,none,369,616,596.15,596.15,596.15,596.15,true,true,MATCH,
FD-prod(8c6f920),GRAND_PACIFIC,Suva,minivan,airport -> destination (arrival),return,night 23:00,none,369,738,596.15,596.15,715.58,596.15,true,true,IN_BAND_DIFFERENCE,
FD-prod(8c6f920),GRAND_PACIFIC,Suva,minivan,airport -> destination (arrival),return,day 10:00,child seat,369,624,603.15,603.15,603.15,603.15,true,true,MATCH,
FD-prod(8c6f920),GRAND_PACIFIC,Suva,minivan,airport -> destination (arrival),return,night 23:00,child seat,369,745,603.15,603.15,722.58,603.15,true,true,IN_BAND_DIFFERENCE,
FD-prod(8c6f920),GRAND_PACIFIC,Suva,minibus,airport -> destination (arrival),one-way,day 10:00,none,499,449,445.75,445.75,445.75,445.75,true,true,MATCH,
FD-prod(8c6f920),GRAND_PACIFIC,Suva,minibus,airport -> destination (arrival),one-way,night 23:00,none,499,540,445.75,445.75,534.7,445.75,true,true,IN_BAND_DIFFERENCE,
FD-prod(8c6f920),GRAND_PACIFIC,Suva,minibus,airport -> destination (arrival),one-way,day 10:00,child seat,499,456,452.75,452.75,452.75,452.75,true,true,MATCH,
FD-prod(8c6f920),GRAND_PACIFIC,Suva,minibus,airport -> destination (arrival),one-way,night 23:00,child seat,499,547,452.75,452.75,541.7,452.75,true,true,IN_BAND_DIFFERENCE,
FD-prod(8c6f920),GRAND_PACIFIC,Suva,minibus,airport -> destination (arrival),return,day 10:00,none,499,832,823.29,823.29,823.29,823.29,true,true,MATCH,
FD-prod(8c6f920),GRAND_PACIFIC,Suva,minibus,airport -> destination (arrival),return,night 23:00,none,499,999,823.29,823.29,988.35,823.29,true,true,IN_BAND_DIFFERENCE,
FD-prod(8c6f920),GRAND_PACIFIC,Suva,minibus,airport -> destination (arrival),return,day 10:00,child seat,499,840,831.29,831.29,831.29,831.29,true,true,MATCH,
FD-prod(8c6f920),GRAND_PACIFIC,Suva,minibus,airport -> destination (arrival),return,night 23:00,child seat,499,1006,831.29,831.29,995.35,831.29,true,true,IN_BAND_DIFFERENCE,
FD-prod(8c6f920),TANOA_PLAZA_SUVA,Suva,sedan,airport -> destination (arrival),one-way,day 10:00,none,319,287,283.75,283.75,283.75,283.75,true,true,MATCH,
FD-prod(8c6f920),TANOA_PLAZA_SUVA,Suva,sedan,airport -> destination (arrival),one-way,night 23:00,none,319,346,283.75,283.75,339.7,283.75,true,true,IN_BAND_DIFFERENCE,
FD-prod(8c6f920),TANOA_PLAZA_SUVA,Suva,sedan,airport -> destination (arrival),one-way,day 10:00,child seat,319,294,290.75,290.75,290.75,290.75,true,true,MATCH,
FD-prod(8c6f920),TANOA_PLAZA_SUVA,Suva,sedan,airport -> destination (arrival),one-way,night 23:00,child seat,319,354,290.75,290.75,346.7,290.75,true,true,IN_BAND_DIFFERENCE,
FD-prod(8c6f920),TANOA_PLAZA_SUVA,Suva,sedan,airport -> destination (arrival),return,day 10:00,none,319,535,524.29,524.29,524.29,524.29,true,true,MATCH,
FD-prod(8c6f920),TANOA_PLAZA_SUVA,Suva,sedan,airport -> destination (arrival),return,night 23:00,none,319,639,524.29,524.29,628.75,524.29,true,true,IN_BAND_DIFFERENCE,
FD-prod(8c6f920),TANOA_PLAZA_SUVA,Suva,sedan,airport -> destination (arrival),return,day 10:00,child seat,319,543,531.29,531.29,531.29,531.29,true,true,MATCH,
FD-prod(8c6f920),TANOA_PLAZA_SUVA,Suva,sedan,airport -> destination (arrival),return,night 23:00,child seat,319,646,531.29,531.29,635.75,531.29,true,true,IN_BAND_DIFFERENCE,
FD-prod(8c6f920),TANOA_PLAZA_SUVA,Suva,minivan,airport -> destination (arrival),one-way,day 10:00,none,369,332,321.92,321.92,321.92,321.92,true,true,MATCH,
FD-prod(8c6f920),TANOA_PLAZA_SUVA,Suva,minivan,airport -> destination (arrival),one-way,night 23:00,none,369,400,321.92,321.92,386.5,321.92,true,true,IN_BAND_DIFFERENCE,
FD-prod(8c6f920),TANOA_PLAZA_SUVA,Suva,minivan,airport -> destination (arrival),one-way,day 10:00,child seat,369,339,328.92,328.92,328.92,328.92,true,true,MATCH,
FD-prod(8c6f920),TANOA_PLAZA_SUVA,Suva,minivan,airport -> destination (arrival),one-way,night 23:00,child seat,369,408,328.92,328.92,393.5,328.92,true,true,IN_BAND_DIFFERENCE,
FD-prod(8c6f920),TANOA_PLAZA_SUVA,Suva,minivan,airport -> destination (arrival),return,day 10:00,none,369,616,596.15,596.15,596.15,596.15,true,true,MATCH,
FD-prod(8c6f920),TANOA_PLAZA_SUVA,Suva,minivan,airport -> destination (arrival),return,night 23:00,none,369,738,596.15,596.15,715.58,596.15,true,true,IN_BAND_DIFFERENCE,
FD-prod(8c6f920),TANOA_PLAZA_SUVA,Suva,minivan,airport -> destination (arrival),return,day 10:00,child seat,369,624,603.15,603.15,603.15,603.15,true,true,MATCH,
FD-prod(8c6f920),TANOA_PLAZA_SUVA,Suva,minivan,airport -> destination (arrival),return,night 23:00,child seat,369,745,603.15,603.15,722.58,603.15,true,true,IN_BAND_DIFFERENCE,
FD-prod(8c6f920),TANOA_PLAZA_SUVA,Suva,minibus,airport -> destination (arrival),one-way,day 10:00,none,499,449,445.75,445.75,445.75,445.75,true,true,MATCH,
FD-prod(8c6f920),TANOA_PLAZA_SUVA,Suva,minibus,airport -> destination (arrival),one-way,night 23:00,none,499,540,445.75,445.75,534.7,445.75,true,true,IN_BAND_DIFFERENCE,
FD-prod(8c6f920),TANOA_PLAZA_SUVA,Suva,minibus,airport -> destination (arrival),one-way,day 10:00,child seat,499,456,452.75,452.75,452.75,452.75,true,true,MATCH,
FD-prod(8c6f920),TANOA_PLAZA_SUVA,Suva,minibus,airport -> destination (arrival),one-way,night 23:00,child seat,499,547,452.75,452.75,541.7,452.75,true,true,IN_BAND_DIFFERENCE,
FD-prod(8c6f920),TANOA_PLAZA_SUVA,Suva,minibus,airport -> destination (arrival),return,day 10:00,none,499,832,823.29,823.29,823.29,823.29,true,true,MATCH,
FD-prod(8c6f920),TANOA_PLAZA_SUVA,Suva,minibus,airport -> destination (arrival),return,night 23:00,none,499,999,823.29,823.29,988.35,823.29,true,true,IN_BAND_DIFFERENCE,
FD-prod(8c6f920),TANOA_PLAZA_SUVA,Suva,minibus,airport -> destination (arrival),return,day 10:00,child seat,499,840,831.29,831.29,831.29,831.29,true,true,MATCH,
FD-prod(8c6f920),TANOA_PLAZA_SUVA,Suva,minibus,airport -> destination (arrival),return,night 23:00,child seat,499,1006,831.29,831.29,995.35,831.29,true,true,IN_BAND_DIFFERENCE,
FD-prod(8c6f920),NAUSORI_AIRPORT,Nausori,sedan,airport -> destination (arrival),one-way,day 10:00,none,369,332,321.35,321.35,321.35,321.35,true,true,MATCH,
FD-prod(8c6f920),NAUSORI_AIRPORT,Nausori,sedan,airport -> destination (arrival),one-way,night 23:00,none,369,400,321.35,321.35,385.82,321.35,true,true,IN_BAND_DIFFERENCE,
FD-prod(8c6f920),NAUSORI_AIRPORT,Nausori,sedan,airport -> destination (arrival),one-way,day 10:00,child seat,369,339,328.35,328.35,328.35,328.35,true,true,MATCH,
FD-prod(8c6f920),NAUSORI_AIRPORT,Nausori,sedan,airport -> destination (arrival),one-way,night 23:00,child seat,369,408,328.35,328.35,392.82,328.35,true,true,IN_BAND_DIFFERENCE,
FD-prod(8c6f920),NAUSORI_AIRPORT,Nausori,sedan,airport -> destination (arrival),return,day 10:00,none,369,616,595.1,595.1,595.1,595.1,true,true,MATCH,
FD-prod(8c6f920),NAUSORI_AIRPORT,Nausori,sedan,airport -> destination (arrival),return,night 23:00,none,369,738,595.1,595.1,714.32,595.1,true,true,IN_BAND_DIFFERENCE,
FD-prod(8c6f920),NAUSORI_AIRPORT,Nausori,sedan,airport -> destination (arrival),return,day 10:00,child seat,369,624,602.1,602.1,602.1,602.1,true,true,MATCH,
FD-prod(8c6f920),NAUSORI_AIRPORT,Nausori,sedan,airport -> destination (arrival),return,night 23:00,child seat,369,745,602.1,602.1,721.32,602.1,true,true,IN_BAND_DIFFERENCE,
FD-prod(8c6f920),NAUSORI_AIRPORT,Nausori,minivan,airport -> destination (arrival),one-way,day 10:00,none,499,449,421.69,421.69,421.69,421.69,true,true,MATCH,
FD-prod(8c6f920),NAUSORI_AIRPORT,Nausori,minivan,airport -> destination (arrival),one-way,night 23:00,none,499,540,421.69,421.69,506.43,421.69,true,true,IN_BAND_DIFFERENCE,
FD-prod(8c6f920),NAUSORI_AIRPORT,Nausori,minivan,airport -> destination (arrival),one-way,day 10:00,child seat,499,456,428.69,428.69,428.69,428.69,true,true,MATCH,
FD-prod(8c6f920),NAUSORI_AIRPORT,Nausori,minivan,airport -> destination (arrival),one-way,night 23:00,child seat,499,547,428.69,428.69,513.43,428.69,true,true,IN_BAND_DIFFERENCE,
FD-prod(8c6f920),NAUSORI_AIRPORT,Nausori,minivan,airport -> destination (arrival),return,day 10:00,none,499,832,780.08,780.08,780.08,780.08,true,true,MATCH,
FD-prod(8c6f920),NAUSORI_AIRPORT,Nausori,minivan,airport -> destination (arrival),return,night 23:00,none,499,999,780.08,780.08,936.49,780.08,true,true,IN_BAND_DIFFERENCE,
FD-prod(8c6f920),NAUSORI_AIRPORT,Nausori,minivan,airport -> destination (arrival),return,day 10:00,child seat,499,840,787.08,787.08,787.08,787.08,true,true,MATCH,
FD-prod(8c6f920),NAUSORI_AIRPORT,Nausori,minivan,airport -> destination (arrival),return,night 23:00,child seat,499,1006,787.08,787.08,943.49,787.08,true,true,IN_BAND_DIFFERENCE,
FD-prod(8c6f920),NAUSORI_AIRPORT,Nausori,minibus,airport -> destination (arrival),one-way,day 10:00,none,549,494,483.35,483.35,483.35,483.35,true,true,MATCH,
FD-prod(8c6f920),NAUSORI_AIRPORT,Nausori,minibus,airport -> destination (arrival),one-way,night 23:00,none,549,594,483.35,483.35,580.82,483.35,true,true,IN_BAND_DIFFERENCE,
FD-prod(8c6f920),NAUSORI_AIRPORT,Nausori,minibus,airport -> destination (arrival),one-way,day 10:00,child seat,549,501,490.35,490.35,490.35,490.35,true,true,MATCH,
FD-prod(8c6f920),NAUSORI_AIRPORT,Nausori,minibus,airport -> destination (arrival),one-way,night 23:00,child seat,549,601,490.35,490.35,587.82,490.35,true,true,IN_BAND_DIFFERENCE,
FD-prod(8c6f920),NAUSORI_AIRPORT,Nausori,minibus,airport -> destination (arrival),return,day 10:00,none,549,918,895.1,895.1,895.1,895.1,true,true,MATCH,
FD-prod(8c6f920),NAUSORI_AIRPORT,Nausori,minibus,airport -> destination (arrival),return,night 23:00,none,549,1098,895.1,895.1,1073.92,895.1,true,true,IN_BAND_DIFFERENCE,
FD-prod(8c6f920),NAUSORI_AIRPORT,Nausori,minibus,airport -> destination (arrival),return,day 10:00,child seat,549,925,902.1,902.1,902.1,902.1,true,true,MATCH,
FD-prod(8c6f920),NAUSORI_AIRPORT,Nausori,minibus,airport -> destination (arrival),return,night 23:00,child seat,549,1105,902.1,902.1,1080.92,902.1,true,true,IN_BAND_DIFFERENCE,
FD-candidate,NADI_DOWNTOWN,Nadi,sedan,airport -> destination (arrival),one-way,day 10:00,none,19,30.15,30.15,30.15,30.15,30.15,true,false,MATCH,
FD-candidate,NADI_DOWNTOWN,Nadi,sedan,airport -> destination (arrival),one-way,night 23:00,none,19,30.15,30.15,30.15,36.18,30.15,true,false,IN_BAND_DIFFERENCE,
FD-candidate,NADI_DOWNTOWN,Nadi,sedan,airport -> destination (arrival),one-way,day 10:00,child seat,19,38.15,38.15,38.15,38.15,38.15,true,false,MATCH,
FD-candidate,NADI_DOWNTOWN,Nadi,sedan,airport -> destination (arrival),one-way,night 23:00,child seat,19,38.15,38.15,38.15,44.18,38.15,true,false,IN_BAND_DIFFERENCE,
FD-candidate,NADI_DOWNTOWN,Nadi,sedan,airport -> destination (arrival),return,day 10:00,none,19,49.78,49.78,49.78,49.78,49.78,true,false,MATCH,
FD-candidate,NADI_DOWNTOWN,Nadi,sedan,airport -> destination (arrival),return,night 23:00,none,19,49.78,49.78,49.78,59.93,49.78,true,false,IN_BAND_DIFFERENCE,
FD-candidate,NADI_DOWNTOWN,Nadi,sedan,airport -> destination (arrival),return,day 10:00,child seat,19,57.78,57.78,57.78,57.78,57.78,true,false,MATCH,
FD-candidate,NADI_DOWNTOWN,Nadi,sedan,airport -> destination (arrival),return,night 23:00,child seat,19,57.78,57.78,57.78,67.93,57.78,true,false,IN_BAND_DIFFERENCE,
FD-candidate,NADI_DOWNTOWN,Nadi,minivan,airport -> destination (arrival),one-way,day 10:00,none,49,46.42,46.42,46.42,46.42,46.42,true,false,MATCH,
FD-candidate,NADI_DOWNTOWN,Nadi,minivan,airport -> destination (arrival),one-way,night 23:00,none,49,46.42,46.42,46.42,55.7,46.42,true,false,IN_BAND_DIFFERENCE,
FD-candidate,NADI_DOWNTOWN,Nadi,minivan,airport -> destination (arrival),one-way,day 10:00,child seat,49,53.42,53.42,53.42,53.42,53.42,true,false,MATCH,
FD-candidate,NADI_DOWNTOWN,Nadi,minivan,airport -> destination (arrival),one-way,night 23:00,child seat,49,53.42,53.42,53.42,62.7,53.42,true,false,IN_BAND_DIFFERENCE,
FD-candidate,NADI_DOWNTOWN,Nadi,minivan,airport -> destination (arrival),return,day 10:00,none,49,85.13,85.13,85.13,85.13,85.13,true,false,MATCH,
FD-candidate,NADI_DOWNTOWN,Nadi,minivan,airport -> destination (arrival),return,night 23:00,none,49,85.13,85.13,85.13,103.15,85.13,true,false,IN_BAND_DIFFERENCE,
FD-candidate,NADI_DOWNTOWN,Nadi,minivan,airport -> destination (arrival),return,day 10:00,child seat,49,93.13,93.13,93.13,93.13,93.13,true,false,MATCH,
FD-candidate,NADI_DOWNTOWN,Nadi,minivan,airport -> destination (arrival),return,night 23:00,child seat,49,93.13,93.13,93.13,110.15,93.13,true,false,IN_BAND_DIFFERENCE,
FD-candidate,NADI_DOWNTOWN,Nadi,minibus,airport -> destination (arrival),one-way,day 10:00,none,79,71.46,71.46,71.46,71.46,71.46,true,false,MATCH,
FD-candidate,NADI_DOWNTOWN,Nadi,minibus,airport -> destination (arrival),one-way,night 23:00,none,79,71.46,71.46,71.46,85.35,71.46,true,false,IN_BAND_DIFFERENCE,
FD-candidate,NADI_DOWNTOWN,Nadi,minibus,airport -> destination (arrival),one-way,day 10:00,child seat,79,78.46,78.46,78.46,78.46,78.46,true,false,MATCH,
FD-candidate,NADI_DOWNTOWN,Nadi,minibus,airport -> destination (arrival),one-way,night 23:00,child seat,79,78.46,78.46,78.46,93.35,78.46,true,false,IN_BAND_DIFFERENCE,
FD-candidate,NADI_DOWNTOWN,Nadi,minibus,airport -> destination (arrival),return,day 10:00,none,79,132,132,132,132,132,true,false,MATCH,
FD-candidate,NADI_DOWNTOWN,Nadi,minibus,airport -> destination (arrival),return,night 23:00,none,79,132,132,132,158.4,132,true,false,IN_BAND_DIFFERENCE,
FD-candidate,NADI_DOWNTOWN,Nadi,minibus,airport -> destination (arrival),return,day 10:00,child seat,79,139,139,139,139,139,true,false,MATCH,
FD-candidate,NADI_DOWNTOWN,Nadi,minibus,airport -> destination (arrival),return,night 23:00,child seat,79,139,139,139,166.4,139,true,false,IN_BAND_DIFFERENCE,
FD-candidate,TANOA_INTERNATIONAL,Nadi Airport,sedan,airport -> destination (arrival),one-way,day 10:00,none,15,15,15,15,,,,false,ZONE_NOT_IN_PRICING_DATA,
FD-candidate,TANOA_INTERNATIONAL,Nadi Airport,sedan,airport -> destination (arrival),one-way,night 23:00,none,15,20,20,20,,,,false,ZONE_NOT_IN_PRICING_DATA,
FD-candidate,TANOA_INTERNATIONAL,Nadi Airport,sedan,airport -> destination (arrival),one-way,day 10:00,child seat,15,23,23,23,,,,false,ZONE_NOT_IN_PRICING_DATA,
FD-candidate,TANOA_INTERNATIONAL,Nadi Airport,sedan,airport -> destination (arrival),one-way,night 23:00,child seat,15,28,28,28,,,,false,ZONE_NOT_IN_PRICING_DATA,
FD-candidate,TANOA_INTERNATIONAL,Nadi Airport,sedan,airport -> destination (arrival),return,day 10:00,none,15,30,30,30,,,,false,ZONE_NOT_IN_PRICING_DATA,
FD-candidate,TANOA_INTERNATIONAL,Nadi Airport,sedan,airport -> destination (arrival),return,night 23:00,none,15,35,35,35,,,,false,ZONE_NOT_IN_PRICING_DATA,
FD-candidate,TANOA_INTERNATIONAL,Nadi Airport,sedan,airport -> destination (arrival),return,day 10:00,child seat,15,38,38,38,,,,false,ZONE_NOT_IN_PRICING_DATA,
FD-candidate,TANOA_INTERNATIONAL,Nadi Airport,sedan,airport -> destination (arrival),return,night 23:00,child seat,15,43,43,43,,,,false,ZONE_NOT_IN_PRICING_DATA,
FD-candidate,TANOA_INTERNATIONAL,Nadi Airport,minivan,airport -> destination (arrival),one-way,day 10:00,none,25,25,25,25,,,,false,ZONE_NOT_IN_PRICING_DATA,
FD-candidate,TANOA_INTERNATIONAL,Nadi Airport,minivan,airport -> destination (arrival),one-way,night 23:00,none,25,30,30,30,,,,false,ZONE_NOT_IN_PRICING_DATA,
FD-candidate,TANOA_INTERNATIONAL,Nadi Airport,minivan,airport -> destination (arrival),one-way,day 10:00,child seat,25,33,33,33,,,,false,ZONE_NOT_IN_PRICING_DATA,
FD-candidate,TANOA_INTERNATIONAL,Nadi Airport,minivan,airport -> destination (arrival),one-way,night 23:00,child seat,25,38,38,38,,,,false,ZONE_NOT_IN_PRICING_DATA,
FD-candidate,TANOA_INTERNATIONAL,Nadi Airport,minivan,airport -> destination (arrival),return,day 10:00,none,25,50,50,50,,,,false,ZONE_NOT_IN_PRICING_DATA,
FD-candidate,TANOA_INTERNATIONAL,Nadi Airport,minivan,airport -> destination (arrival),return,night 23:00,none,25,54,54,54,,,,false,ZONE_NOT_IN_PRICING_DATA,
FD-candidate,TANOA_INTERNATIONAL,Nadi Airport,minivan,airport -> destination (arrival),return,day 10:00,child seat,25,52,52,52,,,,false,ZONE_NOT_IN_PRICING_DATA,
FD-candidate,TANOA_INTERNATIONAL,Nadi Airport,minivan,airport -> destination (arrival),return,night 23:00,child seat,25,61,61,61,,,,false,ZONE_NOT_IN_PRICING_DATA,
FD-candidate,TANOA_INTERNATIONAL,Nadi Airport,minibus,airport -> destination (arrival),one-way,day 10:00,none,45,45,45,45,,,,false,ZONE_NOT_IN_PRICING_DATA,
FD-candidate,TANOA_INTERNATIONAL,Nadi Airport,minibus,airport -> destination (arrival),one-way,night 23:00,none,45,49,49,49,,,,false,ZONE_NOT_IN_PRICING_DATA,
FD-candidate,TANOA_INTERNATIONAL,Nadi Airport,minibus,airport -> destination (arrival),one-way,day 10:00,child seat,45,48,48,48,,,,false,ZONE_NOT_IN_PRICING_DATA,
FD-candidate,TANOA_INTERNATIONAL,Nadi Airport,minibus,airport -> destination (arrival),one-way,night 23:00,child seat,45,57,57,57,,,,false,ZONE_NOT_IN_PRICING_DATA,
FD-candidate,TANOA_INTERNATIONAL,Nadi Airport,minibus,airport -> destination (arrival),return,day 10:00,none,45,76,76,76,,,,false,ZONE_NOT_IN_PRICING_DATA,
FD-candidate,TANOA_INTERNATIONAL,Nadi Airport,minibus,airport -> destination (arrival),return,night 23:00,none,45,90,90,90,,,,false,ZONE_NOT_IN_PRICING_DATA,
FD-candidate,TANOA_INTERNATIONAL,Nadi Airport,minibus,airport -> destination (arrival),return,day 10:00,child seat,45,84,84,84,,,,false,ZONE_NOT_IN_PRICING_DATA,
FD-candidate,TANOA_INTERNATIONAL,Nadi Airport,minibus,airport -> destination (arrival),return,night 23:00,child seat,45,97,97,97,,,,false,ZONE_NOT_IN_PRICING_DATA,
FD-candidate,MERCURE_NADI,Nadi,sedan,airport -> destination (arrival),one-way,day 10:00,none,19,30.15,30.15,30.15,30.15,30.15,true,false,MATCH,
FD-candidate,MERCURE_NADI,Nadi,sedan,airport -> destination (arrival),one-way,night 23:00,none,19,30.15,30.15,30.15,36.18,30.15,true,false,IN_BAND_DIFFERENCE,
FD-candidate,MERCURE_NADI,Nadi,sedan,airport -> destination (arrival),one-way,day 10:00,child seat,19,38.15,38.15,38.15,38.15,38.15,true,false,MATCH,
FD-candidate,MERCURE_NADI,Nadi,sedan,airport -> destination (arrival),one-way,night 23:00,child seat,19,38.15,38.15,38.15,44.18,38.15,true,false,IN_BAND_DIFFERENCE,
FD-candidate,MERCURE_NADI,Nadi,sedan,airport -> destination (arrival),return,day 10:00,none,19,49.78,49.78,49.78,49.78,49.78,true,false,MATCH,
FD-candidate,MERCURE_NADI,Nadi,sedan,airport -> destination (arrival),return,night 23:00,none,19,49.78,49.78,49.78,59.93,49.78,true,false,IN_BAND_DIFFERENCE,
FD-candidate,MERCURE_NADI,Nadi,sedan,airport -> destination (arrival),return,day 10:00,child seat,19,57.78,57.78,57.78,57.78,57.78,true,false,MATCH,
FD-candidate,MERCURE_NADI,Nadi,sedan,airport -> destination (arrival),return,night 23:00,child seat,19,57.78,57.78,57.78,67.93,57.78,true,false,IN_BAND_DIFFERENCE,
FD-candidate,MERCURE_NADI,Nadi,minivan,airport -> destination (arrival),one-way,day 10:00,none,49,46.42,46.42,46.42,46.42,46.42,true,false,MATCH,
FD-candidate,MERCURE_NADI,Nadi,minivan,airport -> destination (arrival),one-way,night 23:00,none,49,46.42,46.42,46.42,55.7,46.42,true,false,IN_BAND_DIFFERENCE,
FD-candidate,MERCURE_NADI,Nadi,minivan,airport -> destination (arrival),one-way,day 10:00,child seat,49,53.42,53.42,53.42,53.42,53.42,true,false,MATCH,
FD-candidate,MERCURE_NADI,Nadi,minivan,airport -> destination (arrival),one-way,night 23:00,child seat,49,53.42,53.42,53.42,62.7,53.42,true,false,IN_BAND_DIFFERENCE,
FD-candidate,MERCURE_NADI,Nadi,minivan,airport -> destination (arrival),return,day 10:00,none,49,85.13,85.13,85.13,85.13,85.13,true,false,MATCH,
FD-candidate,MERCURE_NADI,Nadi,minivan,airport -> destination (arrival),return,night 23:00,none,49,85.13,85.13,85.13,103.15,85.13,true,false,IN_BAND_DIFFERENCE,
FD-candidate,MERCURE_NADI,Nadi,minivan,airport -> destination (arrival),return,day 10:00,child seat,49,93.13,93.13,93.13,93.13,93.13,true,false,MATCH,
FD-candidate,MERCURE_NADI,Nadi,minivan,airport -> destination (arrival),return,night 23:00,child seat,49,93.13,93.13,93.13,110.15,93.13,true,false,IN_BAND_DIFFERENCE,
FD-candidate,MERCURE_NADI,Nadi,minibus,airport -> destination (arrival),one-way,day 10:00,none,79,71.46,71.46,71.46,71.46,71.46,true,false,MATCH,
FD-candidate,MERCURE_NADI,Nadi,minibus,airport -> destination (arrival),one-way,night 23:00,none,79,71.46,71.46,71.46,85.35,71.46,true,false,IN_BAND_DIFFERENCE,
FD-candidate,MERCURE_NADI,Nadi,minibus,airport -> destination (arrival),one-way,day 10:00,child seat,79,78.46,78.46,78.46,78.46,78.46,true,false,MATCH,
FD-candidate,MERCURE_NADI,Nadi,minibus,airport -> destination (arrival),one-way,night 23:00,child seat,79,78.46,78.46,78.46,93.35,78.46,true,false,IN_BAND_DIFFERENCE,
FD-candidate,MERCURE_NADI,Nadi,minibus,airport -> destination (arrival),return,day 10:00,none,79,132,132,132,132,132,true,false,MATCH,
FD-candidate,MERCURE_NADI,Nadi,minibus,airport -> destination (arrival),return,night 23:00,none,79,132,132,132,158.4,132,true,false,IN_BAND_DIFFERENCE,
FD-candidate,MERCURE_NADI,Nadi,minibus,airport -> destination (arrival),return,day 10:00,child seat,79,139,139,139,139,139,true,false,MATCH,
FD-candidate,MERCURE_NADI,Nadi,minibus,airport -> destination (arrival),return,night 23:00,child seat,79,139,139,139,166.4,139,true,false,IN_BAND_DIFFERENCE,
FD-candidate,WAILOALOA_BEACH,Wailoaloa,sedan,airport -> destination (arrival),one-way,day 10:00,none,39,30.36,30.36,30.36,30.36,30.36,true,false,MATCH,
FD-candidate,WAILOALOA_BEACH,Wailoaloa,sedan,airport -> destination (arrival),one-way,night 23:00,none,39,30.36,30.36,30.36,36.43,30.36,true,false,IN_BAND_DIFFERENCE,
FD-candidate,WAILOALOA_BEACH,Wailoaloa,sedan,airport -> destination (arrival),one-way,day 10:00,child seat,39,38.36,38.36,38.36,38.36,38.36,true,false,MATCH,
FD-candidate,WAILOALOA_BEACH,Wailoaloa,sedan,airport -> destination (arrival),one-way,night 23:00,child seat,39,38.36,38.36,38.36,44.43,38.36,true,false,IN_BAND_DIFFERENCE,
FD-candidate,WAILOALOA_BEACH,Wailoaloa,sedan,airport -> destination (arrival),return,day 10:00,none,39,50.17,50.17,50.17,50.17,50.17,true,false,MATCH,
FD-candidate,WAILOALOA_BEACH,Wailoaloa,sedan,airport -> destination (arrival),return,night 23:00,none,39,50.17,50.17,50.17,60.4,50.17,true,false,IN_BAND_DIFFERENCE,
FD-candidate,WAILOALOA_BEACH,Wailoaloa,sedan,airport -> destination (arrival),return,day 10:00,child seat,39,58.17,58.17,58.17,58.17,58.17,true,false,MATCH,
FD-candidate,WAILOALOA_BEACH,Wailoaloa,sedan,airport -> destination (arrival),return,night 23:00,child seat,39,58.17,58.17,58.17,67.4,58.17,true,false,IN_BAND_DIFFERENCE,
FD-candidate,WAILOALOA_BEACH,Wailoaloa,minivan,airport -> destination (arrival),one-way,day 10:00,none,59,46.63,46.63,46.63,46.63,46.63,true,false,MATCH,
FD-candidate,WAILOALOA_BEACH,Wailoaloa,minivan,airport -> destination (arrival),one-way,night 23:00,none,59,46.63,46.63,46.63,55.96,46.63,true,false,IN_BAND_DIFFERENCE,
FD-candidate,WAILOALOA_BEACH,Wailoaloa,minivan,airport -> destination (arrival),one-way,day 10:00,child seat,59,53.63,53.63,53.63,53.63,53.63,true,false,MATCH,
FD-candidate,WAILOALOA_BEACH,Wailoaloa,minivan,airport -> destination (arrival),one-way,night 23:00,child seat,59,53.63,53.63,53.63,62.96,53.63,true,false,IN_BAND_DIFFERENCE,
FD-candidate,WAILOALOA_BEACH,Wailoaloa,minivan,airport -> destination (arrival),return,day 10:00,none,59,85.52,85.52,85.52,85.52,85.52,true,false,MATCH,
FD-candidate,WAILOALOA_BEACH,Wailoaloa,minivan,airport -> destination (arrival),return,night 23:00,none,59,85.52,85.52,85.52,103.62,85.52,true,false,IN_BAND_DIFFERENCE,
FD-candidate,WAILOALOA_BEACH,Wailoaloa,minivan,airport -> destination (arrival),return,day 10:00,child seat,59,93.52,93.52,93.52,93.52,93.52,true,false,MATCH,
FD-candidate,WAILOALOA_BEACH,Wailoaloa,minivan,airport -> destination (arrival),return,night 23:00,child seat,59,93.52,93.52,93.52,110.62,93.52,true,false,IN_BAND_DIFFERENCE,
FD-candidate,WAILOALOA_BEACH,Wailoaloa,minibus,airport -> destination (arrival),one-way,day 10:00,none,89,71.7,71.7,71.7,71.7,71.7,true,false,MATCH,
FD-candidate,WAILOALOA_BEACH,Wailoaloa,minibus,airport -> destination (arrival),one-way,night 23:00,none,89,71.7,71.7,71.7,85.64,71.7,true,false,IN_BAND_DIFFERENCE,
FD-candidate,WAILOALOA_BEACH,Wailoaloa,minibus,airport -> destination (arrival),one-way,day 10:00,child seat,89,78.7,78.7,78.7,78.7,78.7,true,false,MATCH,
FD-candidate,WAILOALOA_BEACH,Wailoaloa,minibus,airport -> destination (arrival),one-way,night 23:00,child seat,89,78.7,78.7,78.7,93.64,78.7,true,false,IN_BAND_DIFFERENCE,
FD-candidate,WAILOALOA_BEACH,Wailoaloa,minibus,airport -> destination (arrival),return,day 10:00,none,89,132.45,132.45,132.45,132.45,132.45,true,false,MATCH,
FD-candidate,WAILOALOA_BEACH,Wailoaloa,minibus,airport -> destination (arrival),return,night 23:00,none,89,132.45,132.45,132.45,158.93,132.45,true,false,IN_BAND_DIFFERENCE,
FD-candidate,WAILOALOA_BEACH,Wailoaloa,minibus,airport -> destination (arrival),return,day 10:00,child seat,89,139.45,139.45,139.45,139.45,139.45,true,false,MATCH,
FD-candidate,WAILOALOA_BEACH,Wailoaloa,minibus,airport -> destination (arrival),return,night 23:00,child seat,89,139.45,139.45,139.45,166.93,139.45,true,false,IN_BAND_DIFFERENCE,
FD-candidate,CROWNE_PLAZA_NADI_BAY,Wailoaloa,sedan,airport -> destination (arrival),one-way,day 10:00,none,39,30.36,30.36,30.36,30.36,30.36,true,false,MATCH,
FD-candidate,CROWNE_PLAZA_NADI_BAY,Wailoaloa,sedan,airport -> destination (arrival),one-way,night 23:00,none,39,30.36,30.36,30.36,36.43,30.36,true,false,IN_BAND_DIFFERENCE,
FD-candidate,CROWNE_PLAZA_NADI_BAY,Wailoaloa,sedan,airport -> destination (arrival),one-way,day 10:00,child seat,39,38.36,38.36,38.36,38.36,38.36,true,false,MATCH,
FD-candidate,CROWNE_PLAZA_NADI_BAY,Wailoaloa,sedan,airport -> destination (arrival),one-way,night 23:00,child seat,39,38.36,38.36,38.36,44.43,38.36,true,false,IN_BAND_DIFFERENCE,
FD-candidate,CROWNE_PLAZA_NADI_BAY,Wailoaloa,sedan,airport -> destination (arrival),return,day 10:00,none,39,50.17,50.17,50.17,50.17,50.17,true,false,MATCH,
FD-candidate,CROWNE_PLAZA_NADI_BAY,Wailoaloa,sedan,airport -> destination (arrival),return,night 23:00,none,39,50.17,50.17,50.17,60.4,50.17,true,false,IN_BAND_DIFFERENCE,
FD-candidate,CROWNE_PLAZA_NADI_BAY,Wailoaloa,sedan,airport -> destination (arrival),return,day 10:00,child seat,39,58.17,58.17,58.17,58.17,58.17,true,false,MATCH,
FD-candidate,CROWNE_PLAZA_NADI_BAY,Wailoaloa,sedan,airport -> destination (arrival),return,night 23:00,child seat,39,58.17,58.17,58.17,67.4,58.17,true,false,IN_BAND_DIFFERENCE,
FD-candidate,CROWNE_PLAZA_NADI_BAY,Wailoaloa,minivan,airport -> destination (arrival),one-way,day 10:00,none,59,46.63,46.63,46.63,46.63,46.63,true,false,MATCH,
FD-candidate,CROWNE_PLAZA_NADI_BAY,Wailoaloa,minivan,airport -> destination (arrival),one-way,night 23:00,none,59,46.63,46.63,46.63,55.96,46.63,true,false,IN_BAND_DIFFERENCE,
FD-candidate,CROWNE_PLAZA_NADI_BAY,Wailoaloa,minivan,airport -> destination (arrival),one-way,day 10:00,child seat,59,53.63,53.63,53.63,53.63,53.63,true,false,MATCH,
FD-candidate,CROWNE_PLAZA_NADI_BAY,Wailoaloa,minivan,airport -> destination (arrival),one-way,night 23:00,child seat,59,53.63,53.63,53.63,62.96,53.63,true,false,IN_BAND_DIFFERENCE,
FD-candidate,CROWNE_PLAZA_NADI_BAY,Wailoaloa,minivan,airport -> destination (arrival),return,day 10:00,none,59,85.52,85.52,85.52,85.52,85.52,true,false,MATCH,
FD-candidate,CROWNE_PLAZA_NADI_BAY,Wailoaloa,minivan,airport -> destination (arrival),return,night 23:00,none,59,85.52,85.52,85.52,103.62,85.52,true,false,IN_BAND_DIFFERENCE,
FD-candidate,CROWNE_PLAZA_NADI_BAY,Wailoaloa,minivan,airport -> destination (arrival),return,day 10:00,child seat,59,93.52,93.52,93.52,93.52,93.52,true,false,MATCH,
FD-candidate,CROWNE_PLAZA_NADI_BAY,Wailoaloa,minivan,airport -> destination (arrival),return,night 23:00,child seat,59,93.52,93.52,93.52,110.62,93.52,true,false,IN_BAND_DIFFERENCE,
FD-candidate,CROWNE_PLAZA_NADI_BAY,Wailoaloa,minibus,airport -> destination (arrival),one-way,day 10:00,none,89,71.7,71.7,71.7,71.7,71.7,true,false,MATCH,
FD-candidate,CROWNE_PLAZA_NADI_BAY,Wailoaloa,minibus,airport -> destination (arrival),one-way,night 23:00,none,89,71.7,71.7,71.7,85.64,71.7,true,false,IN_BAND_DIFFERENCE,
FD-candidate,CROWNE_PLAZA_NADI_BAY,Wailoaloa,minibus,airport -> destination (arrival),one-way,day 10:00,child seat,89,78.7,78.7,78.7,78.7,78.7,true,false,MATCH,
FD-candidate,CROWNE_PLAZA_NADI_BAY,Wailoaloa,minibus,airport -> destination (arrival),one-way,night 23:00,child seat,89,78.7,78.7,78.7,93.64,78.7,true,false,IN_BAND_DIFFERENCE,
FD-candidate,CROWNE_PLAZA_NADI_BAY,Wailoaloa,minibus,airport -> destination (arrival),return,day 10:00,none,89,132.45,132.45,132.45,132.45,132.45,true,false,MATCH,
FD-candidate,CROWNE_PLAZA_NADI_BAY,Wailoaloa,minibus,airport -> destination (arrival),return,night 23:00,none,89,132.45,132.45,132.45,158.93,132.45,true,false,IN_BAND_DIFFERENCE,
FD-candidate,CROWNE_PLAZA_NADI_BAY,Wailoaloa,minibus,airport -> destination (arrival),return,day 10:00,child seat,89,139.45,139.45,139.45,139.45,139.45,true,false,MATCH,
FD-candidate,CROWNE_PLAZA_NADI_BAY,Wailoaloa,minibus,airport -> destination (arrival),return,night 23:00,child seat,89,139.45,139.45,139.45,166.93,139.45,true,false,IN_BAND_DIFFERENCE,
FD-candidate,HILTON_DENARAU,Denarau,sedan,airport -> destination (arrival),one-way,day 10:00,none,49,47.87,47.87,47.87,47.87,47.87,true,false,MATCH,
FD-candidate,HILTON_DENARAU,Denarau,sedan,airport -> destination (arrival),one-way,night 23:00,none,49,47.87,47.87,47.87,51.44,47.87,true,false,IN_BAND_DIFFERENCE,
FD-candidate,HILTON_DENARAU,Denarau,sedan,airport -> destination (arrival),one-way,day 10:00,child seat,49,49.87,49.87,49.87,49.87,49.87,true,false,MATCH,
FD-candidate,HILTON_DENARAU,Denarau,sedan,airport -> destination (arrival),one-way,night 23:00,child seat,49,49.87,49.87,49.87,58.44,49.87,true,false,IN_BAND_DIFFERENCE,
FD-candidate,HILTON_DENARAU,Denarau,sedan,airport -> destination (arrival),return,day 10:00,none,49,79.56,79.56,79.56,79.56,79.56,true,false,MATCH,
FD-candidate,HILTON_DENARAU,Denarau,sedan,airport -> destination (arrival),return,night 23:00,none,49,79.56,79.56,79.56,95.27,79.56,true,false,IN_BAND_DIFFERENCE,
FD-candidate,HILTON_DENARAU,Denarau,sedan,airport -> destination (arrival),return,day 10:00,child seat,49,86.56,86.56,86.56,86.56,86.56,true,false,MATCH,
FD-candidate,HILTON_DENARAU,Denarau,sedan,airport -> destination (arrival),return,night 23:00,child seat,49,86.56,86.56,86.56,103.27,86.56,true,false,IN_BAND_DIFFERENCE,
FD-candidate,HILTON_DENARAU,Denarau,minivan,airport -> destination (arrival),one-way,day 10:00,none,69,62.08,62.08,62.08,62.08,62.08,true,false,MATCH,
FD-candidate,HILTON_DENARAU,Denarau,minivan,airport -> destination (arrival),one-way,night 23:00,none,69,62.08,62.08,62.08,74.9,62.08,true,false,IN_BAND_DIFFERENCE,
FD-candidate,HILTON_DENARAU,Denarau,minivan,airport -> destination (arrival),one-way,day 10:00,child seat,69,69.08,69.08,69.08,69.08,69.08,true,false,MATCH,
FD-candidate,HILTON_DENARAU,Denarau,minivan,airport -> destination (arrival),one-way,night 23:00,child seat,69,69.08,69.08,69.08,81.9,69.08,true,false,IN_BAND_DIFFERENCE,
FD-candidate,HILTON_DENARAU,Denarau,minivan,airport -> destination (arrival),return,day 10:00,none,69,114.8,114.8,114.8,114.8,114.8,true,false,MATCH,
FD-candidate,HILTON_DENARAU,Denarau,minivan,airport -> destination (arrival),return,night 23:00,none,69,114.8,114.8,114.8,138.36,114.8,true,false,IN_BAND_DIFFERENCE,
FD-candidate,HILTON_DENARAU,Denarau,minivan,airport -> destination (arrival),return,day 10:00,child seat,69,121.8,121.8,121.8,121.8,121.8,true,false,MATCH,
FD-candidate,HILTON_DENARAU,Denarau,minivan,airport -> destination (arrival),return,night 23:00,child seat,69,121.8,121.8,121.8,145.36,121.8,true,false,IN_BAND_DIFFERENCE,
FD-candidate,HILTON_DENARAU,Denarau,minibus,airport -> destination (arrival),one-way,day 10:00,none,99,89.84,89.84,89.84,89.84,89.84,true,false,MATCH,
FD-candidate,HILTON_DENARAU,Denarau,minibus,airport -> destination (arrival),one-way,night 23:00,none,99,89.84,89.84,89.84,107.81,89.84,true,false,IN_BAND_DIFFERENCE,
FD-candidate,HILTON_DENARAU,Denarau,minibus,airport -> destination (arrival),one-way,day 10:00,child seat,99,96.84,96.84,96.84,96.84,96.84,true,false,MATCH,
FD-candidate,HILTON_DENARAU,Denarau,minibus,airport -> destination (arrival),one-way,night 23:00,child seat,99,96.84,96.84,96.84,114.81,96.84,true,false,IN_BAND_DIFFERENCE,
FD-candidate,HILTON_DENARAU,Denarau,minibus,airport -> destination (arrival),return,day 10:00,none,99,166.7,166.7,166.7,166.7,166.7,true,false,MATCH,
FD-candidate,HILTON_DENARAU,Denarau,minibus,airport -> destination (arrival),return,night 23:00,none,99,166.7,166.7,166.7,199.64,166.7,true,false,IN_BAND_DIFFERENCE,
FD-candidate,HILTON_DENARAU,Denarau,minibus,airport -> destination (arrival),return,day 10:00,child seat,99,173.7,173.7,173.7,173.7,173.7,true,false,MATCH,
FD-candidate,HILTON_DENARAU,Denarau,minibus,airport -> destination (arrival),return,night 23:00,child seat,99,173.7,173.7,173.7,206.64,173.7,true,false,IN_BAND_DIFFERENCE,
FD-candidate,SOFITEL_DENARAU,Denarau,sedan,airport -> destination (arrival),one-way,day 10:00,none,49,47.87,47.87,47.87,47.87,47.87,true,false,MATCH,
FD-candidate,SOFITEL_DENARAU,Denarau,sedan,airport -> destination (arrival),one-way,night 23:00,none,49,47.87,47.87,47.87,51.44,47.87,true,false,IN_BAND_DIFFERENCE,
FD-candidate,SOFITEL_DENARAU,Denarau,sedan,airport -> destination (arrival),one-way,day 10:00,child seat,49,49.87,49.87,49.87,49.87,49.87,true,false,MATCH,
FD-candidate,SOFITEL_DENARAU,Denarau,sedan,airport -> destination (arrival),one-way,night 23:00,child seat,49,49.87,49.87,49.87,58.44,49.87,true,false,IN_BAND_DIFFERENCE,
FD-candidate,SOFITEL_DENARAU,Denarau,sedan,airport -> destination (arrival),return,day 10:00,none,49,79.56,79.56,79.56,79.56,79.56,true,false,MATCH,
FD-candidate,SOFITEL_DENARAU,Denarau,sedan,airport -> destination (arrival),return,night 23:00,none,49,79.56,79.56,79.56,95.27,79.56,true,false,IN_BAND_DIFFERENCE,
FD-candidate,SOFITEL_DENARAU,Denarau,sedan,airport -> destination (arrival),return,day 10:00,child seat,49,86.56,86.56,86.56,86.56,86.56,true,false,MATCH,
FD-candidate,SOFITEL_DENARAU,Denarau,sedan,airport -> destination (arrival),return,night 23:00,child seat,49,86.56,86.56,86.56,103.27,86.56,true,false,IN_BAND_DIFFERENCE,
FD-candidate,SOFITEL_DENARAU,Denarau,minivan,airport -> destination (arrival),one-way,day 10:00,none,69,62.08,62.08,62.08,62.08,62.08,true,false,MATCH,
FD-candidate,SOFITEL_DENARAU,Denarau,minivan,airport -> destination (arrival),one-way,night 23:00,none,69,62.08,62.08,62.08,74.9,62.08,true,false,IN_BAND_DIFFERENCE,
FD-candidate,SOFITEL_DENARAU,Denarau,minivan,airport -> destination (arrival),one-way,day 10:00,child seat,69,69.08,69.08,69.08,69.08,69.08,true,false,MATCH,
FD-candidate,SOFITEL_DENARAU,Denarau,minivan,airport -> destination (arrival),one-way,night 23:00,child seat,69,69.08,69.08,69.08,81.9,69.08,true,false,IN_BAND_DIFFERENCE,
FD-candidate,SOFITEL_DENARAU,Denarau,minivan,airport -> destination (arrival),return,day 10:00,none,69,114.8,114.8,114.8,114.8,114.8,true,false,MATCH,
FD-candidate,SOFITEL_DENARAU,Denarau,minivan,airport -> destination (arrival),return,night 23:00,none,69,114.8,114.8,114.8,138.36,114.8,true,false,IN_BAND_DIFFERENCE,
FD-candidate,SOFITEL_DENARAU,Denarau,minivan,airport -> destination (arrival),return,day 10:00,child seat,69,121.8,121.8,121.8,121.8,121.8,true,false,MATCH,
FD-candidate,SOFITEL_DENARAU,Denarau,minivan,airport -> destination (arrival),return,night 23:00,child seat,69,121.8,121.8,121.8,145.36,121.8,true,false,IN_BAND_DIFFERENCE,
FD-candidate,SOFITEL_DENARAU,Denarau,minibus,airport -> destination (arrival),one-way,day 10:00,none,99,89.84,89.84,89.84,89.84,89.84,true,false,MATCH,
FD-candidate,SOFITEL_DENARAU,Denarau,minibus,airport -> destination (arrival),one-way,night 23:00,none,99,89.84,89.84,89.84,107.81,89.84,true,false,IN_BAND_DIFFERENCE,
FD-candidate,SOFITEL_DENARAU,Denarau,minibus,airport -> destination (arrival),one-way,day 10:00,child seat,99,96.84,96.84,96.84,96.84,96.84,true,false,MATCH,
FD-candidate,SOFITEL_DENARAU,Denarau,minibus,airport -> destination (arrival),one-way,night 23:00,child seat,99,96.84,96.84,96.84,114.81,96.84,true,false,IN_BAND_DIFFERENCE,
FD-candidate,SOFITEL_DENARAU,Denarau,minibus,airport -> destination (arrival),return,day 10:00,none,99,166.7,166.7,166.7,166.7,166.7,true,false,MATCH,
FD-candidate,SOFITEL_DENARAU,Denarau,minibus,airport -> destination (arrival),return,night 23:00,none,99,166.7,166.7,166.7,199.64,166.7,true,false,IN_BAND_DIFFERENCE,
FD-candidate,SOFITEL_DENARAU,Denarau,minibus,airport -> destination (arrival),return,day 10:00,child seat,99,173.7,173.7,173.7,173.7,173.7,true,false,MATCH,
FD-candidate,SOFITEL_DENARAU,Denarau,minibus,airport -> destination (arrival),return,night 23:00,child seat,99,173.7,173.7,173.7,206.64,173.7,true,false,IN_BAND_DIFFERENCE,
FD-candidate,PORT_DENARAU_MARINA,Denarau,sedan,airport -> destination (arrival),one-way,day 10:00,none,49,47.87,47.87,47.87,47.87,47.87,true,false,MATCH,
FD-candidate,PORT_DENARAU_MARINA,Denarau,sedan,airport -> destination (arrival),one-way,night 23:00,none,49,47.87,47.87,47.87,51.44,47.87,true,false,IN_BAND_DIFFERENCE,
FD-candidate,PORT_DENARAU_MARINA,Denarau,sedan,airport -> destination (arrival),one-way,day 10:00,child seat,49,49.87,49.87,49.87,49.87,49.87,true,false,MATCH,
FD-candidate,PORT_DENARAU_MARINA,Denarau,sedan,airport -> destination (arrival),one-way,night 23:00,child seat,49,49.87,49.87,49.87,58.44,49.87,true,false,IN_BAND_DIFFERENCE,
FD-candidate,PORT_DENARAU_MARINA,Denarau,sedan,airport -> destination (arrival),return,day 10:00,none,49,79.56,79.56,79.56,79.56,79.56,true,false,MATCH,
FD-candidate,PORT_DENARAU_MARINA,Denarau,sedan,airport -> destination (arrival),return,night 23:00,none,49,79.56,79.56,79.56,95.27,79.56,true,false,IN_BAND_DIFFERENCE,
FD-candidate,PORT_DENARAU_MARINA,Denarau,sedan,airport -> destination (arrival),return,day 10:00,child seat,49,86.56,86.56,86.56,86.56,86.56,true,false,MATCH,
FD-candidate,PORT_DENARAU_MARINA,Denarau,sedan,airport -> destination (arrival),return,night 23:00,child seat,49,86.56,86.56,86.56,103.27,86.56,true,false,IN_BAND_DIFFERENCE,
FD-candidate,PORT_DENARAU_MARINA,Denarau,minivan,airport -> destination (arrival),one-way,day 10:00,none,69,62.08,62.08,62.08,62.08,62.08,true,false,MATCH,
FD-candidate,PORT_DENARAU_MARINA,Denarau,minivan,airport -> destination (arrival),one-way,night 23:00,none,69,62.08,62.08,62.08,74.9,62.08,true,false,IN_BAND_DIFFERENCE,
FD-candidate,PORT_DENARAU_MARINA,Denarau,minivan,airport -> destination (arrival),one-way,day 10:00,child seat,69,69.08,69.08,69.08,69.08,69.08,true,false,MATCH,
FD-candidate,PORT_DENARAU_MARINA,Denarau,minivan,airport -> destination (arrival),one-way,night 23:00,child seat,69,69.08,69.08,69.08,81.9,69.08,true,false,IN_BAND_DIFFERENCE,
FD-candidate,PORT_DENARAU_MARINA,Denarau,minivan,airport -> destination (arrival),return,day 10:00,none,69,114.8,114.8,114.8,114.8,114.8,true,false,MATCH,
FD-candidate,PORT_DENARAU_MARINA,Denarau,minivan,airport -> destination (arrival),return,night 23:00,none,69,114.8,114.8,114.8,138.36,114.8,true,false,IN_BAND_DIFFERENCE,
FD-candidate,PORT_DENARAU_MARINA,Denarau,minivan,airport -> destination (arrival),return,day 10:00,child seat,69,121.8,121.8,121.8,121.8,121.8,true,false,MATCH,
FD-candidate,PORT_DENARAU_MARINA,Denarau,minivan,airport -> destination (arrival),return,night 23:00,child seat,69,121.8,121.8,121.8,145.36,121.8,true,false,IN_BAND_DIFFERENCE,
FD-candidate,PORT_DENARAU_MARINA,Denarau,minibus,airport -> destination (arrival),one-way,day 10:00,none,99,89.84,89.84,89.84,89.84,89.84,true,false,MATCH,
FD-candidate,PORT_DENARAU_MARINA,Denarau,minibus,airport -> destination (arrival),one-way,night 23:00,none,99,89.84,89.84,89.84,107.81,89.84,true,false,IN_BAND_DIFFERENCE,
FD-candidate,PORT_DENARAU_MARINA,Denarau,minibus,airport -> destination (arrival),one-way,day 10:00,child seat,99,96.84,96.84,96.84,96.84,96.84,true,false,MATCH,
FD-candidate,PORT_DENARAU_MARINA,Denarau,minibus,airport -> destination (arrival),one-way,night 23:00,child seat,99,96.84,96.84,96.84,114.81,96.84,true,false,IN_BAND_DIFFERENCE,
FD-candidate,PORT_DENARAU_MARINA,Denarau,minibus,airport -> destination (arrival),return,day 10:00,none,99,166.7,166.7,166.7,166.7,166.7,true,false,MATCH,
FD-candidate,PORT_DENARAU_MARINA,Denarau,minibus,airport -> destination (arrival),return,night 23:00,none,99,166.7,166.7,166.7,199.64,166.7,true,false,IN_BAND_DIFFERENCE,
FD-candidate,PORT_DENARAU_MARINA,Denarau,minibus,airport -> destination (arrival),return,day 10:00,child seat,99,173.7,173.7,173.7,173.7,173.7,true,false,MATCH,
FD-candidate,PORT_DENARAU_MARINA,Denarau,minibus,airport -> destination (arrival),return,night 23:00,child seat,99,173.7,173.7,173.7,206.64,173.7,true,false,IN_BAND_DIFFERENCE,
FD-candidate,DOUBLETREE_SONAISALI,Sonaisali,sedan,airport -> destination (arrival),one-way,day 10:00,none,69,70.83,70.83,70.83,70.83,70.83,true,false,MATCH,
FD-candidate,DOUBLETREE_SONAISALI,Sonaisali,sedan,airport -> destination (arrival),one-way,night 23:00,none,69,70.83,70.83,70.83,85.6,70.83,true,false,IN_BAND_DIFFERENCE,
FD-candidate,DOUBLETREE_SONAISALI,Sonaisali,sedan,airport -> destination (arrival),one-way,day 10:00,child seat,69,77.83,77.83,77.83,77.83,77.83,true,false,MATCH,
FD-candidate,DOUBLETREE_SONAISALI,Sonaisali,sedan,airport -> destination (arrival),one-way,night 23:00,child seat,69,77.83,77.83,77.83,92.6,77.83,true,false,IN_BAND_DIFFERENCE,
FD-candidate,DOUBLETREE_SONAISALI,Sonaisali,sedan,airport -> destination (arrival),return,day 10:00,none,69,130.84,130.84,130.84,130.84,130.84,true,false,MATCH,
FD-candidate,DOUBLETREE_SONAISALI,Sonaisali,sedan,airport -> destination (arrival),return,night 23:00,none,69,130.84,130.84,130.84,157,130.84,true,false,IN_BAND_DIFFERENCE,
FD-candidate,DOUBLETREE_SONAISALI,Sonaisali,sedan,airport -> destination (arrival),return,day 10:00,child seat,69,138.84,138.84,138.84,138.84,138.84,true,false,MATCH,
FD-candidate,DOUBLETREE_SONAISALI,Sonaisali,sedan,airport -> destination (arrival),return,night 23:00,child seat,69,138.84,138.84,138.84,165,138.84,true,false,IN_BAND_DIFFERENCE,
FD-candidate,DOUBLETREE_SONAISALI,Sonaisali,minivan,airport -> destination (arrival),one-way,day 10:00,none,89,91.46,91.46,91.46,91.46,91.46,true,false,MATCH,
FD-candidate,DOUBLETREE_SONAISALI,Sonaisali,minivan,airport -> destination (arrival),one-way,night 23:00,none,89,91.46,91.46,91.46,109.75,91.46,true,false,IN_BAND_DIFFERENCE,
FD-candidate,DOUBLETREE_SONAISALI,Sonaisali,minivan,airport -> destination (arrival),one-way,day 10:00,child seat,89,98.46,98.46,98.46,98.46,98.46,true,false,MATCH,
FD-candidate,DOUBLETREE_SONAISALI,Sonaisali,minivan,airport -> destination (arrival),one-way,night 23:00,child seat,89,98.46,98.46,98.46,116.75,98.46,true,false,IN_BAND_DIFFERENCE,
FD-candidate,DOUBLETREE_SONAISALI,Sonaisali,minivan,airport -> destination (arrival),return,day 10:00,none,89,168.7,168.7,168.7,168.7,168.7,true,false,MATCH,
FD-candidate,DOUBLETREE_SONAISALI,Sonaisali,minivan,airport -> destination (arrival),return,night 23:00,none,89,168.7,168.7,168.7,202.24,168.7,true,false,IN_BAND_DIFFERENCE,
FD-candidate,DOUBLETREE_SONAISALI,Sonaisali,minivan,airport -> destination (arrival),return,day 10:00,child seat,89,175.7,175.7,175.7,175.7,175.7,true,false,MATCH,
FD-candidate,DOUBLETREE_SONAISALI,Sonaisali,minivan,airport -> destination (arrival),return,night 23:00,child seat,89,175.7,175.7,175.7,210.24,175.7,true,false,IN_BAND_DIFFERENCE,
FD-candidate,DOUBLETREE_SONAISALI,Sonaisali,minibus,airport -> destination (arrival),one-way,day 10:00,none,119,118.46,118.46,118.46,118.46,118.46,true,false,MATCH,
FD-candidate,DOUBLETREE_SONAISALI,Sonaisali,minibus,airport -> destination (arrival),one-way,night 23:00,none,119,118.46,118.46,118.46,141.75,118.46,true,false,IN_BAND_DIFFERENCE,
FD-candidate,DOUBLETREE_SONAISALI,Sonaisali,minibus,airport -> destination (arrival),one-way,day 10:00,child seat,119,125.46,125.46,125.46,125.46,125.46,true,false,MATCH,
FD-candidate,DOUBLETREE_SONAISALI,Sonaisali,minibus,airport -> destination (arrival),one-way,night 23:00,child seat,119,125.46,125.46,125.46,148.75,125.46,true,false,IN_BAND_DIFFERENCE,
FD-candidate,DOUBLETREE_SONAISALI,Sonaisali,minibus,airport -> destination (arrival),return,day 10:00,none,119,219.2,219.2,219.2,219.2,219.2,true,false,MATCH,
FD-candidate,DOUBLETREE_SONAISALI,Sonaisali,minibus,airport -> destination (arrival),return,night 23:00,none,119,219.2,219.2,219.2,262.84,219.2,true,false,IN_BAND_DIFFERENCE,
FD-candidate,DOUBLETREE_SONAISALI,Sonaisali,minibus,airport -> destination (arrival),return,day 10:00,child seat,119,226.2,226.2,226.2,226.2,226.2,true,false,MATCH,
FD-candidate,DOUBLETREE_SONAISALI,Sonaisali,minibus,airport -> destination (arrival),return,night 23:00,child seat,119,226.2,226.2,226.2,269.84,226.2,true,false,IN_BAND_DIFFERENCE,
FD-candidate,FIRST_LANDING,Vuda Point,sedan,airport -> destination (arrival),one-way,day 10:00,none,79,67.5,67.5,67.5,67.5,67.5,true,false,MATCH,
FD-candidate,FIRST_LANDING,Vuda Point,sedan,airport -> destination (arrival),one-way,night 23:00,none,79,67.5,67.5,67.5,80.4,67.5,true,false,IN_BAND_DIFFERENCE,
FD-candidate,FIRST_LANDING,Vuda Point,sedan,airport -> destination (arrival),one-way,day 10:00,child seat,79,74.5,74.5,74.5,74.5,74.5,true,false,MATCH,
FD-candidate,FIRST_LANDING,Vuda Point,sedan,airport -> destination (arrival),one-way,night 23:00,child seat,79,74.5,74.5,74.5,87.4,74.5,true,false,IN_BAND_DIFFERENCE,
FD-candidate,FIRST_LANDING,Vuda Point,sedan,airport -> destination (arrival),return,day 10:00,none,79,123.83,123.83,123.83,123.83,123.83,true,false,MATCH,
FD-candidate,FIRST_LANDING,Vuda Point,sedan,airport -> destination (arrival),return,night 23:00,none,79,123.83,123.83,123.83,148.39,123.83,true,false,IN_BAND_DIFFERENCE,
FD-candidate,FIRST_LANDING,Vuda Point,sedan,airport -> destination (arrival),return,day 10:00,child seat,79,130.83,130.83,130.83,130.83,130.83,true,false,MATCH,
FD-candidate,FIRST_LANDING,Vuda Point,sedan,airport -> destination (arrival),return,night 23:00,child seat,79,130.83,130.83,130.83,156.39,130.83,true,false,IN_BAND_DIFFERENCE,
FD-candidate,FIRST_LANDING,Vuda Point,minivan,airport -> destination (arrival),one-way,day 10:00,none,99,85.23,85.23,85.23,85.23,85.23,true,false,MATCH,
FD-candidate,FIRST_LANDING,Vuda Point,minivan,airport -> destination (arrival),one-way,night 23:00,none,99,85.23,85.23,85.23,102.08,85.23,true,false,IN_BAND_DIFFERENCE,
FD-candidate,FIRST_LANDING,Vuda Point,minivan,airport -> destination (arrival),one-way,day 10:00,child seat,99,92.23,92.23,92.23,92.23,92.23,true,false,MATCH,
FD-candidate,FIRST_LANDING,Vuda Point,minivan,airport -> destination (arrival),one-way,night 23:00,child seat,99,92.23,92.23,92.23,109.08,92.23,true,false,IN_BAND_DIFFERENCE,
FD-candidate,FIRST_LANDING,Vuda Point,minivan,airport -> destination (arrival),return,day 10:00,none,99,157.33,157.33,157.33,157.33,157.33,true,false,MATCH,
FD-candidate,FIRST_LANDING,Vuda Point,minivan,airport -> destination (arrival),return,night 23:00,none,99,157.33,157.33,157.33,188.19,157.33,true,false,IN_BAND_DIFFERENCE,
FD-candidate,FIRST_LANDING,Vuda Point,minivan,airport -> destination (arrival),return,day 10:00,child seat,99,164.33,164.33,164.33,164.33,164.33,true,false,MATCH,
FD-candidate,FIRST_LANDING,Vuda Point,minivan,airport -> destination (arrival),return,night 23:00,child seat,99,164.33,164.33,164.33,195.19,164.33,true,false,IN_BAND_DIFFERENCE,
FD-candidate,FIRST_LANDING,Vuda Point,minibus,airport -> destination (arrival),one-way,day 10:00,none,129,112.23,112.23,112.23,112.23,112.23,true,false,MATCH,
FD-candidate,FIRST_LANDING,Vuda Point,minibus,airport -> destination (arrival),one-way,night 23:00,none,129,112.23,112.23,112.23,134.08,112.23,true,false,IN_BAND_DIFFERENCE,
FD-candidate,FIRST_LANDING,Vuda Point,minibus,airport -> destination (arrival),one-way,day 10:00,child seat,129,119.23,119.23,119.23,119.23,119.23,true,false,MATCH,
FD-candidate,FIRST_LANDING,Vuda Point,minibus,airport -> destination (arrival),one-way,night 23:00,child seat,129,119.23,119.23,119.23,141.08,119.23,true,false,IN_BAND_DIFFERENCE,
FD-candidate,FIRST_LANDING,Vuda Point,minibus,airport -> destination (arrival),return,day 10:00,none,129,206.83,206.83,206.83,206.83,206.83,true,false,MATCH,
FD-candidate,FIRST_LANDING,Vuda Point,minibus,airport -> destination (arrival),return,night 23:00,none,129,206.83,206.83,206.83,247.79,206.83,true,false,IN_BAND_DIFFERENCE,
FD-candidate,FIRST_LANDING,Vuda Point,minibus,airport -> destination (arrival),return,day 10:00,child seat,129,213.83,213.83,213.83,213.83,213.83,true,false,MATCH,
FD-candidate,FIRST_LANDING,Vuda Point,minibus,airport -> destination (arrival),return,night 23:00,child seat,129,213.83,213.83,213.83,255.79,213.83,true,false,IN_BAND_DIFFERENCE,
FD-candidate,VUDA_MARINA,Vuda Point,sedan,airport -> destination (arrival),one-way,day 10:00,none,79,67.5,67.5,67.5,67.5,67.5,true,false,MATCH,
FD-candidate,VUDA_MARINA,Vuda Point,sedan,airport -> destination (arrival),one-way,night 23:00,none,79,67.5,67.5,67.5,80.4,67.5,true,false,IN_BAND_DIFFERENCE,
FD-candidate,VUDA_MARINA,Vuda Point,sedan,airport -> destination (arrival),one-way,day 10:00,child seat,79,74.5,74.5,74.5,74.5,74.5,true,false,MATCH,
FD-candidate,VUDA_MARINA,Vuda Point,sedan,airport -> destination (arrival),one-way,night 23:00,child seat,79,74.5,74.5,74.5,87.4,74.5,true,false,IN_BAND_DIFFERENCE,
FD-candidate,VUDA_MARINA,Vuda Point,sedan,airport -> destination (arrival),return,day 10:00,none,79,123.83,123.83,123.83,123.83,123.83,true,false,MATCH,
FD-candidate,VUDA_MARINA,Vuda Point,sedan,airport -> destination (arrival),return,night 23:00,none,79,123.83,123.83,123.83,148.39,123.83,true,false,IN_BAND_DIFFERENCE,
FD-candidate,VUDA_MARINA,Vuda Point,sedan,airport -> destination (arrival),return,day 10:00,child seat,79,130.83,130.83,130.83,130.83,130.83,true,false,MATCH,
FD-candidate,VUDA_MARINA,Vuda Point,sedan,airport -> destination (arrival),return,night 23:00,child seat,79,130.83,130.83,130.83,156.39,130.83,true,false,IN_BAND_DIFFERENCE,
FD-candidate,VUDA_MARINA,Vuda Point,minivan,airport -> destination (arrival),one-way,day 10:00,none,99,85.23,85.23,85.23,85.23,85.23,true,false,MATCH,
FD-candidate,VUDA_MARINA,Vuda Point,minivan,airport -> destination (arrival),one-way,night 23:00,none,99,85.23,85.23,85.23,102.08,85.23,true,false,IN_BAND_DIFFERENCE,
FD-candidate,VUDA_MARINA,Vuda Point,minivan,airport -> destination (arrival),one-way,day 10:00,child seat,99,92.23,92.23,92.23,92.23,92.23,true,false,MATCH,
FD-candidate,VUDA_MARINA,Vuda Point,minivan,airport -> destination (arrival),one-way,night 23:00,child seat,99,92.23,92.23,92.23,109.08,92.23,true,false,IN_BAND_DIFFERENCE,
FD-candidate,VUDA_MARINA,Vuda Point,minivan,airport -> destination (arrival),return,day 10:00,none,99,157.33,157.33,157.33,157.33,157.33,true,false,MATCH,
FD-candidate,VUDA_MARINA,Vuda Point,minivan,airport -> destination (arrival),return,night 23:00,none,99,157.33,157.33,157.33,188.19,157.33,true,false,IN_BAND_DIFFERENCE,
FD-candidate,VUDA_MARINA,Vuda Point,minivan,airport -> destination (arrival),return,day 10:00,child seat,99,164.33,164.33,164.33,164.33,164.33,true,false,MATCH,
FD-candidate,VUDA_MARINA,Vuda Point,minivan,airport -> destination (arrival),return,night 23:00,child seat,99,164.33,164.33,164.33,195.19,164.33,true,false,IN_BAND_DIFFERENCE,
FD-candidate,VUDA_MARINA,Vuda Point,minibus,airport -> destination (arrival),one-way,day 10:00,none,129,112.23,112.23,112.23,112.23,112.23,true,false,MATCH,
FD-candidate,VUDA_MARINA,Vuda Point,minibus,airport -> destination (arrival),one-way,night 23:00,none,129,112.23,112.23,112.23,134.08,112.23,true,false,IN_BAND_DIFFERENCE,
FD-candidate,VUDA_MARINA,Vuda Point,minibus,airport -> destination (arrival),one-way,day 10:00,child seat,129,119.23,119.23,119.23,119.23,119.23,true,false,MATCH,
FD-candidate,VUDA_MARINA,Vuda Point,minibus,airport -> destination (arrival),one-way,night 23:00,child seat,129,119.23,119.23,119.23,141.08,119.23,true,false,IN_BAND_DIFFERENCE,
FD-candidate,VUDA_MARINA,Vuda Point,minibus,airport -> destination (arrival),return,day 10:00,none,129,206.83,206.83,206.83,206.83,206.83,true,false,MATCH,
FD-candidate,VUDA_MARINA,Vuda Point,minibus,airport -> destination (arrival),return,night 23:00,none,129,206.83,206.83,206.83,247.79,206.83,true,false,IN_BAND_DIFFERENCE,
FD-candidate,VUDA_MARINA,Vuda Point,minibus,airport -> destination (arrival),return,day 10:00,child seat,129,213.83,213.83,213.83,213.83,213.83,true,false,MATCH,
FD-candidate,VUDA_MARINA,Vuda Point,minibus,airport -> destination (arrival),return,night 23:00,child seat,129,213.83,213.83,213.83,255.79,213.83,true,false,IN_BAND_DIFFERENCE,
FD-candidate,LAUTOKA_HOTEL,Lautoka,sedan,airport -> destination (arrival),one-way,day 10:00,none,89,76.07,76.07,76.07,76.07,76.07,true,false,MATCH,
FD-candidate,LAUTOKA_HOTEL,Lautoka,sedan,airport -> destination (arrival),one-way,night 23:00,none,89,76.07,76.07,76.07,90.88,76.07,true,false,IN_BAND_DIFFERENCE,
FD-candidate,LAUTOKA_HOTEL,Lautoka,sedan,airport -> destination (arrival),one-way,day 10:00,child seat,89,83.07,83.07,83.07,83.07,83.07,true,false,MATCH,
FD-candidate,LAUTOKA_HOTEL,Lautoka,sedan,airport -> destination (arrival),one-way,night 23:00,child seat,89,83.07,83.07,83.07,97.88,83.07,true,false,IN_BAND_DIFFERENCE,
FD-candidate,LAUTOKA_HOTEL,Lautoka,sedan,airport -> destination (arrival),return,day 10:00,none,89,139.53,139.53,139.53,139.53,139.53,true,false,MATCH,
FD-candidate,LAUTOKA_HOTEL,Lautoka,sedan,airport -> destination (arrival),return,night 23:00,none,89,139.53,139.53,139.53,167.64,139.53,true,false,IN_BAND_DIFFERENCE,
FD-candidate,LAUTOKA_HOTEL,Lautoka,sedan,airport -> destination (arrival),return,day 10:00,child seat,89,147.53,147.53,147.53,147.53,147.53,true,false,MATCH,
FD-candidate,LAUTOKA_HOTEL,Lautoka,sedan,airport -> destination (arrival),return,night 23:00,child seat,89,147.53,147.53,147.53,175.64,147.53,true,false,IN_BAND_DIFFERENCE,
FD-candidate,LAUTOKA_HOTEL,Lautoka,minivan,airport -> destination (arrival),one-way,day 10:00,none,119,99.22,99.22,99.22,99.22,99.22,true,false,MATCH,
FD-candidate,LAUTOKA_HOTEL,Lautoka,minivan,airport -> destination (arrival),one-way,night 23:00,none,119,99.22,99.22,99.22,119.26,99.22,true,false,IN_BAND_DIFFERENCE,
FD-candidate,LAUTOKA_HOTEL,Lautoka,minivan,airport -> destination (arrival),one-way,day 10:00,child seat,119,106.22,106.22,106.22,106.22,106.22,true,false,MATCH,
FD-candidate,LAUTOKA_HOTEL,Lautoka,minivan,airport -> destination (arrival),one-way,night 23:00,child seat,119,106.22,106.22,106.22,126.26,106.22,true,false,IN_BAND_DIFFERENCE,
FD-candidate,LAUTOKA_HOTEL,Lautoka,minivan,airport -> destination (arrival),return,day 10:00,none,119,183.91,183.91,183.91,183.91,183.91,true,false,MATCH,
FD-candidate,LAUTOKA_HOTEL,Lautoka,minivan,airport -> destination (arrival),return,night 23:00,none,119,183.91,183.91,183.91,220.69,183.91,true,false,IN_BAND_DIFFERENCE,
FD-candidate,LAUTOKA_HOTEL,Lautoka,minivan,airport -> destination (arrival),return,day 10:00,child seat,119,190.91,190.91,190.91,190.91,190.91,true,false,MATCH,
FD-candidate,LAUTOKA_HOTEL,Lautoka,minivan,airport -> destination (arrival),return,night 23:00,child seat,119,190.91,190.91,190.91,227.69,190.91,true,false,IN_BAND_DIFFERENCE,
FD-candidate,LAUTOKA_HOTEL,Lautoka,minibus,airport -> destination (arrival),one-way,day 10:00,none,149,126.22,126.22,126.22,126.22,126.22,true,false,MATCH,
FD-candidate,LAUTOKA_HOTEL,Lautoka,minibus,airport -> destination (arrival),one-way,night 23:00,none,149,126.22,126.22,126.22,151.26,126.22,true,false,IN_BAND_DIFFERENCE,
FD-candidate,LAUTOKA_HOTEL,Lautoka,minibus,airport -> destination (arrival),one-way,day 10:00,child seat,149,133.22,133.22,133.22,133.22,133.22,true,false,MATCH,
FD-candidate,LAUTOKA_HOTEL,Lautoka,minibus,airport -> destination (arrival),one-way,night 23:00,child seat,149,133.22,133.22,133.22,158.26,133.22,true,false,IN_BAND_DIFFERENCE,
FD-candidate,LAUTOKA_HOTEL,Lautoka,minibus,airport -> destination (arrival),return,day 10:00,none,149,233.41,233.41,233.41,233.41,233.41,true,false,MATCH,
FD-candidate,LAUTOKA_HOTEL,Lautoka,minibus,airport -> destination (arrival),return,night 23:00,none,149,233.41,233.41,233.41,280.29,233.41,true,false,IN_BAND_DIFFERENCE,
FD-candidate,LAUTOKA_HOTEL,Lautoka,minibus,airport -> destination (arrival),return,day 10:00,child seat,149,240.41,240.41,240.41,240.41,240.41,true,false,MATCH,
FD-candidate,LAUTOKA_HOTEL,Lautoka,minibus,airport -> destination (arrival),return,night 23:00,child seat,149,240.41,240.41,240.41,287.29,240.41,true,false,IN_BAND_DIFFERENCE,
FD-candidate,TANOA_LAUTOKA,Lautoka,sedan,airport -> destination (arrival),one-way,day 10:00,none,89,76.07,76.07,76.07,76.07,76.07,true,false,MATCH,
FD-candidate,TANOA_LAUTOKA,Lautoka,sedan,airport -> destination (arrival),one-way,night 23:00,none,89,76.07,76.07,76.07,90.88,76.07,true,false,IN_BAND_DIFFERENCE,
FD-candidate,TANOA_LAUTOKA,Lautoka,sedan,airport -> destination (arrival),one-way,day 10:00,child seat,89,83.07,83.07,83.07,83.07,83.07,true,false,MATCH,
FD-candidate,TANOA_LAUTOKA,Lautoka,sedan,airport -> destination (arrival),one-way,night 23:00,child seat,89,83.07,83.07,83.07,97.88,83.07,true,false,IN_BAND_DIFFERENCE,
FD-candidate,TANOA_LAUTOKA,Lautoka,sedan,airport -> destination (arrival),return,day 10:00,none,89,139.53,139.53,139.53,139.53,139.53,true,false,MATCH,
FD-candidate,TANOA_LAUTOKA,Lautoka,sedan,airport -> destination (arrival),return,night 23:00,none,89,139.53,139.53,139.53,167.64,139.53,true,false,IN_BAND_DIFFERENCE,
FD-candidate,TANOA_LAUTOKA,Lautoka,sedan,airport -> destination (arrival),return,day 10:00,child seat,89,147.53,147.53,147.53,147.53,147.53,true,false,MATCH,
FD-candidate,TANOA_LAUTOKA,Lautoka,sedan,airport -> destination (arrival),return,night 23:00,child seat,89,147.53,147.53,147.53,175.64,147.53,true,false,IN_BAND_DIFFERENCE,
FD-candidate,TANOA_LAUTOKA,Lautoka,minivan,airport -> destination (arrival),one-way,day 10:00,none,119,99.22,99.22,99.22,99.22,99.22,true,false,MATCH,
FD-candidate,TANOA_LAUTOKA,Lautoka,minivan,airport -> destination (arrival),one-way,night 23:00,none,119,99.22,99.22,99.22,119.26,99.22,true,false,IN_BAND_DIFFERENCE,
FD-candidate,TANOA_LAUTOKA,Lautoka,minivan,airport -> destination (arrival),one-way,day 10:00,child seat,119,106.22,106.22,106.22,106.22,106.22,true,false,MATCH,
FD-candidate,TANOA_LAUTOKA,Lautoka,minivan,airport -> destination (arrival),one-way,night 23:00,child seat,119,106.22,106.22,106.22,126.26,106.22,true,false,IN_BAND_DIFFERENCE,
FD-candidate,TANOA_LAUTOKA,Lautoka,minivan,airport -> destination (arrival),return,day 10:00,none,119,183.91,183.91,183.91,183.91,183.91,true,false,MATCH,
FD-candidate,TANOA_LAUTOKA,Lautoka,minivan,airport -> destination (arrival),return,night 23:00,none,119,183.91,183.91,183.91,220.69,183.91,true,false,IN_BAND_DIFFERENCE,
FD-candidate,TANOA_LAUTOKA,Lautoka,minivan,airport -> destination (arrival),return,day 10:00,child seat,119,190.91,190.91,190.91,190.91,190.91,true,false,MATCH,
FD-candidate,TANOA_LAUTOKA,Lautoka,minivan,airport -> destination (arrival),return,night 23:00,child seat,119,190.91,190.91,190.91,227.69,190.91,true,false,IN_BAND_DIFFERENCE,
FD-candidate,TANOA_LAUTOKA,Lautoka,minibus,airport -> destination (arrival),one-way,day 10:00,none,149,126.22,126.22,126.22,126.22,126.22,true,false,MATCH,
FD-candidate,TANOA_LAUTOKA,Lautoka,minibus,airport -> destination (arrival),one-way,night 23:00,none,149,126.22,126.22,126.22,151.26,126.22,true,false,IN_BAND_DIFFERENCE,
FD-candidate,TANOA_LAUTOKA,Lautoka,minibus,airport -> destination (arrival),one-way,day 10:00,child seat,149,133.22,133.22,133.22,133.22,133.22,true,false,MATCH,
FD-candidate,TANOA_LAUTOKA,Lautoka,minibus,airport -> destination (arrival),one-way,night 23:00,child seat,149,133.22,133.22,133.22,158.26,133.22,true,false,IN_BAND_DIFFERENCE,
FD-candidate,TANOA_LAUTOKA,Lautoka,minibus,airport -> destination (arrival),return,day 10:00,none,149,233.41,233.41,233.41,233.41,233.41,true,false,MATCH,
FD-candidate,TANOA_LAUTOKA,Lautoka,minibus,airport -> destination (arrival),return,night 23:00,none,149,233.41,233.41,233.41,280.29,233.41,true,false,IN_BAND_DIFFERENCE,
FD-candidate,TANOA_LAUTOKA,Lautoka,minibus,airport -> destination (arrival),return,day 10:00,child seat,149,240.41,240.41,240.41,240.41,240.41,true,false,MATCH,
FD-candidate,TANOA_LAUTOKA,Lautoka,minibus,airport -> destination (arrival),return,night 23:00,child seat,149,240.41,240.41,240.41,287.29,240.41,true,false,IN_BAND_DIFFERENCE,
FD-candidate,LAUTOKA_CRUISE,Lautoka,sedan,airport -> destination (arrival),one-way,day 10:00,none,89,76.07,76.07,76.07,76.07,76.07,true,false,MATCH,
FD-candidate,LAUTOKA_CRUISE,Lautoka,sedan,airport -> destination (arrival),one-way,night 23:00,none,89,76.07,76.07,76.07,90.88,76.07,true,false,IN_BAND_DIFFERENCE,
FD-candidate,LAUTOKA_CRUISE,Lautoka,sedan,airport -> destination (arrival),one-way,day 10:00,child seat,89,83.07,83.07,83.07,83.07,83.07,true,false,MATCH,
FD-candidate,LAUTOKA_CRUISE,Lautoka,sedan,airport -> destination (arrival),one-way,night 23:00,child seat,89,83.07,83.07,83.07,97.88,83.07,true,false,IN_BAND_DIFFERENCE,
FD-candidate,LAUTOKA_CRUISE,Lautoka,sedan,airport -> destination (arrival),return,day 10:00,none,89,139.53,139.53,139.53,139.53,139.53,true,false,MATCH,
FD-candidate,LAUTOKA_CRUISE,Lautoka,sedan,airport -> destination (arrival),return,night 23:00,none,89,139.53,139.53,139.53,167.64,139.53,true,false,IN_BAND_DIFFERENCE,
FD-candidate,LAUTOKA_CRUISE,Lautoka,sedan,airport -> destination (arrival),return,day 10:00,child seat,89,147.53,147.53,147.53,147.53,147.53,true,false,MATCH,
FD-candidate,LAUTOKA_CRUISE,Lautoka,sedan,airport -> destination (arrival),return,night 23:00,child seat,89,147.53,147.53,147.53,175.64,147.53,true,false,IN_BAND_DIFFERENCE,
FD-candidate,LAUTOKA_CRUISE,Lautoka,minivan,airport -> destination (arrival),one-way,day 10:00,none,119,99.22,99.22,99.22,99.22,99.22,true,false,MATCH,
FD-candidate,LAUTOKA_CRUISE,Lautoka,minivan,airport -> destination (arrival),one-way,night 23:00,none,119,99.22,99.22,99.22,119.26,99.22,true,false,IN_BAND_DIFFERENCE,
FD-candidate,LAUTOKA_CRUISE,Lautoka,minivan,airport -> destination (arrival),one-way,day 10:00,child seat,119,106.22,106.22,106.22,106.22,106.22,true,false,MATCH,
FD-candidate,LAUTOKA_CRUISE,Lautoka,minivan,airport -> destination (arrival),one-way,night 23:00,child seat,119,106.22,106.22,106.22,126.26,106.22,true,false,IN_BAND_DIFFERENCE,
FD-candidate,LAUTOKA_CRUISE,Lautoka,minivan,airport -> destination (arrival),return,day 10:00,none,119,183.91,183.91,183.91,183.91,183.91,true,false,MATCH,
FD-candidate,LAUTOKA_CRUISE,Lautoka,minivan,airport -> destination (arrival),return,night 23:00,none,119,183.91,183.91,183.91,220.69,183.91,true,false,IN_BAND_DIFFERENCE,
FD-candidate,LAUTOKA_CRUISE,Lautoka,minivan,airport -> destination (arrival),return,day 10:00,child seat,119,190.91,190.91,190.91,190.91,190.91,true,false,MATCH,
FD-candidate,LAUTOKA_CRUISE,Lautoka,minivan,airport -> destination (arrival),return,night 23:00,child seat,119,190.91,190.91,190.91,227.69,190.91,true,false,IN_BAND_DIFFERENCE,
FD-candidate,LAUTOKA_CRUISE,Lautoka,minibus,airport -> destination (arrival),one-way,day 10:00,none,149,126.22,126.22,126.22,126.22,126.22,true,false,MATCH,
FD-candidate,LAUTOKA_CRUISE,Lautoka,minibus,airport -> destination (arrival),one-way,night 23:00,none,149,126.22,126.22,126.22,151.26,126.22,true,false,IN_BAND_DIFFERENCE,
FD-candidate,LAUTOKA_CRUISE,Lautoka,minibus,airport -> destination (arrival),one-way,day 10:00,child seat,149,133.22,133.22,133.22,133.22,133.22,true,false,MATCH,
FD-candidate,LAUTOKA_CRUISE,Lautoka,minibus,airport -> destination (arrival),one-way,night 23:00,child seat,149,133.22,133.22,133.22,158.26,133.22,true,false,IN_BAND_DIFFERENCE,
FD-candidate,LAUTOKA_CRUISE,Lautoka,minibus,airport -> destination (arrival),return,day 10:00,none,149,233.41,233.41,233.41,233.41,233.41,true,false,MATCH,
FD-candidate,LAUTOKA_CRUISE,Lautoka,minibus,airport -> destination (arrival),return,night 23:00,none,149,233.41,233.41,233.41,280.29,233.41,true,false,IN_BAND_DIFFERENCE,
FD-candidate,LAUTOKA_CRUISE,Lautoka,minibus,airport -> destination (arrival),return,day 10:00,child seat,149,240.41,240.41,240.41,240.41,240.41,true,false,MATCH,
FD-candidate,LAUTOKA_CRUISE,Lautoka,minibus,airport -> destination (arrival),return,night 23:00,child seat,149,240.41,240.41,240.41,287.29,240.41,true,false,IN_BAND_DIFFERENCE,
FD-candidate,MARRIOTT_MOMI,Momi Bay,sedan,airport -> destination (arrival),one-way,day 10:00,none,99,85.29,85.29,85.29,85.29,85.29,true,false,MATCH,
FD-candidate,MARRIOTT_MOMI,Momi Bay,sedan,airport -> destination (arrival),one-way,night 23:00,none,99,85.29,85.29,85.29,102.15,85.29,true,false,IN_BAND_DIFFERENCE,
FD-candidate,MARRIOTT_MOMI,Momi Bay,sedan,airport -> destination (arrival),one-way,day 10:00,child seat,99,92.29,92.29,92.29,92.29,92.29,true,false,MATCH,
FD-candidate,MARRIOTT_MOMI,Momi Bay,sedan,airport -> destination (arrival),one-way,night 23:00,child seat,99,92.29,92.29,92.29,109.15,92.29,true,false,IN_BAND_DIFFERENCE,
FD-candidate,MARRIOTT_MOMI,Momi Bay,sedan,airport -> destination (arrival),return,day 10:00,none,99,166,166,166,157.44,166,true,false,IN_BAND_DIFFERENCE,
FD-candidate,MARRIOTT_MOMI,Momi Bay,sedan,airport -> destination (arrival),return,night 23:00,none,99,198,198,198,188.32,198,true,false,IN_BAND_DIFFERENCE,
FD-candidate,MARRIOTT_MOMI,Momi Bay,sedan,airport -> destination (arrival),return,day 10:00,child seat,99,174,174,174,164.44,174,true,false,IN_BAND_DIFFERENCE,
FD-candidate,MARRIOTT_MOMI,Momi Bay,sedan,airport -> destination (arrival),return,night 23:00,child seat,99,205,205,205,195.32,205,true,false,IN_BAND_DIFFERENCE,
FD-candidate,MARRIOTT_MOMI,Momi Bay,minivan,airport -> destination (arrival),one-way,day 10:00,none,149,132.42,132.42,132.42,132.42,132.42,true,false,MATCH,
FD-candidate,MARRIOTT_MOMI,Momi Bay,minivan,airport -> destination (arrival),one-way,night 23:00,none,149,132.42,132.42,132.42,158.9,132.42,true,false,IN_BAND_DIFFERENCE,
FD-candidate,MARRIOTT_MOMI,Momi Bay,minivan,airport -> destination (arrival),one-way,day 10:00,child seat,149,139.42,139.42,139.42,139.42,139.42,true,false,MATCH,
FD-candidate,MARRIOTT_MOMI,Momi Bay,minivan,airport -> destination (arrival),one-way,night 23:00,child seat,149,139.42,139.42,139.42,166.9,139.42,true,false,IN_BAND_DIFFERENCE,
FD-candidate,MARRIOTT_MOMI,Momi Bay,minivan,airport -> destination (arrival),return,day 10:00,none,149,252,252,252,245.73,252,true,false,IN_BAND_DIFFERENCE,
FD-candidate,MARRIOTT_MOMI,Momi Bay,minivan,airport -> destination (arrival),return,night 23:00,none,149,301,301,301,294.27,301,true,false,IN_BAND_DIFFERENCE,
FD-candidate,MARRIOTT_MOMI,Momi Bay,minivan,airport -> destination (arrival),return,day 10:00,child seat,149,259,259,259,252.73,259,true,false,IN_BAND_DIFFERENCE,
FD-candidate,MARRIOTT_MOMI,Momi Bay,minivan,airport -> destination (arrival),return,night 23:00,child seat,149,309,309,309,301.27,309,true,false,IN_BAND_DIFFERENCE,
FD-candidate,MARRIOTT_MOMI,Momi Bay,minibus,airport -> destination (arrival),one-way,day 10:00,none,175.92,157.92,157.92,157.92,157.92,157.92,true,false,MATCH,
FD-candidate,MARRIOTT_MOMI,Momi Bay,minibus,airport -> destination (arrival),one-way,night 23:00,none,175.92,157.92,157.92,157.92,190.1,157.92,true,false,IN_BAND_DIFFERENCE,
FD-candidate,MARRIOTT_MOMI,Momi Bay,minibus,airport -> destination (arrival),one-way,day 10:00,child seat,175.92,165.92,165.92,165.92,165.92,165.92,true,false,MATCH,
FD-candidate,MARRIOTT_MOMI,Momi Bay,minibus,airport -> destination (arrival),one-way,night 23:00,child seat,175.92,165.92,165.92,165.92,197.1,165.92,true,false,IN_BAND_DIFFERENCE,
FD-candidate,MARRIOTT_MOMI,Momi Bay,minibus,airport -> destination (arrival),return,day 10:00,none,175.92,297,297,297,292.45,297,true,false,IN_BAND_DIFFERENCE,
FD-candidate,MARRIOTT_MOMI,Momi Bay,minibus,airport -> destination (arrival),return,night 23:00,none,175.92,355,355,355,351.54,355,true,false,IN_BAND_DIFFERENCE,
FD-candidate,MARRIOTT_MOMI,Momi Bay,minibus,airport -> destination (arrival),return,day 10:00,child seat,175.92,304,304,304,300.45,304,true,false,IN_BAND_DIFFERENCE,
FD-candidate,MARRIOTT_MOMI,Momi Bay,minibus,airport -> destination (arrival),return,night 23:00,child seat,175.92,363,363,363,358.54,363,true,false,IN_BAND_DIFFERENCE,
FD-candidate,INTERCONTINENTAL_NATADOLA,Natadola,sedan,airport -> destination (arrival),one-way,day 10:00,none,99,105.43,105.43,105.43,105.43,105.43,true,false,MATCH,
FD-candidate,INTERCONTINENTAL_NATADOLA,Natadola,sedan,airport -> destination (arrival),one-way,night 23:00,none,99,105.43,105.43,105.43,126.92,105.43,true,false,IN_BAND_DIFFERENCE,
FD-candidate,INTERCONTINENTAL_NATADOLA,Natadola,sedan,airport -> destination (arrival),one-way,day 10:00,child seat,99,112.43,112.43,112.43,112.43,112.43,true,false,MATCH,
FD-candidate,INTERCONTINENTAL_NATADOLA,Natadola,sedan,airport -> destination (arrival),one-way,night 23:00,child seat,99,112.43,112.43,112.43,133.92,112.43,true,false,IN_BAND_DIFFERENCE,
FD-candidate,INTERCONTINENTAL_NATADOLA,Natadola,sedan,airport -> destination (arrival),return,day 10:00,none,99,195.25,195.25,195.25,195.25,195.25,true,false,MATCH,
FD-candidate,INTERCONTINENTAL_NATADOLA,Natadola,sedan,airport -> destination (arrival),return,night 23:00,none,99,195.25,195.25,195.25,234.69,195.25,true,false,IN_BAND_DIFFERENCE,
FD-candidate,INTERCONTINENTAL_NATADOLA,Natadola,sedan,airport -> destination (arrival),return,day 10:00,child seat,99,202.25,202.25,202.25,202.25,202.25,true,false,MATCH,
FD-candidate,INTERCONTINENTAL_NATADOLA,Natadola,sedan,airport -> destination (arrival),return,night 23:00,child seat,99,202.25,202.25,202.25,241.69,202.25,true,false,IN_BAND_DIFFERENCE,
FD-candidate,INTERCONTINENTAL_NATADOLA,Natadola,minivan,airport -> destination (arrival),one-way,day 10:00,none,149,139.13,139.13,139.13,139.13,139.13,true,false,MATCH,
FD-candidate,INTERCONTINENTAL_NATADOLA,Natadola,minivan,airport -> destination (arrival),one-way,night 23:00,none,149,139.13,139.13,139.13,167.16,139.13,true,false,IN_BAND_DIFFERENCE,
FD-candidate,INTERCONTINENTAL_NATADOLA,Natadola,minivan,airport -> destination (arrival),one-way,day 10:00,child seat,149,147.13,147.13,147.13,147.13,147.13,true,false,MATCH,
FD-candidate,INTERCONTINENTAL_NATADOLA,Natadola,minivan,airport -> destination (arrival),one-way,night 23:00,child seat,149,147.13,147.13,147.13,175.16,147.13,true,false,IN_BAND_DIFFERENCE,
FD-candidate,INTERCONTINENTAL_NATADOLA,Natadola,minivan,airport -> destination (arrival),return,day 10:00,none,149,257.99,257.99,257.99,257.99,257.99,true,false,MATCH,
FD-candidate,INTERCONTINENTAL_NATADOLA,Natadola,minivan,airport -> destination (arrival),return,night 23:00,none,149,257.99,257.99,257.99,310.39,257.99,true,false,IN_BAND_DIFFERENCE,
FD-candidate,INTERCONTINENTAL_NATADOLA,Natadola,minivan,airport -> destination (arrival),return,day 10:00,child seat,149,265.99,265.99,265.99,265.99,265.99,true,false,MATCH,
FD-candidate,INTERCONTINENTAL_NATADOLA,Natadola,minivan,airport -> destination (arrival),return,night 23:00,child seat,149,265.99,265.99,265.99,317.39,265.99,true,false,IN_BAND_DIFFERENCE,
FD-candidate,INTERCONTINENTAL_NATADOLA,Natadola,minibus,airport -> destination (arrival),one-way,day 10:00,none,179,172.31,172.31,172.31,172.31,172.31,true,false,MATCH,
FD-candidate,INTERCONTINENTAL_NATADOLA,Natadola,minibus,airport -> destination (arrival),one-way,night 23:00,none,179,172.31,172.31,172.31,206.57,172.31,true,false,IN_BAND_DIFFERENCE,
FD-candidate,INTERCONTINENTAL_NATADOLA,Natadola,minibus,airport -> destination (arrival),one-way,day 10:00,child seat,179,179.31,179.31,179.31,179.31,179.31,true,false,MATCH,
FD-candidate,INTERCONTINENTAL_NATADOLA,Natadola,minibus,airport -> destination (arrival),one-way,night 23:00,child seat,179,179.31,179.31,179.31,213.57,179.31,true,false,IN_BAND_DIFFERENCE,
FD-candidate,INTERCONTINENTAL_NATADOLA,Natadola,minibus,airport -> destination (arrival),return,day 10:00,none,179,318.92,318.92,318.92,318.92,318.92,true,false,MATCH,
FD-candidate,INTERCONTINENTAL_NATADOLA,Natadola,minibus,airport -> destination (arrival),return,night 23:00,none,179,318.92,318.92,318.92,382.71,318.92,true,false,IN_BAND_DIFFERENCE,
FD-candidate,INTERCONTINENTAL_NATADOLA,Natadola,minibus,airport -> destination (arrival),return,day 10:00,child seat,179,325.92,325.92,325.92,325.92,325.92,true,false,MATCH,
FD-candidate,INTERCONTINENTAL_NATADOLA,Natadola,minibus,airport -> destination (arrival),return,night 23:00,child seat,179,325.92,325.92,325.92,389.71,325.92,true,false,IN_BAND_DIFFERENCE,
FD-candidate,ROBINSON_CRUSOE,Natadola,sedan,airport -> destination (arrival),one-way,day 10:00,none,99,105.43,105.43,105.43,105.43,105.43,true,false,MATCH,
FD-candidate,ROBINSON_CRUSOE,Natadola,sedan,airport -> destination (arrival),one-way,night 23:00,none,99,105.43,105.43,105.43,126.92,105.43,true,false,IN_BAND_DIFFERENCE,
FD-candidate,ROBINSON_CRUSOE,Natadola,sedan,airport -> destination (arrival),one-way,day 10:00,child seat,99,112.43,112.43,112.43,112.43,112.43,true,false,MATCH,
FD-candidate,ROBINSON_CRUSOE,Natadola,sedan,airport -> destination (arrival),one-way,night 23:00,child seat,99,112.43,112.43,112.43,133.92,112.43,true,false,IN_BAND_DIFFERENCE,
FD-candidate,ROBINSON_CRUSOE,Natadola,sedan,airport -> destination (arrival),return,day 10:00,none,99,195.25,195.25,195.25,195.25,195.25,true,false,MATCH,
FD-candidate,ROBINSON_CRUSOE,Natadola,sedan,airport -> destination (arrival),return,night 23:00,none,99,195.25,195.25,195.25,234.69,195.25,true,false,IN_BAND_DIFFERENCE,
FD-candidate,ROBINSON_CRUSOE,Natadola,sedan,airport -> destination (arrival),return,day 10:00,child seat,99,202.25,202.25,202.25,202.25,202.25,true,false,MATCH,
FD-candidate,ROBINSON_CRUSOE,Natadola,sedan,airport -> destination (arrival),return,night 23:00,child seat,99,202.25,202.25,202.25,241.69,202.25,true,false,IN_BAND_DIFFERENCE,
FD-candidate,ROBINSON_CRUSOE,Natadola,minivan,airport -> destination (arrival),one-way,day 10:00,none,149,139.13,139.13,139.13,139.13,139.13,true,false,MATCH,
FD-candidate,ROBINSON_CRUSOE,Natadola,minivan,airport -> destination (arrival),one-way,night 23:00,none,149,139.13,139.13,139.13,167.16,139.13,true,false,IN_BAND_DIFFERENCE,
FD-candidate,ROBINSON_CRUSOE,Natadola,minivan,airport -> destination (arrival),one-way,day 10:00,child seat,149,147.13,147.13,147.13,147.13,147.13,true,false,MATCH,
FD-candidate,ROBINSON_CRUSOE,Natadola,minivan,airport -> destination (arrival),one-way,night 23:00,child seat,149,147.13,147.13,147.13,175.16,147.13,true,false,IN_BAND_DIFFERENCE,
FD-candidate,ROBINSON_CRUSOE,Natadola,minivan,airport -> destination (arrival),return,day 10:00,none,149,257.99,257.99,257.99,257.99,257.99,true,false,MATCH,
FD-candidate,ROBINSON_CRUSOE,Natadola,minivan,airport -> destination (arrival),return,night 23:00,none,149,257.99,257.99,257.99,310.39,257.99,true,false,IN_BAND_DIFFERENCE,
FD-candidate,ROBINSON_CRUSOE,Natadola,minivan,airport -> destination (arrival),return,day 10:00,child seat,149,265.99,265.99,265.99,265.99,265.99,true,false,MATCH,
FD-candidate,ROBINSON_CRUSOE,Natadola,minivan,airport -> destination (arrival),return,night 23:00,child seat,149,265.99,265.99,265.99,317.39,265.99,true,false,IN_BAND_DIFFERENCE,
FD-candidate,ROBINSON_CRUSOE,Natadola,minibus,airport -> destination (arrival),one-way,day 10:00,none,179,172.31,172.31,172.31,172.31,172.31,true,false,MATCH,
FD-candidate,ROBINSON_CRUSOE,Natadola,minibus,airport -> destination (arrival),one-way,night 23:00,none,179,172.31,172.31,172.31,206.57,172.31,true,false,IN_BAND_DIFFERENCE,
FD-candidate,ROBINSON_CRUSOE,Natadola,minibus,airport -> destination (arrival),one-way,day 10:00,child seat,179,179.31,179.31,179.31,179.31,179.31,true,false,MATCH,
FD-candidate,ROBINSON_CRUSOE,Natadola,minibus,airport -> destination (arrival),one-way,night 23:00,child seat,179,179.31,179.31,179.31,213.57,179.31,true,false,IN_BAND_DIFFERENCE,
FD-candidate,ROBINSON_CRUSOE,Natadola,minibus,airport -> destination (arrival),return,day 10:00,none,179,318.92,318.92,318.92,318.92,318.92,true,false,MATCH,
FD-candidate,ROBINSON_CRUSOE,Natadola,minibus,airport -> destination (arrival),return,night 23:00,none,179,318.92,318.92,318.92,382.71,318.92,true,false,IN_BAND_DIFFERENCE,
FD-candidate,ROBINSON_CRUSOE,Natadola,minibus,airport -> destination (arrival),return,day 10:00,child seat,179,325.92,325.92,325.92,325.92,325.92,true,false,MATCH,
FD-candidate,ROBINSON_CRUSOE,Natadola,minibus,airport -> destination (arrival),return,night 23:00,child seat,179,325.92,325.92,325.92,389.71,325.92,true,false,IN_BAND_DIFFERENCE,
FD-candidate,SIGATOKA_SAND_DUNES,Sigatoka,sedan,airport -> destination (arrival),one-way,day 10:00,none,129,124.49,124.49,124.49,124.49,124.49,true,false,MATCH,
FD-candidate,SIGATOKA_SAND_DUNES,Sigatoka,sedan,airport -> destination (arrival),one-way,night 23:00,none,129,124.49,124.49,124.49,149.19,124.49,true,false,IN_BAND_DIFFERENCE,
FD-candidate,SIGATOKA_SAND_DUNES,Sigatoka,sedan,airport -> destination (arrival),one-way,day 10:00,child seat,129,131.49,131.49,131.49,131.49,131.49,true,false,MATCH,
FD-candidate,SIGATOKA_SAND_DUNES,Sigatoka,sedan,airport -> destination (arrival),one-way,night 23:00,child seat,129,131.49,131.49,131.49,157.19,131.49,true,false,IN_BAND_DIFFERENCE,
FD-candidate,SIGATOKA_SAND_DUNES,Sigatoka,sedan,airport -> destination (arrival),return,day 10:00,none,129,230.21,230.21,230.21,230.21,230.21,true,false,MATCH,
FD-candidate,SIGATOKA_SAND_DUNES,Sigatoka,sedan,airport -> destination (arrival),return,night 23:00,none,129,230.21,230.21,230.21,276.45,230.21,true,false,IN_BAND_DIFFERENCE,
FD-candidate,SIGATOKA_SAND_DUNES,Sigatoka,sedan,airport -> destination (arrival),return,day 10:00,child seat,129,238.21,238.21,238.21,238.21,238.21,true,false,MATCH,
FD-candidate,SIGATOKA_SAND_DUNES,Sigatoka,sedan,airport -> destination (arrival),return,night 23:00,child seat,129,238.21,238.21,238.21,283.45,238.21,true,false,IN_BAND_DIFFERENCE,
FD-candidate,SIGATOKA_SAND_DUNES,Sigatoka,minivan,airport -> destination (arrival),one-way,day 10:00,none,159,146.14,146.14,146.14,146.14,146.14,true,false,MATCH,
FD-candidate,SIGATOKA_SAND_DUNES,Sigatoka,minivan,airport -> destination (arrival),one-way,night 23:00,none,159,146.14,146.14,146.14,175.57,146.14,true,false,IN_BAND_DIFFERENCE,
FD-candidate,SIGATOKA_SAND_DUNES,Sigatoka,minivan,airport -> destination (arrival),one-way,day 10:00,child seat,159,153.14,153.14,153.14,153.14,153.14,true,false,MATCH,
FD-candidate,SIGATOKA_SAND_DUNES,Sigatoka,minivan,airport -> destination (arrival),one-way,night 23:00,child seat,159,153.14,153.14,153.14,182.57,153.14,true,false,IN_BAND_DIFFERENCE,
FD-candidate,SIGATOKA_SAND_DUNES,Sigatoka,minivan,airport -> destination (arrival),return,day 10:00,none,159,269.96,269.96,269.96,269.96,269.96,true,false,MATCH,
FD-candidate,SIGATOKA_SAND_DUNES,Sigatoka,minivan,airport -> destination (arrival),return,night 23:00,none,159,269.96,269.96,269.96,323.95,269.96,true,false,IN_BAND_DIFFERENCE,
FD-candidate,SIGATOKA_SAND_DUNES,Sigatoka,minivan,airport -> destination (arrival),return,day 10:00,child seat,159,276.96,276.96,276.96,276.96,276.96,true,false,MATCH,
FD-candidate,SIGATOKA_SAND_DUNES,Sigatoka,minivan,airport -> destination (arrival),return,night 23:00,child seat,159,276.96,276.96,276.96,330.95,276.96,true,false,IN_BAND_DIFFERENCE,
FD-candidate,SIGATOKA_SAND_DUNES,Sigatoka,minibus,airport -> destination (arrival),one-way,day 10:00,none,199,184.31,184.31,184.31,184.31,184.31,true,false,MATCH,
FD-candidate,SIGATOKA_SAND_DUNES,Sigatoka,minibus,airport -> destination (arrival),one-way,night 23:00,none,199,184.31,184.31,184.31,221.37,184.31,true,false,IN_BAND_DIFFERENCE,
FD-candidate,SIGATOKA_SAND_DUNES,Sigatoka,minibus,airport -> destination (arrival),one-way,day 10:00,child seat,199,192.31,192.31,192.31,192.31,192.31,true,false,MATCH,
FD-candidate,SIGATOKA_SAND_DUNES,Sigatoka,minibus,airport -> destination (arrival),one-way,night 23:00,child seat,199,192.31,192.31,192.31,229.37,192.31,true,false,IN_BAND_DIFFERENCE,
FD-candidate,SIGATOKA_SAND_DUNES,Sigatoka,minibus,airport -> destination (arrival),return,day 10:00,none,199,341.82,341.82,341.82,341.82,341.82,true,false,MATCH,
FD-candidate,SIGATOKA_SAND_DUNES,Sigatoka,minibus,airport -> destination (arrival),return,night 23:00,none,199,341.82,341.82,341.82,409.79,341.82,true,false,IN_BAND_DIFFERENCE,
FD-candidate,SIGATOKA_SAND_DUNES,Sigatoka,minibus,airport -> destination (arrival),return,day 10:00,child seat,199,348.82,348.82,348.82,348.82,348.82,true,false,MATCH,
FD-candidate,SIGATOKA_SAND_DUNES,Sigatoka,minibus,airport -> destination (arrival),return,night 23:00,child seat,199,348.82,348.82,348.82,417.79,348.82,true,false,IN_BAND_DIFFERENCE,
FD-candidate,BEDARRA_INN,Sigatoka,sedan,airport -> destination (arrival),one-way,day 10:00,none,129,124.49,124.49,124.49,124.49,124.49,true,false,MATCH,
FD-candidate,BEDARRA_INN,Sigatoka,sedan,airport -> destination (arrival),one-way,night 23:00,none,129,124.49,124.49,124.49,149.19,124.49,true,false,IN_BAND_DIFFERENCE,
FD-candidate,BEDARRA_INN,Sigatoka,sedan,airport -> destination (arrival),one-way,day 10:00,child seat,129,131.49,131.49,131.49,131.49,131.49,true,false,MATCH,
FD-candidate,BEDARRA_INN,Sigatoka,sedan,airport -> destination (arrival),one-way,night 23:00,child seat,129,131.49,131.49,131.49,157.19,131.49,true,false,IN_BAND_DIFFERENCE,
FD-candidate,BEDARRA_INN,Sigatoka,sedan,airport -> destination (arrival),return,day 10:00,none,129,230.21,230.21,230.21,230.21,230.21,true,false,MATCH,
FD-candidate,BEDARRA_INN,Sigatoka,sedan,airport -> destination (arrival),return,night 23:00,none,129,230.21,230.21,230.21,276.45,230.21,true,false,IN_BAND_DIFFERENCE,
FD-candidate,BEDARRA_INN,Sigatoka,sedan,airport -> destination (arrival),return,day 10:00,child seat,129,238.21,238.21,238.21,238.21,238.21,true,false,MATCH,
FD-candidate,BEDARRA_INN,Sigatoka,sedan,airport -> destination (arrival),return,night 23:00,child seat,129,238.21,238.21,238.21,283.45,238.21,true,false,IN_BAND_DIFFERENCE,
FD-candidate,BEDARRA_INN,Sigatoka,minivan,airport -> destination (arrival),one-way,day 10:00,none,159,146.14,146.14,146.14,146.14,146.14,true,false,MATCH,
FD-candidate,BEDARRA_INN,Sigatoka,minivan,airport -> destination (arrival),one-way,night 23:00,none,159,146.14,146.14,146.14,175.57,146.14,true,false,IN_BAND_DIFFERENCE,
FD-candidate,BEDARRA_INN,Sigatoka,minivan,airport -> destination (arrival),one-way,day 10:00,child seat,159,153.14,153.14,153.14,153.14,153.14,true,false,MATCH,
FD-candidate,BEDARRA_INN,Sigatoka,minivan,airport -> destination (arrival),one-way,night 23:00,child seat,159,153.14,153.14,153.14,182.57,153.14,true,false,IN_BAND_DIFFERENCE,
FD-candidate,BEDARRA_INN,Sigatoka,minivan,airport -> destination (arrival),return,day 10:00,none,159,269.96,269.96,269.96,269.96,269.96,true,false,MATCH,
FD-candidate,BEDARRA_INN,Sigatoka,minivan,airport -> destination (arrival),return,night 23:00,none,159,269.96,269.96,269.96,323.95,269.96,true,false,IN_BAND_DIFFERENCE,
FD-candidate,BEDARRA_INN,Sigatoka,minivan,airport -> destination (arrival),return,day 10:00,child seat,159,276.96,276.96,276.96,276.96,276.96,true,false,MATCH,
FD-candidate,BEDARRA_INN,Sigatoka,minivan,airport -> destination (arrival),return,night 23:00,child seat,159,276.96,276.96,276.96,330.95,276.96,true,false,IN_BAND_DIFFERENCE,
FD-candidate,BEDARRA_INN,Sigatoka,minibus,airport -> destination (arrival),one-way,day 10:00,none,199,184.31,184.31,184.31,184.31,184.31,true,false,MATCH,
FD-candidate,BEDARRA_INN,Sigatoka,minibus,airport -> destination (arrival),one-way,night 23:00,none,199,184.31,184.31,184.31,221.37,184.31,true,false,IN_BAND_DIFFERENCE,
FD-candidate,BEDARRA_INN,Sigatoka,minibus,airport -> destination (arrival),one-way,day 10:00,child seat,199,192.31,192.31,192.31,192.31,192.31,true,false,MATCH,
FD-candidate,BEDARRA_INN,Sigatoka,minibus,airport -> destination (arrival),one-way,night 23:00,child seat,199,192.31,192.31,192.31,229.37,192.31,true,false,IN_BAND_DIFFERENCE,
FD-candidate,BEDARRA_INN,Sigatoka,minibus,airport -> destination (arrival),return,day 10:00,none,199,341.82,341.82,341.82,341.82,341.82,true,false,MATCH,
FD-candidate,BEDARRA_INN,Sigatoka,minibus,airport -> destination (arrival),return,night 23:00,none,199,341.82,341.82,341.82,409.79,341.82,true,false,IN_BAND_DIFFERENCE,
FD-candidate,BEDARRA_INN,Sigatoka,minibus,airport -> destination (arrival),return,day 10:00,child seat,199,348.82,348.82,348.82,348.82,348.82,true,false,MATCH,
FD-candidate,BEDARRA_INN,Sigatoka,minibus,airport -> destination (arrival),return,night 23:00,child seat,199,348.82,348.82,348.82,417.79,348.82,true,false,IN_BAND_DIFFERENCE,
FD-candidate,KULA_ECO,Sigatoka,sedan,airport -> destination (arrival),one-way,day 10:00,none,129,124.49,124.49,124.49,124.49,124.49,true,false,MATCH,
FD-candidate,KULA_ECO,Sigatoka,sedan,airport -> destination (arrival),one-way,night 23:00,none,129,124.49,124.49,124.49,149.19,124.49,true,false,IN_BAND_DIFFERENCE,
FD-candidate,KULA_ECO,Sigatoka,sedan,airport -> destination (arrival),one-way,day 10:00,child seat,129,131.49,131.49,131.49,131.49,131.49,true,false,MATCH,
FD-candidate,KULA_ECO,Sigatoka,sedan,airport -> destination (arrival),one-way,night 23:00,child seat,129,131.49,131.49,131.49,157.19,131.49,true,false,IN_BAND_DIFFERENCE,
FD-candidate,KULA_ECO,Sigatoka,sedan,airport -> destination (arrival),return,day 10:00,none,129,230.21,230.21,230.21,230.21,230.21,true,false,MATCH,
FD-candidate,KULA_ECO,Sigatoka,sedan,airport -> destination (arrival),return,night 23:00,none,129,230.21,230.21,230.21,276.45,230.21,true,false,IN_BAND_DIFFERENCE,
FD-candidate,KULA_ECO,Sigatoka,sedan,airport -> destination (arrival),return,day 10:00,child seat,129,238.21,238.21,238.21,238.21,238.21,true,false,MATCH,
FD-candidate,KULA_ECO,Sigatoka,sedan,airport -> destination (arrival),return,night 23:00,child seat,129,238.21,238.21,238.21,283.45,238.21,true,false,IN_BAND_DIFFERENCE,
FD-candidate,KULA_ECO,Sigatoka,minivan,airport -> destination (arrival),one-way,day 10:00,none,159,146.14,146.14,146.14,146.14,146.14,true,false,MATCH,
FD-candidate,KULA_ECO,Sigatoka,minivan,airport -> destination (arrival),one-way,night 23:00,none,159,146.14,146.14,146.14,175.57,146.14,true,false,IN_BAND_DIFFERENCE,
FD-candidate,KULA_ECO,Sigatoka,minivan,airport -> destination (arrival),one-way,day 10:00,child seat,159,153.14,153.14,153.14,153.14,153.14,true,false,MATCH,
FD-candidate,KULA_ECO,Sigatoka,minivan,airport -> destination (arrival),one-way,night 23:00,child seat,159,153.14,153.14,153.14,182.57,153.14,true,false,IN_BAND_DIFFERENCE,
FD-candidate,KULA_ECO,Sigatoka,minivan,airport -> destination (arrival),return,day 10:00,none,159,269.96,269.96,269.96,269.96,269.96,true,false,MATCH,
FD-candidate,KULA_ECO,Sigatoka,minivan,airport -> destination (arrival),return,night 23:00,none,159,269.96,269.96,269.96,323.95,269.96,true,false,IN_BAND_DIFFERENCE,
FD-candidate,KULA_ECO,Sigatoka,minivan,airport -> destination (arrival),return,day 10:00,child seat,159,276.96,276.96,276.96,276.96,276.96,true,false,MATCH,
FD-candidate,KULA_ECO,Sigatoka,minivan,airport -> destination (arrival),return,night 23:00,child seat,159,276.96,276.96,276.96,330.95,276.96,true,false,IN_BAND_DIFFERENCE,
FD-candidate,KULA_ECO,Sigatoka,minibus,airport -> destination (arrival),one-way,day 10:00,none,199,184.31,184.31,184.31,184.31,184.31,true,false,MATCH,
FD-candidate,KULA_ECO,Sigatoka,minibus,airport -> destination (arrival),one-way,night 23:00,none,199,184.31,184.31,184.31,221.37,184.31,true,false,IN_BAND_DIFFERENCE,
FD-candidate,KULA_ECO,Sigatoka,minibus,airport -> destination (arrival),one-way,day 10:00,child seat,199,192.31,192.31,192.31,192.31,192.31,true,false,MATCH,
FD-candidate,KULA_ECO,Sigatoka,minibus,airport -> destination (arrival),one-way,night 23:00,child seat,199,192.31,192.31,192.31,229.37,192.31,true,false,IN_BAND_DIFFERENCE,
FD-candidate,KULA_ECO,Sigatoka,minibus,airport -> destination (arrival),return,day 10:00,none,199,341.82,341.82,341.82,341.82,341.82,true,false,MATCH,
FD-candidate,KULA_ECO,Sigatoka,minibus,airport -> destination (arrival),return,night 23:00,none,199,341.82,341.82,341.82,409.79,341.82,true,false,IN_BAND_DIFFERENCE,
FD-candidate,KULA_ECO,Sigatoka,minibus,airport -> destination (arrival),return,day 10:00,child seat,199,348.82,348.82,348.82,348.82,348.82,true,false,MATCH,
FD-candidate,KULA_ECO,Sigatoka,minibus,airport -> destination (arrival),return,night 23:00,child seat,199,348.82,348.82,348.82,417.79,348.82,true,false,IN_BAND_DIFFERENCE,
FD-candidate,SHANGRI_LA_YANUCA,Coral Coast,sedan,airport -> destination (arrival),one-way,day 10:00,none,129,127.96,127.96,127.96,127.96,127.96,true,false,MATCH,
FD-candidate,SHANGRI_LA_YANUCA,Coral Coast,sedan,airport -> destination (arrival),one-way,night 23:00,none,129,127.96,127.96,127.96,153.35,127.96,true,false,IN_BAND_DIFFERENCE,
FD-candidate,SHANGRI_LA_YANUCA,Coral Coast,sedan,airport -> destination (arrival),one-way,day 10:00,child seat,129,134.96,134.96,134.96,134.96,134.96,true,false,MATCH,
FD-candidate,SHANGRI_LA_YANUCA,Coral Coast,sedan,airport -> destination (arrival),one-way,night 23:00,child seat,129,134.96,134.96,134.96,160.35,134.96,true,false,IN_BAND_DIFFERENCE,
FD-candidate,SHANGRI_LA_YANUCA,Coral Coast,sedan,airport -> destination (arrival),return,day 10:00,none,129,236.63,236.63,236.63,236.63,236.63,true,false,MATCH,
FD-candidate,SHANGRI_LA_YANUCA,Coral Coast,sedan,airport -> destination (arrival),return,night 23:00,none,129,236.63,236.63,236.63,283.15,236.63,true,false,IN_BAND_DIFFERENCE,
FD-candidate,SHANGRI_LA_YANUCA,Coral Coast,sedan,airport -> destination (arrival),return,day 10:00,child seat,129,243.63,243.63,243.63,243.63,243.63,true,false,MATCH,
FD-candidate,SHANGRI_LA_YANUCA,Coral Coast,sedan,airport -> destination (arrival),return,night 23:00,child seat,129,243.63,243.63,243.63,291.15,243.63,true,false,IN_BAND_DIFFERENCE,
FD-candidate,SHANGRI_LA_YANUCA,Coral Coast,minivan,airport -> destination (arrival),one-way,day 10:00,none,159,158.81,158.81,158.81,158.81,158.81,true,false,MATCH,
FD-candidate,SHANGRI_LA_YANUCA,Coral Coast,minivan,airport -> destination (arrival),one-way,night 23:00,none,159,158.81,158.81,158.81,191.17,158.81,true,false,IN_BAND_DIFFERENCE,
FD-candidate,SHANGRI_LA_YANUCA,Coral Coast,minivan,airport -> destination (arrival),one-way,day 10:00,child seat,159,166.81,166.81,166.81,166.81,166.81,true,false,MATCH,
FD-candidate,SHANGRI_LA_YANUCA,Coral Coast,minivan,airport -> destination (arrival),one-way,night 23:00,child seat,159,166.81,166.81,166.81,198.17,166.81,true,false,IN_BAND_DIFFERENCE,
FD-candidate,SHANGRI_LA_YANUCA,Coral Coast,minivan,airport -> destination (arrival),return,day 10:00,none,159,294.1,294.1,294.1,294.1,294.1,true,false,MATCH,
FD-candidate,SHANGRI_LA_YANUCA,Coral Coast,minivan,airport -> destination (arrival),return,night 23:00,none,159,294.1,294.1,294.1,353.52,294.1,true,false,IN_BAND_DIFFERENCE,
FD-candidate,SHANGRI_LA_YANUCA,Coral Coast,minivan,airport -> destination (arrival),return,day 10:00,child seat,159,301.1,301.1,301.1,301.1,301.1,true,false,MATCH,
FD-candidate,SHANGRI_LA_YANUCA,Coral Coast,minivan,airport -> destination (arrival),return,night 23:00,child seat,159,301.1,301.1,301.1,360.52,301.1,true,false,IN_BAND_DIFFERENCE,
FD-candidate,SHANGRI_LA_YANUCA,Coral Coast,minibus,airport -> destination (arrival),one-way,day 10:00,none,199,197.37,197.37,197.37,197.37,197.37,true,false,MATCH,
FD-candidate,SHANGRI_LA_YANUCA,Coral Coast,minibus,airport -> destination (arrival),one-way,night 23:00,none,199,197.37,197.37,197.37,237.24,197.37,true,false,IN_BAND_DIFFERENCE,
FD-candidate,SHANGRI_LA_YANUCA,Coral Coast,minibus,airport -> destination (arrival),one-way,day 10:00,child seat,199,204.37,204.37,204.37,204.37,204.37,true,false,MATCH,
FD-candidate,SHANGRI_LA_YANUCA,Coral Coast,minibus,airport -> destination (arrival),one-way,night 23:00,child seat,199,204.37,204.37,204.37,244.24,204.37,true,false,IN_BAND_DIFFERENCE,
FD-candidate,SHANGRI_LA_YANUCA,Coral Coast,minibus,airport -> destination (arrival),return,day 10:00,none,199,364.83,364.83,364.83,364.83,364.83,true,false,MATCH,
FD-candidate,SHANGRI_LA_YANUCA,Coral Coast,minibus,airport -> destination (arrival),return,night 23:00,none,199,364.83,364.83,364.83,438,364.83,true,false,IN_BAND_DIFFERENCE,
FD-candidate,SHANGRI_LA_YANUCA,Coral Coast,minibus,airport -> destination (arrival),return,day 10:00,child seat,199,372.83,372.83,372.83,372.83,372.83,true,false,MATCH,
FD-candidate,SHANGRI_LA_YANUCA,Coral Coast,minibus,airport -> destination (arrival),return,night 23:00,child seat,199,372.83,372.83,372.83,445,372.83,true,false,IN_BAND_DIFFERENCE,
FD-candidate,HIDEAWAY_RESORT,Coral Coast,sedan,airport -> destination (arrival),one-way,day 10:00,none,129,127.96,127.96,127.96,127.96,127.96,true,false,MATCH,
FD-candidate,HIDEAWAY_RESORT,Coral Coast,sedan,airport -> destination (arrival),one-way,night 23:00,none,129,127.96,127.96,127.96,153.35,127.96,true,false,IN_BAND_DIFFERENCE,
FD-candidate,HIDEAWAY_RESORT,Coral Coast,sedan,airport -> destination (arrival),one-way,day 10:00,child seat,129,134.96,134.96,134.96,134.96,134.96,true,false,MATCH,
FD-candidate,HIDEAWAY_RESORT,Coral Coast,sedan,airport -> destination (arrival),one-way,night 23:00,child seat,129,134.96,134.96,134.96,160.35,134.96,true,false,IN_BAND_DIFFERENCE,
FD-candidate,HIDEAWAY_RESORT,Coral Coast,sedan,airport -> destination (arrival),return,day 10:00,none,129,236.63,236.63,236.63,236.63,236.63,true,false,MATCH,
FD-candidate,HIDEAWAY_RESORT,Coral Coast,sedan,airport -> destination (arrival),return,night 23:00,none,129,236.63,236.63,236.63,283.15,236.63,true,false,IN_BAND_DIFFERENCE,
FD-candidate,HIDEAWAY_RESORT,Coral Coast,sedan,airport -> destination (arrival),return,day 10:00,child seat,129,243.63,243.63,243.63,243.63,243.63,true,false,MATCH,
FD-candidate,HIDEAWAY_RESORT,Coral Coast,sedan,airport -> destination (arrival),return,night 23:00,child seat,129,243.63,243.63,243.63,291.15,243.63,true,false,IN_BAND_DIFFERENCE,
FD-candidate,HIDEAWAY_RESORT,Coral Coast,minivan,airport -> destination (arrival),one-way,day 10:00,none,159,158.81,158.81,158.81,158.81,158.81,true,false,MATCH,
FD-candidate,HIDEAWAY_RESORT,Coral Coast,minivan,airport -> destination (arrival),one-way,night 23:00,none,159,158.81,158.81,158.81,191.17,158.81,true,false,IN_BAND_DIFFERENCE,
FD-candidate,HIDEAWAY_RESORT,Coral Coast,minivan,airport -> destination (arrival),one-way,day 10:00,child seat,159,166.81,166.81,166.81,166.81,166.81,true,false,MATCH,
FD-candidate,HIDEAWAY_RESORT,Coral Coast,minivan,airport -> destination (arrival),one-way,night 23:00,child seat,159,166.81,166.81,166.81,198.17,166.81,true,false,IN_BAND_DIFFERENCE,
FD-candidate,HIDEAWAY_RESORT,Coral Coast,minivan,airport -> destination (arrival),return,day 10:00,none,159,294.1,294.1,294.1,294.1,294.1,true,false,MATCH,
FD-candidate,HIDEAWAY_RESORT,Coral Coast,minivan,airport -> destination (arrival),return,night 23:00,none,159,294.1,294.1,294.1,353.52,294.1,true,false,IN_BAND_DIFFERENCE,
FD-candidate,HIDEAWAY_RESORT,Coral Coast,minivan,airport -> destination (arrival),return,day 10:00,child seat,159,301.1,301.1,301.1,301.1,301.1,true,false,MATCH,
FD-candidate,HIDEAWAY_RESORT,Coral Coast,minivan,airport -> destination (arrival),return,night 23:00,child seat,159,301.1,301.1,301.1,360.52,301.1,true,false,IN_BAND_DIFFERENCE,
FD-candidate,HIDEAWAY_RESORT,Coral Coast,minibus,airport -> destination (arrival),one-way,day 10:00,none,199,197.37,197.37,197.37,197.37,197.37,true,false,MATCH,
FD-candidate,HIDEAWAY_RESORT,Coral Coast,minibus,airport -> destination (arrival),one-way,night 23:00,none,199,197.37,197.37,197.37,237.24,197.37,true,false,IN_BAND_DIFFERENCE,
FD-candidate,HIDEAWAY_RESORT,Coral Coast,minibus,airport -> destination (arrival),one-way,day 10:00,child seat,199,204.37,204.37,204.37,204.37,204.37,true,false,MATCH,
FD-candidate,HIDEAWAY_RESORT,Coral Coast,minibus,airport -> destination (arrival),one-way,night 23:00,child seat,199,204.37,204.37,204.37,244.24,204.37,true,false,IN_BAND_DIFFERENCE,
FD-candidate,HIDEAWAY_RESORT,Coral Coast,minibus,airport -> destination (arrival),return,day 10:00,none,199,364.83,364.83,364.83,364.83,364.83,true,false,MATCH,
FD-candidate,HIDEAWAY_RESORT,Coral Coast,minibus,airport -> destination (arrival),return,night 23:00,none,199,364.83,364.83,364.83,438,364.83,true,false,IN_BAND_DIFFERENCE,
FD-candidate,HIDEAWAY_RESORT,Coral Coast,minibus,airport -> destination (arrival),return,day 10:00,child seat,199,372.83,372.83,372.83,372.83,372.83,true,false,MATCH,
FD-candidate,HIDEAWAY_RESORT,Coral Coast,minibus,airport -> destination (arrival),return,night 23:00,child seat,199,372.83,372.83,372.83,445,372.83,true,false,IN_BAND_DIFFERENCE,
FD-candidate,CRUSOES_RETREAT,Coral Coast,sedan,airport -> destination (arrival),one-way,day 10:00,none,129,127.96,127.96,127.96,127.96,127.96,true,false,MATCH,
FD-candidate,CRUSOES_RETREAT,Coral Coast,sedan,airport -> destination (arrival),one-way,night 23:00,none,129,127.96,127.96,127.96,153.35,127.96,true,false,IN_BAND_DIFFERENCE,
FD-candidate,CRUSOES_RETREAT,Coral Coast,sedan,airport -> destination (arrival),one-way,day 10:00,child seat,129,134.96,134.96,134.96,134.96,134.96,true,false,MATCH,
FD-candidate,CRUSOES_RETREAT,Coral Coast,sedan,airport -> destination (arrival),one-way,night 23:00,child seat,129,134.96,134.96,134.96,160.35,134.96,true,false,IN_BAND_DIFFERENCE,
FD-candidate,CRUSOES_RETREAT,Coral Coast,sedan,airport -> destination (arrival),return,day 10:00,none,129,236.63,236.63,236.63,236.63,236.63,true,false,MATCH,
FD-candidate,CRUSOES_RETREAT,Coral Coast,sedan,airport -> destination (arrival),return,night 23:00,none,129,236.63,236.63,236.63,283.15,236.63,true,false,IN_BAND_DIFFERENCE,
FD-candidate,CRUSOES_RETREAT,Coral Coast,sedan,airport -> destination (arrival),return,day 10:00,child seat,129,243.63,243.63,243.63,243.63,243.63,true,false,MATCH,
FD-candidate,CRUSOES_RETREAT,Coral Coast,sedan,airport -> destination (arrival),return,night 23:00,child seat,129,243.63,243.63,243.63,291.15,243.63,true,false,IN_BAND_DIFFERENCE,
FD-candidate,CRUSOES_RETREAT,Coral Coast,minivan,airport -> destination (arrival),one-way,day 10:00,none,159,158.81,158.81,158.81,158.81,158.81,true,false,MATCH,
FD-candidate,CRUSOES_RETREAT,Coral Coast,minivan,airport -> destination (arrival),one-way,night 23:00,none,159,158.81,158.81,158.81,191.17,158.81,true,false,IN_BAND_DIFFERENCE,
FD-candidate,CRUSOES_RETREAT,Coral Coast,minivan,airport -> destination (arrival),one-way,day 10:00,child seat,159,166.81,166.81,166.81,166.81,166.81,true,false,MATCH,
FD-candidate,CRUSOES_RETREAT,Coral Coast,minivan,airport -> destination (arrival),one-way,night 23:00,child seat,159,166.81,166.81,166.81,198.17,166.81,true,false,IN_BAND_DIFFERENCE,
FD-candidate,CRUSOES_RETREAT,Coral Coast,minivan,airport -> destination (arrival),return,day 10:00,none,159,294.1,294.1,294.1,294.1,294.1,true,false,MATCH,
FD-candidate,CRUSOES_RETREAT,Coral Coast,minivan,airport -> destination (arrival),return,night 23:00,none,159,294.1,294.1,294.1,353.52,294.1,true,false,IN_BAND_DIFFERENCE,
FD-candidate,CRUSOES_RETREAT,Coral Coast,minivan,airport -> destination (arrival),return,day 10:00,child seat,159,301.1,301.1,301.1,301.1,301.1,true,false,MATCH,
FD-candidate,CRUSOES_RETREAT,Coral Coast,minivan,airport -> destination (arrival),return,night 23:00,child seat,159,301.1,301.1,301.1,360.52,301.1,true,false,IN_BAND_DIFFERENCE,
FD-candidate,CRUSOES_RETREAT,Coral Coast,minibus,airport -> destination (arrival),one-way,day 10:00,none,199,197.37,197.37,197.37,197.37,197.37,true,false,MATCH,
FD-candidate,CRUSOES_RETREAT,Coral Coast,minibus,airport -> destination (arrival),one-way,night 23:00,none,199,197.37,197.37,197.37,237.24,197.37,true,false,IN_BAND_DIFFERENCE,
FD-candidate,CRUSOES_RETREAT,Coral Coast,minibus,airport -> destination (arrival),one-way,day 10:00,child seat,199,204.37,204.37,204.37,204.37,204.37,true,false,MATCH,
FD-candidate,CRUSOES_RETREAT,Coral Coast,minibus,airport -> destination (arrival),one-way,night 23:00,child seat,199,204.37,204.37,204.37,244.24,204.37,true,false,IN_BAND_DIFFERENCE,
FD-candidate,CRUSOES_RETREAT,Coral Coast,minibus,airport -> destination (arrival),return,day 10:00,none,199,364.83,364.83,364.83,364.83,364.83,true,false,MATCH,
FD-candidate,CRUSOES_RETREAT,Coral Coast,minibus,airport -> destination (arrival),return,night 23:00,none,199,364.83,364.83,364.83,438,364.83,true,false,IN_BAND_DIFFERENCE,
FD-candidate,CRUSOES_RETREAT,Coral Coast,minibus,airport -> destination (arrival),return,day 10:00,child seat,199,372.83,372.83,372.83,372.83,372.83,true,false,MATCH,
FD-candidate,CRUSOES_RETREAT,Coral Coast,minibus,airport -> destination (arrival),return,night 23:00,child seat,199,372.83,372.83,372.83,445,372.83,true,false,IN_BAND_DIFFERENCE,
FD-candidate,OUTRIGGER_FIJI,Coral Coast,sedan,airport -> destination (arrival),one-way,day 10:00,none,129,127.96,127.96,127.96,127.96,127.96,true,false,MATCH,
FD-candidate,OUTRIGGER_FIJI,Coral Coast,sedan,airport -> destination (arrival),one-way,night 23:00,none,129,127.96,127.96,127.96,153.35,127.96,true,false,IN_BAND_DIFFERENCE,
FD-candidate,OUTRIGGER_FIJI,Coral Coast,sedan,airport -> destination (arrival),one-way,day 10:00,child seat,129,134.96,134.96,134.96,134.96,134.96,true,false,MATCH,
FD-candidate,OUTRIGGER_FIJI,Coral Coast,sedan,airport -> destination (arrival),one-way,night 23:00,child seat,129,134.96,134.96,134.96,160.35,134.96,true,false,IN_BAND_DIFFERENCE,
FD-candidate,OUTRIGGER_FIJI,Coral Coast,sedan,airport -> destination (arrival),return,day 10:00,none,129,236.63,236.63,236.63,236.63,236.63,true,false,MATCH,
FD-candidate,OUTRIGGER_FIJI,Coral Coast,sedan,airport -> destination (arrival),return,night 23:00,none,129,236.63,236.63,236.63,283.15,236.63,true,false,IN_BAND_DIFFERENCE,
FD-candidate,OUTRIGGER_FIJI,Coral Coast,sedan,airport -> destination (arrival),return,day 10:00,child seat,129,243.63,243.63,243.63,243.63,243.63,true,false,MATCH,
FD-candidate,OUTRIGGER_FIJI,Coral Coast,sedan,airport -> destination (arrival),return,night 23:00,child seat,129,243.63,243.63,243.63,291.15,243.63,true,false,IN_BAND_DIFFERENCE,
FD-candidate,OUTRIGGER_FIJI,Coral Coast,minivan,airport -> destination (arrival),one-way,day 10:00,none,159,158.81,158.81,158.81,158.81,158.81,true,false,MATCH,
FD-candidate,OUTRIGGER_FIJI,Coral Coast,minivan,airport -> destination (arrival),one-way,night 23:00,none,159,158.81,158.81,158.81,191.17,158.81,true,false,IN_BAND_DIFFERENCE,
FD-candidate,OUTRIGGER_FIJI,Coral Coast,minivan,airport -> destination (arrival),one-way,day 10:00,child seat,159,166.81,166.81,166.81,166.81,166.81,true,false,MATCH,
FD-candidate,OUTRIGGER_FIJI,Coral Coast,minivan,airport -> destination (arrival),one-way,night 23:00,child seat,159,166.81,166.81,166.81,198.17,166.81,true,false,IN_BAND_DIFFERENCE,
FD-candidate,OUTRIGGER_FIJI,Coral Coast,minivan,airport -> destination (arrival),return,day 10:00,none,159,294.1,294.1,294.1,294.1,294.1,true,false,MATCH,
FD-candidate,OUTRIGGER_FIJI,Coral Coast,minivan,airport -> destination (arrival),return,night 23:00,none,159,294.1,294.1,294.1,353.52,294.1,true,false,IN_BAND_DIFFERENCE,
FD-candidate,OUTRIGGER_FIJI,Coral Coast,minivan,airport -> destination (arrival),return,day 10:00,child seat,159,301.1,301.1,301.1,301.1,301.1,true,false,MATCH,
FD-candidate,OUTRIGGER_FIJI,Coral Coast,minivan,airport -> destination (arrival),return,night 23:00,child seat,159,301.1,301.1,301.1,360.52,301.1,true,false,IN_BAND_DIFFERENCE,
FD-candidate,OUTRIGGER_FIJI,Coral Coast,minibus,airport -> destination (arrival),one-way,day 10:00,none,199,197.37,197.37,197.37,197.37,197.37,true,false,MATCH,
FD-candidate,OUTRIGGER_FIJI,Coral Coast,minibus,airport -> destination (arrival),one-way,night 23:00,none,199,197.37,197.37,197.37,237.24,197.37,true,false,IN_BAND_DIFFERENCE,
FD-candidate,OUTRIGGER_FIJI,Coral Coast,minibus,airport -> destination (arrival),one-way,day 10:00,child seat,199,204.37,204.37,204.37,204.37,204.37,true,false,MATCH,
FD-candidate,OUTRIGGER_FIJI,Coral Coast,minibus,airport -> destination (arrival),one-way,night 23:00,child seat,199,204.37,204.37,204.37,244.24,204.37,true,false,IN_BAND_DIFFERENCE,
FD-candidate,OUTRIGGER_FIJI,Coral Coast,minibus,airport -> destination (arrival),return,day 10:00,none,199,364.83,364.83,364.83,364.83,364.83,true,false,MATCH,
FD-candidate,OUTRIGGER_FIJI,Coral Coast,minibus,airport -> destination (arrival),return,night 23:00,none,199,364.83,364.83,364.83,438,364.83,true,false,IN_BAND_DIFFERENCE,
FD-candidate,OUTRIGGER_FIJI,Coral Coast,minibus,airport -> destination (arrival),return,day 10:00,child seat,199,372.83,372.83,372.83,372.83,372.83,true,false,MATCH,
FD-candidate,OUTRIGGER_FIJI,Coral Coast,minibus,airport -> destination (arrival),return,night 23:00,child seat,199,372.83,372.83,372.83,445,372.83,true,false,IN_BAND_DIFFERENCE,
FD-candidate,THE_WARWICK,Coral Coast,sedan,airport -> destination (arrival),one-way,day 10:00,none,149,127.96,127.96,127.96,127.96,127.96,true,false,MATCH,
FD-candidate,THE_WARWICK,Coral Coast,sedan,airport -> destination (arrival),one-way,night 23:00,none,149,127.96,127.96,127.96,153.35,127.96,true,false,IN_BAND_DIFFERENCE,
FD-candidate,THE_WARWICK,Coral Coast,sedan,airport -> destination (arrival),one-way,day 10:00,child seat,149,134.96,134.96,134.96,134.96,134.96,true,false,MATCH,
FD-candidate,THE_WARWICK,Coral Coast,sedan,airport -> destination (arrival),one-way,night 23:00,child seat,149,134.96,134.96,134.96,160.35,134.96,true,false,IN_BAND_DIFFERENCE,
FD-candidate,THE_WARWICK,Coral Coast,sedan,airport -> destination (arrival),return,day 10:00,none,149,236.63,236.63,236.63,236.63,236.63,true,false,MATCH,
FD-candidate,THE_WARWICK,Coral Coast,sedan,airport -> destination (arrival),return,night 23:00,none,149,236.63,236.63,236.63,283.15,236.63,true,false,IN_BAND_DIFFERENCE,
FD-candidate,THE_WARWICK,Coral Coast,sedan,airport -> destination (arrival),return,day 10:00,child seat,149,243.63,243.63,243.63,243.63,243.63,true,false,MATCH,
FD-candidate,THE_WARWICK,Coral Coast,sedan,airport -> destination (arrival),return,night 23:00,child seat,149,243.63,243.63,243.63,291.15,243.63,true,false,IN_BAND_DIFFERENCE,
FD-candidate,THE_WARWICK,Coral Coast,minivan,airport -> destination (arrival),one-way,day 10:00,none,189,158.81,158.81,158.81,158.81,158.81,true,false,MATCH,
FD-candidate,THE_WARWICK,Coral Coast,minivan,airport -> destination (arrival),one-way,night 23:00,none,189,158.81,158.81,158.81,191.17,158.81,true,false,IN_BAND_DIFFERENCE,
FD-candidate,THE_WARWICK,Coral Coast,minivan,airport -> destination (arrival),one-way,day 10:00,child seat,189,166.81,166.81,166.81,166.81,166.81,true,false,MATCH,
FD-candidate,THE_WARWICK,Coral Coast,minivan,airport -> destination (arrival),one-way,night 23:00,child seat,189,166.81,166.81,166.81,198.17,166.81,true,false,IN_BAND_DIFFERENCE,
FD-candidate,THE_WARWICK,Coral Coast,minivan,airport -> destination (arrival),return,day 10:00,none,189,294.1,294.1,294.1,294.1,294.1,true,false,MATCH,
FD-candidate,THE_WARWICK,Coral Coast,minivan,airport -> destination (arrival),return,night 23:00,none,189,294.1,294.1,294.1,353.52,294.1,true,false,IN_BAND_DIFFERENCE,
FD-candidate,THE_WARWICK,Coral Coast,minivan,airport -> destination (arrival),return,day 10:00,child seat,189,301.1,301.1,301.1,301.1,301.1,true,false,MATCH,
FD-candidate,THE_WARWICK,Coral Coast,minivan,airport -> destination (arrival),return,night 23:00,child seat,189,301.1,301.1,301.1,360.52,301.1,true,false,IN_BAND_DIFFERENCE,
FD-candidate,THE_WARWICK,Coral Coast,minibus,airport -> destination (arrival),one-way,day 10:00,none,239,197.37,197.37,197.37,197.37,197.37,true,false,MATCH,
FD-candidate,THE_WARWICK,Coral Coast,minibus,airport -> destination (arrival),one-way,night 23:00,none,239,197.37,197.37,197.37,237.24,197.37,true,false,IN_BAND_DIFFERENCE,
FD-candidate,THE_WARWICK,Coral Coast,minibus,airport -> destination (arrival),one-way,day 10:00,child seat,239,204.37,204.37,204.37,204.37,204.37,true,false,MATCH,
FD-candidate,THE_WARWICK,Coral Coast,minibus,airport -> destination (arrival),one-way,night 23:00,child seat,239,204.37,204.37,204.37,244.24,204.37,true,false,IN_BAND_DIFFERENCE,
FD-candidate,THE_WARWICK,Coral Coast,minibus,airport -> destination (arrival),return,day 10:00,none,239,364.83,364.83,364.83,364.83,364.83,true,false,MATCH,
FD-candidate,THE_WARWICK,Coral Coast,minibus,airport -> destination (arrival),return,night 23:00,none,239,364.83,364.83,364.83,438,364.83,true,false,IN_BAND_DIFFERENCE,
FD-candidate,THE_WARWICK,Coral Coast,minibus,airport -> destination (arrival),return,day 10:00,child seat,239,372.83,372.83,372.83,372.83,372.83,true,false,MATCH,
FD-candidate,THE_WARWICK,Coral Coast,minibus,airport -> destination (arrival),return,night 23:00,child seat,239,372.83,372.83,372.83,445,372.83,true,false,IN_BAND_DIFFERENCE,
FD-candidate,NAVITI_RESORT,Coral Coast,sedan,airport -> destination (arrival),one-way,day 10:00,none,149,127.96,127.96,127.96,127.96,127.96,true,false,MATCH,
FD-candidate,NAVITI_RESORT,Coral Coast,sedan,airport -> destination (arrival),one-way,night 23:00,none,149,127.96,127.96,127.96,153.35,127.96,true,false,IN_BAND_DIFFERENCE,
FD-candidate,NAVITI_RESORT,Coral Coast,sedan,airport -> destination (arrival),one-way,day 10:00,child seat,149,134.96,134.96,134.96,134.96,134.96,true,false,MATCH,
FD-candidate,NAVITI_RESORT,Coral Coast,sedan,airport -> destination (arrival),one-way,night 23:00,child seat,149,134.96,134.96,134.96,160.35,134.96,true,false,IN_BAND_DIFFERENCE,
FD-candidate,NAVITI_RESORT,Coral Coast,sedan,airport -> destination (arrival),return,day 10:00,none,149,236.63,236.63,236.63,236.63,236.63,true,false,MATCH,
FD-candidate,NAVITI_RESORT,Coral Coast,sedan,airport -> destination (arrival),return,night 23:00,none,149,236.63,236.63,236.63,283.15,236.63,true,false,IN_BAND_DIFFERENCE,
FD-candidate,NAVITI_RESORT,Coral Coast,sedan,airport -> destination (arrival),return,day 10:00,child seat,149,243.63,243.63,243.63,243.63,243.63,true,false,MATCH,
FD-candidate,NAVITI_RESORT,Coral Coast,sedan,airport -> destination (arrival),return,night 23:00,child seat,149,243.63,243.63,243.63,291.15,243.63,true,false,IN_BAND_DIFFERENCE,
FD-candidate,NAVITI_RESORT,Coral Coast,minivan,airport -> destination (arrival),one-way,day 10:00,none,189,158.81,158.81,158.81,158.81,158.81,true,false,MATCH,
FD-candidate,NAVITI_RESORT,Coral Coast,minivan,airport -> destination (arrival),one-way,night 23:00,none,189,158.81,158.81,158.81,191.17,158.81,true,false,IN_BAND_DIFFERENCE,
FD-candidate,NAVITI_RESORT,Coral Coast,minivan,airport -> destination (arrival),one-way,day 10:00,child seat,189,166.81,166.81,166.81,166.81,166.81,true,false,MATCH,
FD-candidate,NAVITI_RESORT,Coral Coast,minivan,airport -> destination (arrival),one-way,night 23:00,child seat,189,166.81,166.81,166.81,198.17,166.81,true,false,IN_BAND_DIFFERENCE,
FD-candidate,NAVITI_RESORT,Coral Coast,minivan,airport -> destination (arrival),return,day 10:00,none,189,294.1,294.1,294.1,294.1,294.1,true,false,MATCH,
FD-candidate,NAVITI_RESORT,Coral Coast,minivan,airport -> destination (arrival),return,night 23:00,none,189,294.1,294.1,294.1,353.52,294.1,true,false,IN_BAND_DIFFERENCE,
FD-candidate,NAVITI_RESORT,Coral Coast,minivan,airport -> destination (arrival),return,day 10:00,child seat,189,301.1,301.1,301.1,301.1,301.1,true,false,MATCH,
FD-candidate,NAVITI_RESORT,Coral Coast,minivan,airport -> destination (arrival),return,night 23:00,child seat,189,301.1,301.1,301.1,360.52,301.1,true,false,IN_BAND_DIFFERENCE,
FD-candidate,NAVITI_RESORT,Coral Coast,minibus,airport -> destination (arrival),one-way,day 10:00,none,239,197.37,197.37,197.37,197.37,197.37,true,false,MATCH,
FD-candidate,NAVITI_RESORT,Coral Coast,minibus,airport -> destination (arrival),one-way,night 23:00,none,239,197.37,197.37,197.37,237.24,197.37,true,false,IN_BAND_DIFFERENCE,
FD-candidate,NAVITI_RESORT,Coral Coast,minibus,airport -> destination (arrival),one-way,day 10:00,child seat,239,204.37,204.37,204.37,204.37,204.37,true,false,MATCH,
FD-candidate,NAVITI_RESORT,Coral Coast,minibus,airport -> destination (arrival),one-way,night 23:00,child seat,239,204.37,204.37,204.37,244.24,204.37,true,false,IN_BAND_DIFFERENCE,
FD-candidate,NAVITI_RESORT,Coral Coast,minibus,airport -> destination (arrival),return,day 10:00,none,239,364.83,364.83,364.83,364.83,364.83,true,false,MATCH,
FD-candidate,NAVITI_RESORT,Coral Coast,minibus,airport -> destination (arrival),return,night 23:00,none,239,364.83,364.83,364.83,438,364.83,true,false,IN_BAND_DIFFERENCE,
FD-candidate,NAVITI_RESORT,Coral Coast,minibus,airport -> destination (arrival),return,day 10:00,child seat,239,372.83,372.83,372.83,372.83,372.83,true,false,MATCH,
FD-candidate,NAVITI_RESORT,Coral Coast,minibus,airport -> destination (arrival),return,night 23:00,child seat,239,372.83,372.83,372.83,445,372.83,true,false,IN_BAND_DIFFERENCE,
FD-candidate,BEACHHOUSE_FIJI,Coral Coast,sedan,airport -> destination (arrival),one-way,day 10:00,none,169,127.96,127.96,127.96,127.96,127.96,true,false,MATCH,
FD-candidate,BEACHHOUSE_FIJI,Coral Coast,sedan,airport -> destination (arrival),one-way,night 23:00,none,169,127.96,127.96,127.96,153.35,127.96,true,false,IN_BAND_DIFFERENCE,
FD-candidate,BEACHHOUSE_FIJI,Coral Coast,sedan,airport -> destination (arrival),one-way,day 10:00,child seat,169,134.96,134.96,134.96,134.96,134.96,true,false,MATCH,
FD-candidate,BEACHHOUSE_FIJI,Coral Coast,sedan,airport -> destination (arrival),one-way,night 23:00,child seat,169,134.96,134.96,134.96,160.35,134.96,true,false,IN_BAND_DIFFERENCE,
FD-candidate,BEACHHOUSE_FIJI,Coral Coast,sedan,airport -> destination (arrival),return,day 10:00,none,169,236.63,236.63,236.63,236.63,236.63,true,false,MATCH,
FD-candidate,BEACHHOUSE_FIJI,Coral Coast,sedan,airport -> destination (arrival),return,night 23:00,none,169,236.63,236.63,236.63,283.15,236.63,true,false,IN_BAND_DIFFERENCE,
FD-candidate,BEACHHOUSE_FIJI,Coral Coast,sedan,airport -> destination (arrival),return,day 10:00,child seat,169,243.63,243.63,243.63,243.63,243.63,true,false,MATCH,
FD-candidate,BEACHHOUSE_FIJI,Coral Coast,sedan,airport -> destination (arrival),return,night 23:00,child seat,169,243.63,243.63,243.63,291.15,243.63,true,false,IN_BAND_DIFFERENCE,
FD-candidate,BEACHHOUSE_FIJI,Coral Coast,minivan,airport -> destination (arrival),one-way,day 10:00,none,199,158.81,158.81,158.81,158.81,158.81,true,false,MATCH,
FD-candidate,BEACHHOUSE_FIJI,Coral Coast,minivan,airport -> destination (arrival),one-way,night 23:00,none,199,158.81,158.81,158.81,191.17,158.81,true,false,IN_BAND_DIFFERENCE,
FD-candidate,BEACHHOUSE_FIJI,Coral Coast,minivan,airport -> destination (arrival),one-way,day 10:00,child seat,199,166.81,166.81,166.81,166.81,166.81,true,false,MATCH,
FD-candidate,BEACHHOUSE_FIJI,Coral Coast,minivan,airport -> destination (arrival),one-way,night 23:00,child seat,199,166.81,166.81,166.81,198.17,166.81,true,false,IN_BAND_DIFFERENCE,
FD-candidate,BEACHHOUSE_FIJI,Coral Coast,minivan,airport -> destination (arrival),return,day 10:00,none,199,294.1,294.1,294.1,294.1,294.1,true,false,MATCH,
FD-candidate,BEACHHOUSE_FIJI,Coral Coast,minivan,airport -> destination (arrival),return,night 23:00,none,199,294.1,294.1,294.1,353.52,294.1,true,false,IN_BAND_DIFFERENCE,
FD-candidate,BEACHHOUSE_FIJI,Coral Coast,minivan,airport -> destination (arrival),return,day 10:00,child seat,199,301.1,301.1,301.1,301.1,301.1,true,false,MATCH,
FD-candidate,BEACHHOUSE_FIJI,Coral Coast,minivan,airport -> destination (arrival),return,night 23:00,child seat,199,301.1,301.1,301.1,360.52,301.1,true,false,IN_BAND_DIFFERENCE,
FD-candidate,BEACHHOUSE_FIJI,Coral Coast,minibus,airport -> destination (arrival),one-way,day 10:00,none,259,197.37,197.37,197.37,197.37,197.37,true,false,MATCH,
FD-candidate,BEACHHOUSE_FIJI,Coral Coast,minibus,airport -> destination (arrival),one-way,night 23:00,none,259,197.37,197.37,197.37,237.24,197.37,true,false,IN_BAND_DIFFERENCE,
FD-candidate,BEACHHOUSE_FIJI,Coral Coast,minibus,airport -> destination (arrival),one-way,day 10:00,child seat,259,204.37,204.37,204.37,204.37,204.37,true,false,MATCH,
FD-candidate,BEACHHOUSE_FIJI,Coral Coast,minibus,airport -> destination (arrival),one-way,night 23:00,child seat,259,204.37,204.37,204.37,244.24,204.37,true,false,IN_BAND_DIFFERENCE,
FD-candidate,BEACHHOUSE_FIJI,Coral Coast,minibus,airport -> destination (arrival),return,day 10:00,none,259,364.83,364.83,364.83,364.83,364.83,true,false,MATCH,
FD-candidate,BEACHHOUSE_FIJI,Coral Coast,minibus,airport -> destination (arrival),return,night 23:00,none,259,364.83,364.83,364.83,438,364.83,true,false,IN_BAND_DIFFERENCE,
FD-candidate,BEACHHOUSE_FIJI,Coral Coast,minibus,airport -> destination (arrival),return,day 10:00,child seat,259,372.83,372.83,372.83,372.83,372.83,true,false,MATCH,
FD-candidate,BEACHHOUSE_FIJI,Coral Coast,minibus,airport -> destination (arrival),return,night 23:00,child seat,259,372.83,372.83,372.83,445,372.83,true,false,IN_BAND_DIFFERENCE,
FD-candidate,ARTS_VILLAGE,Pacific Harbour,sedan,airport -> destination (arrival),one-way,day 10:00,none,199,178.95,178.95,178.95,178.95,178.95,true,false,MATCH,
FD-candidate,ARTS_VILLAGE,Pacific Harbour,sedan,airport -> destination (arrival),one-way,night 23:00,none,199,178.95,178.95,178.95,214.74,178.95,true,false,IN_BAND_DIFFERENCE,
FD-candidate,ARTS_VILLAGE,Pacific Harbour,sedan,airport -> destination (arrival),one-way,day 10:00,child seat,199,185.95,185.95,185.95,185.95,185.95,true,false,MATCH,
FD-candidate,ARTS_VILLAGE,Pacific Harbour,sedan,airport -> destination (arrival),one-way,night 23:00,child seat,199,185.95,185.95,185.95,221.74,185.95,true,false,IN_BAND_DIFFERENCE,
FD-candidate,ARTS_VILLAGE,Pacific Harbour,sedan,airport -> destination (arrival),return,day 10:00,none,199,331.06,331.06,331.06,331.06,331.06,true,false,MATCH,
FD-candidate,ARTS_VILLAGE,Pacific Harbour,sedan,airport -> destination (arrival),return,night 23:00,none,199,331.06,331.06,331.06,397.67,331.06,true,false,IN_BAND_DIFFERENCE,
FD-candidate,ARTS_VILLAGE,Pacific Harbour,sedan,airport -> destination (arrival),return,day 10:00,child seat,199,338.06,338.06,338.06,338.06,338.06,true,false,MATCH,
FD-candidate,ARTS_VILLAGE,Pacific Harbour,sedan,airport -> destination (arrival),return,night 23:00,child seat,199,338.06,338.06,338.06,404.67,338.06,true,false,IN_BAND_DIFFERENCE,
FD-candidate,ARTS_VILLAGE,Pacific Harbour,minivan,airport -> destination (arrival),one-way,day 10:00,none,269,239.56,239.56,239.56,239.56,239.56,true,false,MATCH,
FD-candidate,ARTS_VILLAGE,Pacific Harbour,minivan,airport -> destination (arrival),one-way,night 23:00,none,269,239.56,239.56,239.56,287.87,239.56,true,false,IN_BAND_DIFFERENCE,
FD-candidate,ARTS_VILLAGE,Pacific Harbour,minivan,airport -> destination (arrival),one-way,day 10:00,child seat,269,247.56,247.56,247.56,247.56,247.56,true,false,MATCH,
FD-candidate,ARTS_VILLAGE,Pacific Harbour,minivan,airport -> destination (arrival),one-way,night 23:00,child seat,269,247.56,247.56,247.56,294.87,247.56,true,false,IN_BAND_DIFFERENCE,
FD-candidate,ARTS_VILLAGE,Pacific Harbour,minivan,airport -> destination (arrival),return,day 10:00,none,269,444.14,444.14,444.14,444.14,444.14,true,false,MATCH,
FD-candidate,ARTS_VILLAGE,Pacific Harbour,minivan,airport -> destination (arrival),return,night 23:00,none,269,444.14,444.14,444.14,532.76,444.14,true,false,IN_BAND_DIFFERENCE,
FD-candidate,ARTS_VILLAGE,Pacific Harbour,minivan,airport -> destination (arrival),return,day 10:00,child seat,269,451.14,451.14,451.14,451.14,451.14,true,false,MATCH,
FD-candidate,ARTS_VILLAGE,Pacific Harbour,minivan,airport -> destination (arrival),return,night 23:00,child seat,269,451.14,451.14,451.14,539.76,451.14,true,false,IN_BAND_DIFFERENCE,
FD-candidate,ARTS_VILLAGE,Pacific Harbour,minibus,airport -> destination (arrival),one-way,day 10:00,none,299,269.56,269.56,269.56,269.56,269.56,true,false,MATCH,
FD-candidate,ARTS_VILLAGE,Pacific Harbour,minibus,airport -> destination (arrival),one-way,night 23:00,none,299,269.56,269.56,269.56,323.47,269.56,true,false,IN_BAND_DIFFERENCE,
FD-candidate,ARTS_VILLAGE,Pacific Harbour,minibus,airport -> destination (arrival),one-way,day 10:00,child seat,299,276.56,276.56,276.56,276.56,276.56,true,false,MATCH,
FD-candidate,ARTS_VILLAGE,Pacific Harbour,minibus,airport -> destination (arrival),one-way,night 23:00,child seat,299,276.56,276.56,276.56,330.47,276.56,true,false,IN_BAND_DIFFERENCE,
FD-candidate,ARTS_VILLAGE,Pacific Harbour,minibus,airport -> destination (arrival),return,day 10:00,none,299,499.19,499.19,499.19,499.19,499.19,true,false,MATCH,
FD-candidate,ARTS_VILLAGE,Pacific Harbour,minibus,airport -> destination (arrival),return,night 23:00,none,299,499.19,499.19,499.19,598.02,499.19,true,false,IN_BAND_DIFFERENCE,
FD-candidate,ARTS_VILLAGE,Pacific Harbour,minibus,airport -> destination (arrival),return,day 10:00,child seat,299,506.19,506.19,506.19,506.19,506.19,true,false,MATCH,
FD-candidate,ARTS_VILLAGE,Pacific Harbour,minibus,airport -> destination (arrival),return,night 23:00,child seat,299,506.19,506.19,506.19,606.02,506.19,true,false,IN_BAND_DIFFERENCE,
FD-candidate,PEARL_SOUTH_PACIFIC,Pacific Harbour,sedan,airport -> destination (arrival),one-way,day 10:00,none,199,178.95,178.95,178.95,178.95,178.95,true,false,MATCH,
FD-candidate,PEARL_SOUTH_PACIFIC,Pacific Harbour,sedan,airport -> destination (arrival),one-way,night 23:00,none,199,178.95,178.95,178.95,214.74,178.95,true,false,IN_BAND_DIFFERENCE,
FD-candidate,PEARL_SOUTH_PACIFIC,Pacific Harbour,sedan,airport -> destination (arrival),one-way,day 10:00,child seat,199,185.95,185.95,185.95,185.95,185.95,true,false,MATCH,
FD-candidate,PEARL_SOUTH_PACIFIC,Pacific Harbour,sedan,airport -> destination (arrival),one-way,night 23:00,child seat,199,185.95,185.95,185.95,221.74,185.95,true,false,IN_BAND_DIFFERENCE,
FD-candidate,PEARL_SOUTH_PACIFIC,Pacific Harbour,sedan,airport -> destination (arrival),return,day 10:00,none,199,331.06,331.06,331.06,331.06,331.06,true,false,MATCH,
FD-candidate,PEARL_SOUTH_PACIFIC,Pacific Harbour,sedan,airport -> destination (arrival),return,night 23:00,none,199,331.06,331.06,331.06,397.67,331.06,true,false,IN_BAND_DIFFERENCE,
FD-candidate,PEARL_SOUTH_PACIFIC,Pacific Harbour,sedan,airport -> destination (arrival),return,day 10:00,child seat,199,338.06,338.06,338.06,338.06,338.06,true,false,MATCH,
FD-candidate,PEARL_SOUTH_PACIFIC,Pacific Harbour,sedan,airport -> destination (arrival),return,night 23:00,child seat,199,338.06,338.06,338.06,404.67,338.06,true,false,IN_BAND_DIFFERENCE,
FD-candidate,PEARL_SOUTH_PACIFIC,Pacific Harbour,minivan,airport -> destination (arrival),one-way,day 10:00,none,269,239.56,239.56,239.56,239.56,239.56,true,false,MATCH,
FD-candidate,PEARL_SOUTH_PACIFIC,Pacific Harbour,minivan,airport -> destination (arrival),one-way,night 23:00,none,269,239.56,239.56,239.56,287.87,239.56,true,false,IN_BAND_DIFFERENCE,
FD-candidate,PEARL_SOUTH_PACIFIC,Pacific Harbour,minivan,airport -> destination (arrival),one-way,day 10:00,child seat,269,247.56,247.56,247.56,247.56,247.56,true,false,MATCH,
FD-candidate,PEARL_SOUTH_PACIFIC,Pacific Harbour,minivan,airport -> destination (arrival),one-way,night 23:00,child seat,269,247.56,247.56,247.56,294.87,247.56,true,false,IN_BAND_DIFFERENCE,
FD-candidate,PEARL_SOUTH_PACIFIC,Pacific Harbour,minivan,airport -> destination (arrival),return,day 10:00,none,269,444.14,444.14,444.14,444.14,444.14,true,false,MATCH,
FD-candidate,PEARL_SOUTH_PACIFIC,Pacific Harbour,minivan,airport -> destination (arrival),return,night 23:00,none,269,444.14,444.14,444.14,532.76,444.14,true,false,IN_BAND_DIFFERENCE,
FD-candidate,PEARL_SOUTH_PACIFIC,Pacific Harbour,minivan,airport -> destination (arrival),return,day 10:00,child seat,269,451.14,451.14,451.14,451.14,451.14,true,false,MATCH,
FD-candidate,PEARL_SOUTH_PACIFIC,Pacific Harbour,minivan,airport -> destination (arrival),return,night 23:00,child seat,269,451.14,451.14,451.14,539.76,451.14,true,false,IN_BAND_DIFFERENCE,
FD-candidate,PEARL_SOUTH_PACIFIC,Pacific Harbour,minibus,airport -> destination (arrival),one-way,day 10:00,none,299,269.56,269.56,269.56,269.56,269.56,true,false,MATCH,
FD-candidate,PEARL_SOUTH_PACIFIC,Pacific Harbour,minibus,airport -> destination (arrival),one-way,night 23:00,none,299,269.56,269.56,269.56,323.47,269.56,true,false,IN_BAND_DIFFERENCE,
FD-candidate,PEARL_SOUTH_PACIFIC,Pacific Harbour,minibus,airport -> destination (arrival),one-way,day 10:00,child seat,299,276.56,276.56,276.56,276.56,276.56,true,false,MATCH,
FD-candidate,PEARL_SOUTH_PACIFIC,Pacific Harbour,minibus,airport -> destination (arrival),one-way,night 23:00,child seat,299,276.56,276.56,276.56,330.47,276.56,true,false,IN_BAND_DIFFERENCE,
FD-candidate,PEARL_SOUTH_PACIFIC,Pacific Harbour,minibus,airport -> destination (arrival),return,day 10:00,none,299,499.19,499.19,499.19,499.19,499.19,true,false,MATCH,
FD-candidate,PEARL_SOUTH_PACIFIC,Pacific Harbour,minibus,airport -> destination (arrival),return,night 23:00,none,299,499.19,499.19,499.19,598.02,499.19,true,false,IN_BAND_DIFFERENCE,
FD-candidate,PEARL_SOUTH_PACIFIC,Pacific Harbour,minibus,airport -> destination (arrival),return,day 10:00,child seat,299,506.19,506.19,506.19,506.19,506.19,true,false,MATCH,
FD-candidate,PEARL_SOUTH_PACIFIC,Pacific Harbour,minibus,airport -> destination (arrival),return,night 23:00,child seat,299,506.19,506.19,506.19,606.02,506.19,true,false,IN_BAND_DIFFERENCE,
FD-candidate,UPRISING,Pacific Harbour,sedan,airport -> destination (arrival),one-way,day 10:00,none,199,178.95,178.95,178.95,178.95,178.95,true,false,MATCH,
FD-candidate,UPRISING,Pacific Harbour,sedan,airport -> destination (arrival),one-way,night 23:00,none,199,178.95,178.95,178.95,214.74,178.95,true,false,IN_BAND_DIFFERENCE,
FD-candidate,UPRISING,Pacific Harbour,sedan,airport -> destination (arrival),one-way,day 10:00,child seat,199,185.95,185.95,185.95,185.95,185.95,true,false,MATCH,
FD-candidate,UPRISING,Pacific Harbour,sedan,airport -> destination (arrival),one-way,night 23:00,child seat,199,185.95,185.95,185.95,221.74,185.95,true,false,IN_BAND_DIFFERENCE,
FD-candidate,UPRISING,Pacific Harbour,sedan,airport -> destination (arrival),return,day 10:00,none,199,331.06,331.06,331.06,331.06,331.06,true,false,MATCH,
FD-candidate,UPRISING,Pacific Harbour,sedan,airport -> destination (arrival),return,night 23:00,none,199,331.06,331.06,331.06,397.67,331.06,true,false,IN_BAND_DIFFERENCE,
FD-candidate,UPRISING,Pacific Harbour,sedan,airport -> destination (arrival),return,day 10:00,child seat,199,338.06,338.06,338.06,338.06,338.06,true,false,MATCH,
FD-candidate,UPRISING,Pacific Harbour,sedan,airport -> destination (arrival),return,night 23:00,child seat,199,338.06,338.06,338.06,404.67,338.06,true,false,IN_BAND_DIFFERENCE,
FD-candidate,UPRISING,Pacific Harbour,minivan,airport -> destination (arrival),one-way,day 10:00,none,269,239.56,239.56,239.56,239.56,239.56,true,false,MATCH,
FD-candidate,UPRISING,Pacific Harbour,minivan,airport -> destination (arrival),one-way,night 23:00,none,269,239.56,239.56,239.56,287.87,239.56,true,false,IN_BAND_DIFFERENCE,
FD-candidate,UPRISING,Pacific Harbour,minivan,airport -> destination (arrival),one-way,day 10:00,child seat,269,247.56,247.56,247.56,247.56,247.56,true,false,MATCH,
FD-candidate,UPRISING,Pacific Harbour,minivan,airport -> destination (arrival),one-way,night 23:00,child seat,269,247.56,247.56,247.56,294.87,247.56,true,false,IN_BAND_DIFFERENCE,
FD-candidate,UPRISING,Pacific Harbour,minivan,airport -> destination (arrival),return,day 10:00,none,269,444.14,444.14,444.14,444.14,444.14,true,false,MATCH,
FD-candidate,UPRISING,Pacific Harbour,minivan,airport -> destination (arrival),return,night 23:00,none,269,444.14,444.14,444.14,532.76,444.14,true,false,IN_BAND_DIFFERENCE,
FD-candidate,UPRISING,Pacific Harbour,minivan,airport -> destination (arrival),return,day 10:00,child seat,269,451.14,451.14,451.14,451.14,451.14,true,false,MATCH,
FD-candidate,UPRISING,Pacific Harbour,minivan,airport -> destination (arrival),return,night 23:00,child seat,269,451.14,451.14,451.14,539.76,451.14,true,false,IN_BAND_DIFFERENCE,
FD-candidate,UPRISING,Pacific Harbour,minibus,airport -> destination (arrival),one-way,day 10:00,none,299,269.56,269.56,269.56,269.56,269.56,true,false,MATCH,
FD-candidate,UPRISING,Pacific Harbour,minibus,airport -> destination (arrival),one-way,night 23:00,none,299,269.56,269.56,269.56,323.47,269.56,true,false,IN_BAND_DIFFERENCE,
FD-candidate,UPRISING,Pacific Harbour,minibus,airport -> destination (arrival),one-way,day 10:00,child seat,299,276.56,276.56,276.56,276.56,276.56,true,false,MATCH,
FD-candidate,UPRISING,Pacific Harbour,minibus,airport -> destination (arrival),one-way,night 23:00,child seat,299,276.56,276.56,276.56,330.47,276.56,true,false,IN_BAND_DIFFERENCE,
FD-candidate,UPRISING,Pacific Harbour,minibus,airport -> destination (arrival),return,day 10:00,none,299,499.19,499.19,499.19,499.19,499.19,true,false,MATCH,
FD-candidate,UPRISING,Pacific Harbour,minibus,airport -> destination (arrival),return,night 23:00,none,299,499.19,499.19,499.19,598.02,499.19,true,false,IN_BAND_DIFFERENCE,
FD-candidate,UPRISING,Pacific Harbour,minibus,airport -> destination (arrival),return,day 10:00,child seat,299,506.19,506.19,506.19,506.19,506.19,true,false,MATCH,
FD-candidate,UPRISING,Pacific Harbour,minibus,airport -> destination (arrival),return,night 23:00,child seat,299,506.19,506.19,506.19,606.02,506.19,true,false,IN_BAND_DIFFERENCE,
FD-candidate,NANUKU_RESORT,Pacific Harbour,sedan,airport -> destination (arrival),one-way,day 10:00,none,199,178.95,178.95,178.95,178.95,178.95,true,false,MATCH,
FD-candidate,NANUKU_RESORT,Pacific Harbour,sedan,airport -> destination (arrival),one-way,night 23:00,none,199,178.95,178.95,178.95,214.74,178.95,true,false,IN_BAND_DIFFERENCE,
FD-candidate,NANUKU_RESORT,Pacific Harbour,sedan,airport -> destination (arrival),one-way,day 10:00,child seat,199,185.95,185.95,185.95,185.95,185.95,true,false,MATCH,
FD-candidate,NANUKU_RESORT,Pacific Harbour,sedan,airport -> destination (arrival),one-way,night 23:00,child seat,199,185.95,185.95,185.95,221.74,185.95,true,false,IN_BAND_DIFFERENCE,
FD-candidate,NANUKU_RESORT,Pacific Harbour,sedan,airport -> destination (arrival),return,day 10:00,none,199,331.06,331.06,331.06,331.06,331.06,true,false,MATCH,
FD-candidate,NANUKU_RESORT,Pacific Harbour,sedan,airport -> destination (arrival),return,night 23:00,none,199,331.06,331.06,331.06,397.67,331.06,true,false,IN_BAND_DIFFERENCE,
FD-candidate,NANUKU_RESORT,Pacific Harbour,sedan,airport -> destination (arrival),return,day 10:00,child seat,199,338.06,338.06,338.06,338.06,338.06,true,false,MATCH,
FD-candidate,NANUKU_RESORT,Pacific Harbour,sedan,airport -> destination (arrival),return,night 23:00,child seat,199,338.06,338.06,338.06,404.67,338.06,true,false,IN_BAND_DIFFERENCE,
FD-candidate,NANUKU_RESORT,Pacific Harbour,minivan,airport -> destination (arrival),one-way,day 10:00,none,269,239.56,239.56,239.56,239.56,239.56,true,false,MATCH,
FD-candidate,NANUKU_RESORT,Pacific Harbour,minivan,airport -> destination (arrival),one-way,night 23:00,none,269,239.56,239.56,239.56,287.87,239.56,true,false,IN_BAND_DIFFERENCE,
FD-candidate,NANUKU_RESORT,Pacific Harbour,minivan,airport -> destination (arrival),one-way,day 10:00,child seat,269,247.56,247.56,247.56,247.56,247.56,true,false,MATCH,
FD-candidate,NANUKU_RESORT,Pacific Harbour,minivan,airport -> destination (arrival),one-way,night 23:00,child seat,269,247.56,247.56,247.56,294.87,247.56,true,false,IN_BAND_DIFFERENCE,
FD-candidate,NANUKU_RESORT,Pacific Harbour,minivan,airport -> destination (arrival),return,day 10:00,none,269,444.14,444.14,444.14,444.14,444.14,true,false,MATCH,
FD-candidate,NANUKU_RESORT,Pacific Harbour,minivan,airport -> destination (arrival),return,night 23:00,none,269,444.14,444.14,444.14,532.76,444.14,true,false,IN_BAND_DIFFERENCE,
FD-candidate,NANUKU_RESORT,Pacific Harbour,minivan,airport -> destination (arrival),return,day 10:00,child seat,269,451.14,451.14,451.14,451.14,451.14,true,false,MATCH,
FD-candidate,NANUKU_RESORT,Pacific Harbour,minivan,airport -> destination (arrival),return,night 23:00,child seat,269,451.14,451.14,451.14,539.76,451.14,true,false,IN_BAND_DIFFERENCE,
FD-candidate,NANUKU_RESORT,Pacific Harbour,minibus,airport -> destination (arrival),one-way,day 10:00,none,299,269.56,269.56,269.56,269.56,269.56,true,false,MATCH,
FD-candidate,NANUKU_RESORT,Pacific Harbour,minibus,airport -> destination (arrival),one-way,night 23:00,none,299,269.56,269.56,269.56,323.47,269.56,true,false,IN_BAND_DIFFERENCE,
FD-candidate,NANUKU_RESORT,Pacific Harbour,minibus,airport -> destination (arrival),one-way,day 10:00,child seat,299,276.56,276.56,276.56,276.56,276.56,true,false,MATCH,
FD-candidate,NANUKU_RESORT,Pacific Harbour,minibus,airport -> destination (arrival),one-way,night 23:00,child seat,299,276.56,276.56,276.56,330.47,276.56,true,false,IN_BAND_DIFFERENCE,
FD-candidate,NANUKU_RESORT,Pacific Harbour,minibus,airport -> destination (arrival),return,day 10:00,none,299,499.19,499.19,499.19,499.19,499.19,true,false,MATCH,
FD-candidate,NANUKU_RESORT,Pacific Harbour,minibus,airport -> destination (arrival),return,night 23:00,none,299,499.19,499.19,499.19,598.02,499.19,true,false,IN_BAND_DIFFERENCE,
FD-candidate,NANUKU_RESORT,Pacific Harbour,minibus,airport -> destination (arrival),return,day 10:00,child seat,299,506.19,506.19,506.19,506.19,506.19,true,false,MATCH,
FD-candidate,NANUKU_RESORT,Pacific Harbour,minibus,airport -> destination (arrival),return,night 23:00,child seat,299,506.19,506.19,506.19,606.02,506.19,true,false,IN_BAND_DIFFERENCE,
FD-candidate,BA_HOTEL,Ba,sedan,airport -> destination (arrival),one-way,day 10:00,none,169,154.45,154.45,154.45,154.45,154.45,true,false,MATCH,
FD-candidate,BA_HOTEL,Ba,sedan,airport -> destination (arrival),one-way,night 23:00,none,169,154.45,154.45,154.45,184.74,154.45,true,false,IN_BAND_DIFFERENCE,
FD-candidate,BA_HOTEL,Ba,sedan,airport -> destination (arrival),one-way,day 10:00,child seat,169,161.45,161.45,161.45,161.45,161.45,true,false,MATCH,
FD-candidate,BA_HOTEL,Ba,sedan,airport -> destination (arrival),one-way,night 23:00,child seat,169,161.45,161.45,161.45,192.74,161.45,true,false,IN_BAND_DIFFERENCE,
FD-candidate,BA_HOTEL,Ba,sedan,airport -> destination (arrival),return,day 10:00,none,169,285.18,285.18,285.18,285.18,285.18,true,false,MATCH,
FD-candidate,BA_HOTEL,Ba,sedan,airport -> destination (arrival),return,night 23:00,none,169,285.18,285.18,285.18,342.62,285.18,true,false,IN_BAND_DIFFERENCE,
FD-candidate,BA_HOTEL,Ba,sedan,airport -> destination (arrival),return,day 10:00,child seat,169,292.18,292.18,292.18,292.18,292.18,true,false,MATCH,
FD-candidate,BA_HOTEL,Ba,sedan,airport -> destination (arrival),return,night 23:00,child seat,169,292.18,292.18,292.18,349.62,292.18,true,false,IN_BAND_DIFFERENCE,
FD-candidate,BA_HOTEL,Ba,minivan,airport -> destination (arrival),one-way,day 10:00,none,199,194.05,194.05,194.05,194.05,194.05,true,false,MATCH,
FD-candidate,BA_HOTEL,Ba,minivan,airport -> destination (arrival),one-way,night 23:00,none,199,194.05,194.05,194.05,233.26,194.05,true,false,IN_BAND_DIFFERENCE,
FD-candidate,BA_HOTEL,Ba,minivan,airport -> destination (arrival),one-way,day 10:00,child seat,199,202.05,202.05,202.05,202.05,202.05,true,false,MATCH,
FD-candidate,BA_HOTEL,Ba,minivan,airport -> destination (arrival),one-way,night 23:00,child seat,199,202.05,202.05,202.05,240.26,202.05,true,false,IN_BAND_DIFFERENCE,
FD-candidate,BA_HOTEL,Ba,minivan,airport -> destination (arrival),return,day 10:00,none,199,359.69,359.69,359.69,359.69,359.69,true,false,MATCH,
FD-candidate,BA_HOTEL,Ba,minivan,airport -> destination (arrival),return,night 23:00,none,199,359.69,359.69,359.69,431.63,359.69,true,false,IN_BAND_DIFFERENCE,
FD-candidate,BA_HOTEL,Ba,minivan,airport -> destination (arrival),return,day 10:00,child seat,199,366.69,366.69,366.69,366.69,366.69,true,false,MATCH,
FD-candidate,BA_HOTEL,Ba,minivan,airport -> destination (arrival),return,night 23:00,child seat,199,366.69,366.69,366.69,438.63,366.69,true,false,IN_BAND_DIFFERENCE,
FD-candidate,BA_HOTEL,Ba,minibus,airport -> destination (arrival),one-way,day 10:00,none,249,242.12,242.12,242.12,242.12,242.12,true,false,MATCH,
FD-candidate,BA_HOTEL,Ba,minibus,airport -> destination (arrival),one-way,night 23:00,none,249,242.12,242.12,242.12,290.94,242.12,true,false,IN_BAND_DIFFERENCE,
FD-candidate,BA_HOTEL,Ba,minibus,airport -> destination (arrival),one-way,day 10:00,child seat,249,249.12,249.12,249.12,249.12,249.12,true,false,MATCH,
FD-candidate,BA_HOTEL,Ba,minibus,airport -> destination (arrival),one-way,night 23:00,child seat,249,249.12,249.12,249.12,297.94,249.12,true,false,IN_BAND_DIFFERENCE,
FD-candidate,BA_HOTEL,Ba,minibus,airport -> destination (arrival),return,day 10:00,none,249,447.87,447.87,447.87,447.87,447.87,true,false,MATCH,
FD-candidate,BA_HOTEL,Ba,minibus,airport -> destination (arrival),return,night 23:00,none,249,447.87,447.87,447.87,537.45,447.87,true,false,IN_BAND_DIFFERENCE,
FD-candidate,BA_HOTEL,Ba,minibus,airport -> destination (arrival),return,day 10:00,child seat,249,454.87,454.87,454.87,454.87,454.87,true,false,MATCH,
FD-candidate,BA_HOTEL,Ba,minibus,airport -> destination (arrival),return,night 23:00,child seat,249,454.87,454.87,454.87,544.45,454.87,true,false,IN_BAND_DIFFERENCE,
FD-candidate,VOLIVOLI_BEACH,Rakiraki,sedan,airport -> destination (arrival),one-way,day 10:00,none,249,220.59,220.59,220.59,220.59,220.59,true,false,MATCH,
FD-candidate,VOLIVOLI_BEACH,Rakiraki,sedan,airport -> destination (arrival),one-way,night 23:00,none,249,220.59,220.59,220.59,265.71,220.59,true,false,IN_BAND_DIFFERENCE,
FD-candidate,VOLIVOLI_BEACH,Rakiraki,sedan,airport -> destination (arrival),one-way,day 10:00,child seat,249,228.59,228.59,228.59,228.59,228.59,true,false,MATCH,
FD-candidate,VOLIVOLI_BEACH,Rakiraki,sedan,airport -> destination (arrival),one-way,night 23:00,child seat,249,228.59,228.59,228.59,272.71,228.59,true,false,IN_BAND_DIFFERENCE,
FD-candidate,VOLIVOLI_BEACH,Rakiraki,sedan,airport -> destination (arrival),return,day 10:00,none,249,409.34,409.34,409.34,409.34,409.34,true,false,MATCH,
FD-candidate,VOLIVOLI_BEACH,Rakiraki,sedan,airport -> destination (arrival),return,night 23:00,none,249,409.34,409.34,409.34,490.21,409.34,true,false,IN_BAND_DIFFERENCE,
FD-candidate,VOLIVOLI_BEACH,Rakiraki,sedan,airport -> destination (arrival),return,day 10:00,child seat,249,416.34,416.34,416.34,416.34,416.34,true,false,MATCH,
FD-candidate,VOLIVOLI_BEACH,Rakiraki,sedan,airport -> destination (arrival),return,night 23:00,child seat,249,416.34,416.34,416.34,498.21,416.34,true,false,IN_BAND_DIFFERENCE,
FD-candidate,VOLIVOLI_BEACH,Rakiraki,minivan,airport -> destination (arrival),one-way,day 10:00,none,299,290.72,290.72,290.72,290.72,290.72,true,false,MATCH,
FD-candidate,VOLIVOLI_BEACH,Rakiraki,minivan,airport -> destination (arrival),one-way,night 23:00,none,299,290.72,290.72,290.72,348.26,290.72,true,false,IN_BAND_DIFFERENCE,
FD-candidate,VOLIVOLI_BEACH,Rakiraki,minivan,airport -> destination (arrival),one-way,day 10:00,child seat,299,297.72,297.72,297.72,297.72,297.72,true,false,MATCH,
FD-candidate,VOLIVOLI_BEACH,Rakiraki,minivan,airport -> destination (arrival),one-way,night 23:00,child seat,299,297.72,297.72,297.72,355.26,297.72,true,false,IN_BAND_DIFFERENCE,
FD-candidate,VOLIVOLI_BEACH,Rakiraki,minivan,airport -> destination (arrival),return,day 10:00,none,299,537.03,537.03,537.03,537.03,537.03,true,false,MATCH,
FD-candidate,VOLIVOLI_BEACH,Rakiraki,minivan,airport -> destination (arrival),return,night 23:00,none,299,537.03,537.03,537.03,644.44,537.03,true,false,IN_BAND_DIFFERENCE,
FD-candidate,VOLIVOLI_BEACH,Rakiraki,minivan,airport -> destination (arrival),return,day 10:00,child seat,299,544.03,544.03,544.03,544.03,544.03,true,false,MATCH,
FD-candidate,VOLIVOLI_BEACH,Rakiraki,minivan,airport -> destination (arrival),return,night 23:00,child seat,299,544.03,544.03,544.03,652.44,544.03,true,false,IN_BAND_DIFFERENCE,
FD-candidate,VOLIVOLI_BEACH,Rakiraki,minibus,airport -> destination (arrival),one-way,day 10:00,none,349,335.44,335.44,335.44,335.44,335.44,true,false,MATCH,
FD-candidate,VOLIVOLI_BEACH,Rakiraki,minibus,airport -> destination (arrival),one-way,night 23:00,none,349,335.44,335.44,335.44,401.93,335.44,true,false,IN_BAND_DIFFERENCE,
FD-candidate,VOLIVOLI_BEACH,Rakiraki,minibus,airport -> destination (arrival),one-way,day 10:00,child seat,349,342.44,342.44,342.44,342.44,342.44,true,false,MATCH,
FD-candidate,VOLIVOLI_BEACH,Rakiraki,minibus,airport -> destination (arrival),one-way,night 23:00,child seat,349,342.44,342.44,342.44,409.93,342.44,true,false,IN_BAND_DIFFERENCE,
FD-candidate,VOLIVOLI_BEACH,Rakiraki,minibus,airport -> destination (arrival),return,day 10:00,none,349,620.01,620.01,620.01,620.01,620.01,true,false,MATCH,
FD-candidate,VOLIVOLI_BEACH,Rakiraki,minibus,airport -> destination (arrival),return,night 23:00,none,349,620.01,620.01,620.01,743.82,620.01,true,false,IN_BAND_DIFFERENCE,
FD-candidate,VOLIVOLI_BEACH,Rakiraki,minibus,airport -> destination (arrival),return,day 10:00,child seat,349,627.01,627.01,627.01,627.01,627.01,true,false,MATCH,
FD-candidate,VOLIVOLI_BEACH,Rakiraki,minibus,airport -> destination (arrival),return,night 23:00,child seat,349,627.01,627.01,627.01,751.82,627.01,true,false,IN_BAND_DIFFERENCE,
FD-candidate,GRAND_PACIFIC,Suva,sedan,airport -> destination (arrival),one-way,day 10:00,none,319,283.75,283.75,283.75,283.75,283.75,true,false,MATCH,
FD-candidate,GRAND_PACIFIC,Suva,sedan,airport -> destination (arrival),one-way,night 23:00,none,319,283.75,283.75,283.75,339.7,283.75,true,false,IN_BAND_DIFFERENCE,
FD-candidate,GRAND_PACIFIC,Suva,sedan,airport -> destination (arrival),one-way,day 10:00,child seat,319,290.75,290.75,290.75,290.75,290.75,true,false,MATCH,
FD-candidate,GRAND_PACIFIC,Suva,sedan,airport -> destination (arrival),one-way,night 23:00,child seat,319,290.75,290.75,290.75,346.7,290.75,true,false,IN_BAND_DIFFERENCE,
FD-candidate,GRAND_PACIFIC,Suva,sedan,airport -> destination (arrival),return,day 10:00,none,319,524.29,524.29,524.29,524.29,524.29,true,false,MATCH,
FD-candidate,GRAND_PACIFIC,Suva,sedan,airport -> destination (arrival),return,night 23:00,none,319,524.29,524.29,524.29,628.75,524.29,true,false,IN_BAND_DIFFERENCE,
FD-candidate,GRAND_PACIFIC,Suva,sedan,airport -> destination (arrival),return,day 10:00,child seat,319,531.29,531.29,531.29,531.29,531.29,true,false,MATCH,
FD-candidate,GRAND_PACIFIC,Suva,sedan,airport -> destination (arrival),return,night 23:00,child seat,319,531.29,531.29,531.29,635.75,531.29,true,false,IN_BAND_DIFFERENCE,
FD-candidate,GRAND_PACIFIC,Suva,minivan,airport -> destination (arrival),one-way,day 10:00,none,369,321.92,321.92,321.92,321.92,321.92,true,false,MATCH,
FD-candidate,GRAND_PACIFIC,Suva,minivan,airport -> destination (arrival),one-way,night 23:00,none,369,321.92,321.92,321.92,386.5,321.92,true,false,IN_BAND_DIFFERENCE,
FD-candidate,GRAND_PACIFIC,Suva,minivan,airport -> destination (arrival),one-way,day 10:00,child seat,369,328.92,328.92,328.92,328.92,328.92,true,false,MATCH,
FD-candidate,GRAND_PACIFIC,Suva,minivan,airport -> destination (arrival),one-way,night 23:00,child seat,369,328.92,328.92,328.92,393.5,328.92,true,false,IN_BAND_DIFFERENCE,
FD-candidate,GRAND_PACIFIC,Suva,minivan,airport -> destination (arrival),return,day 10:00,none,369,596.15,596.15,596.15,596.15,596.15,true,false,MATCH,
FD-candidate,GRAND_PACIFIC,Suva,minivan,airport -> destination (arrival),return,night 23:00,none,369,596.15,596.15,596.15,715.58,596.15,true,false,IN_BAND_DIFFERENCE,
FD-candidate,GRAND_PACIFIC,Suva,minivan,airport -> destination (arrival),return,day 10:00,child seat,369,603.15,603.15,603.15,603.15,603.15,true,false,MATCH,
FD-candidate,GRAND_PACIFIC,Suva,minivan,airport -> destination (arrival),return,night 23:00,child seat,369,603.15,603.15,603.15,722.58,603.15,true,false,IN_BAND_DIFFERENCE,
FD-candidate,GRAND_PACIFIC,Suva,minibus,airport -> destination (arrival),one-way,day 10:00,none,499,445.75,445.75,445.75,445.75,445.75,true,false,MATCH,
FD-candidate,GRAND_PACIFIC,Suva,minibus,airport -> destination (arrival),one-way,night 23:00,none,499,445.75,445.75,445.75,534.7,445.75,true,false,IN_BAND_DIFFERENCE,
FD-candidate,GRAND_PACIFIC,Suva,minibus,airport -> destination (arrival),one-way,day 10:00,child seat,499,452.75,452.75,452.75,452.75,452.75,true,false,MATCH,
FD-candidate,GRAND_PACIFIC,Suva,minibus,airport -> destination (arrival),one-way,night 23:00,child seat,499,452.75,452.75,452.75,541.7,452.75,true,false,IN_BAND_DIFFERENCE,
FD-candidate,GRAND_PACIFIC,Suva,minibus,airport -> destination (arrival),return,day 10:00,none,499,823.29,823.29,823.29,823.29,823.29,true,false,MATCH,
FD-candidate,GRAND_PACIFIC,Suva,minibus,airport -> destination (arrival),return,night 23:00,none,499,823.29,823.29,823.29,988.35,823.29,true,false,IN_BAND_DIFFERENCE,
FD-candidate,GRAND_PACIFIC,Suva,minibus,airport -> destination (arrival),return,day 10:00,child seat,499,831.29,831.29,831.29,831.29,831.29,true,false,MATCH,
FD-candidate,GRAND_PACIFIC,Suva,minibus,airport -> destination (arrival),return,night 23:00,child seat,499,831.29,831.29,831.29,995.35,831.29,true,false,IN_BAND_DIFFERENCE,
FD-candidate,TANOA_PLAZA_SUVA,Suva,sedan,airport -> destination (arrival),one-way,day 10:00,none,319,283.75,283.75,283.75,283.75,283.75,true,false,MATCH,
FD-candidate,TANOA_PLAZA_SUVA,Suva,sedan,airport -> destination (arrival),one-way,night 23:00,none,319,283.75,283.75,283.75,339.7,283.75,true,false,IN_BAND_DIFFERENCE,
FD-candidate,TANOA_PLAZA_SUVA,Suva,sedan,airport -> destination (arrival),one-way,day 10:00,child seat,319,290.75,290.75,290.75,290.75,290.75,true,false,MATCH,
FD-candidate,TANOA_PLAZA_SUVA,Suva,sedan,airport -> destination (arrival),one-way,night 23:00,child seat,319,290.75,290.75,290.75,346.7,290.75,true,false,IN_BAND_DIFFERENCE,
FD-candidate,TANOA_PLAZA_SUVA,Suva,sedan,airport -> destination (arrival),return,day 10:00,none,319,524.29,524.29,524.29,524.29,524.29,true,false,MATCH,
FD-candidate,TANOA_PLAZA_SUVA,Suva,sedan,airport -> destination (arrival),return,night 23:00,none,319,524.29,524.29,524.29,628.75,524.29,true,false,IN_BAND_DIFFERENCE,
FD-candidate,TANOA_PLAZA_SUVA,Suva,sedan,airport -> destination (arrival),return,day 10:00,child seat,319,531.29,531.29,531.29,531.29,531.29,true,false,MATCH,
FD-candidate,TANOA_PLAZA_SUVA,Suva,sedan,airport -> destination (arrival),return,night 23:00,child seat,319,531.29,531.29,531.29,635.75,531.29,true,false,IN_BAND_DIFFERENCE,
FD-candidate,TANOA_PLAZA_SUVA,Suva,minivan,airport -> destination (arrival),one-way,day 10:00,none,369,321.92,321.92,321.92,321.92,321.92,true,false,MATCH,
FD-candidate,TANOA_PLAZA_SUVA,Suva,minivan,airport -> destination (arrival),one-way,night 23:00,none,369,321.92,321.92,321.92,386.5,321.92,true,false,IN_BAND_DIFFERENCE,
FD-candidate,TANOA_PLAZA_SUVA,Suva,minivan,airport -> destination (arrival),one-way,day 10:00,child seat,369,328.92,328.92,328.92,328.92,328.92,true,false,MATCH,
FD-candidate,TANOA_PLAZA_SUVA,Suva,minivan,airport -> destination (arrival),one-way,night 23:00,child seat,369,328.92,328.92,328.92,393.5,328.92,true,false,IN_BAND_DIFFERENCE,
FD-candidate,TANOA_PLAZA_SUVA,Suva,minivan,airport -> destination (arrival),return,day 10:00,none,369,596.15,596.15,596.15,596.15,596.15,true,false,MATCH,
FD-candidate,TANOA_PLAZA_SUVA,Suva,minivan,airport -> destination (arrival),return,night 23:00,none,369,596.15,596.15,596.15,715.58,596.15,true,false,IN_BAND_DIFFERENCE,
FD-candidate,TANOA_PLAZA_SUVA,Suva,minivan,airport -> destination (arrival),return,day 10:00,child seat,369,603.15,603.15,603.15,603.15,603.15,true,false,MATCH,
FD-candidate,TANOA_PLAZA_SUVA,Suva,minivan,airport -> destination (arrival),return,night 23:00,child seat,369,603.15,603.15,603.15,722.58,603.15,true,false,IN_BAND_DIFFERENCE,
FD-candidate,TANOA_PLAZA_SUVA,Suva,minibus,airport -> destination (arrival),one-way,day 10:00,none,499,445.75,445.75,445.75,445.75,445.75,true,false,MATCH,
FD-candidate,TANOA_PLAZA_SUVA,Suva,minibus,airport -> destination (arrival),one-way,night 23:00,none,499,445.75,445.75,445.75,534.7,445.75,true,false,IN_BAND_DIFFERENCE,
FD-candidate,TANOA_PLAZA_SUVA,Suva,minibus,airport -> destination (arrival),one-way,day 10:00,child seat,499,452.75,452.75,452.75,452.75,452.75,true,false,MATCH,
FD-candidate,TANOA_PLAZA_SUVA,Suva,minibus,airport -> destination (arrival),one-way,night 23:00,child seat,499,452.75,452.75,452.75,541.7,452.75,true,false,IN_BAND_DIFFERENCE,
FD-candidate,TANOA_PLAZA_SUVA,Suva,minibus,airport -> destination (arrival),return,day 10:00,none,499,823.29,823.29,823.29,823.29,823.29,true,false,MATCH,
FD-candidate,TANOA_PLAZA_SUVA,Suva,minibus,airport -> destination (arrival),return,night 23:00,none,499,823.29,823.29,823.29,988.35,823.29,true,false,IN_BAND_DIFFERENCE,
FD-candidate,TANOA_PLAZA_SUVA,Suva,minibus,airport -> destination (arrival),return,day 10:00,child seat,499,831.29,831.29,831.29,831.29,831.29,true,false,MATCH,
FD-candidate,TANOA_PLAZA_SUVA,Suva,minibus,airport -> destination (arrival),return,night 23:00,child seat,499,831.29,831.29,831.29,995.35,831.29,true,false,IN_BAND_DIFFERENCE,
FD-candidate,NAUSORI_AIRPORT,Nausori,sedan,airport -> destination (arrival),one-way,day 10:00,none,369,321.35,321.35,321.35,321.35,321.35,true,false,MATCH,
FD-candidate,NAUSORI_AIRPORT,Nausori,sedan,airport -> destination (arrival),one-way,night 23:00,none,369,321.35,321.35,321.35,385.82,321.35,true,false,IN_BAND_DIFFERENCE,
FD-candidate,NAUSORI_AIRPORT,Nausori,sedan,airport -> destination (arrival),one-way,day 10:00,child seat,369,328.35,328.35,328.35,328.35,328.35,true,false,MATCH,
FD-candidate,NAUSORI_AIRPORT,Nausori,sedan,airport -> destination (arrival),one-way,night 23:00,child seat,369,328.35,328.35,328.35,392.82,328.35,true,false,IN_BAND_DIFFERENCE,
FD-candidate,NAUSORI_AIRPORT,Nausori,sedan,airport -> destination (arrival),return,day 10:00,none,369,595.1,595.1,595.1,595.1,595.1,true,false,MATCH,
FD-candidate,NAUSORI_AIRPORT,Nausori,sedan,airport -> destination (arrival),return,night 23:00,none,369,595.1,595.1,595.1,714.32,595.1,true,false,IN_BAND_DIFFERENCE,
FD-candidate,NAUSORI_AIRPORT,Nausori,sedan,airport -> destination (arrival),return,day 10:00,child seat,369,602.1,602.1,602.1,602.1,602.1,true,false,MATCH,
FD-candidate,NAUSORI_AIRPORT,Nausori,sedan,airport -> destination (arrival),return,night 23:00,child seat,369,602.1,602.1,602.1,721.32,602.1,true,false,IN_BAND_DIFFERENCE,
FD-candidate,NAUSORI_AIRPORT,Nausori,minivan,airport -> destination (arrival),one-way,day 10:00,none,499,421.69,421.69,421.69,421.69,421.69,true,false,MATCH,
FD-candidate,NAUSORI_AIRPORT,Nausori,minivan,airport -> destination (arrival),one-way,night 23:00,none,499,421.69,421.69,421.69,506.43,421.69,true,false,IN_BAND_DIFFERENCE,
FD-candidate,NAUSORI_AIRPORT,Nausori,minivan,airport -> destination (arrival),one-way,day 10:00,child seat,499,428.69,428.69,428.69,428.69,428.69,true,false,MATCH,
FD-candidate,NAUSORI_AIRPORT,Nausori,minivan,airport -> destination (arrival),one-way,night 23:00,child seat,499,428.69,428.69,428.69,513.43,428.69,true,false,IN_BAND_DIFFERENCE,
FD-candidate,NAUSORI_AIRPORT,Nausori,minivan,airport -> destination (arrival),return,day 10:00,none,499,780.08,780.08,780.08,780.08,780.08,true,false,MATCH,
FD-candidate,NAUSORI_AIRPORT,Nausori,minivan,airport -> destination (arrival),return,night 23:00,none,499,780.08,780.08,780.08,936.49,780.08,true,false,IN_BAND_DIFFERENCE,
FD-candidate,NAUSORI_AIRPORT,Nausori,minivan,airport -> destination (arrival),return,day 10:00,child seat,499,787.08,787.08,787.08,787.08,787.08,true,false,MATCH,
FD-candidate,NAUSORI_AIRPORT,Nausori,minivan,airport -> destination (arrival),return,night 23:00,child seat,499,787.08,787.08,787.08,943.49,787.08,true,false,IN_BAND_DIFFERENCE,
FD-candidate,NAUSORI_AIRPORT,Nausori,minibus,airport -> destination (arrival),one-way,day 10:00,none,549,483.35,483.35,483.35,483.35,483.35,true,false,MATCH,
FD-candidate,NAUSORI_AIRPORT,Nausori,minibus,airport -> destination (arrival),one-way,night 23:00,none,549,483.35,483.35,483.35,580.82,483.35,true,false,IN_BAND_DIFFERENCE,
FD-candidate,NAUSORI_AIRPORT,Nausori,minibus,airport -> destination (arrival),one-way,day 10:00,child seat,549,490.35,490.35,490.35,490.35,490.35,true,false,MATCH,
FD-candidate,NAUSORI_AIRPORT,Nausori,minibus,airport -> destination (arrival),one-way,night 23:00,child seat,549,490.35,490.35,490.35,587.82,490.35,true,false,IN_BAND_DIFFERENCE,
FD-candidate,NAUSORI_AIRPORT,Nausori,minibus,airport -> destination (arrival),return,day 10:00,none,549,895.1,895.1,895.1,895.1,895.1,true,false,MATCH,
FD-candidate,NAUSORI_AIRPORT,Nausori,minibus,airport -> destination (arrival),return,night 23:00,none,549,895.1,895.1,895.1,1073.92,895.1,true,false,IN_BAND_DIFFERENCE,
FD-candidate,NAUSORI_AIRPORT,Nausori,minibus,airport -> destination (arrival),return,day 10:00,child seat,549,902.1,902.1,902.1,902.1,902.1,true,false,MATCH,
FD-candidate,NAUSORI_AIRPORT,Nausori,minibus,airport -> destination (arrival),return,night 23:00,child seat,549,902.1,902.1,902.1,1080.92,902.1,true,false,IN_BAND_DIFFERENCE,
FD-prod(8c6f920) lookup-down,NADI_DOWNTOWN,Nadi,sedan,airport -> destination (arrival),one-way,day 10:00,none,19,19,19,19,30.15,30.15,false,false,SILENT_SUBSTITUTION,
FD-prod(8c6f920) lookup-down,NADI_DOWNTOWN,Nadi,sedan,airport -> destination (arrival),one-way,night 23:00,none,19,25,25,25,36.18,36.18,false,false,SILENT_SUBSTITUTION,
FD-prod(8c6f920) lookup-down,NADI_DOWNTOWN,Nadi,sedan,airport -> destination (arrival),one-way,day 10:00,child seat,19,27,27,27,38.15,38.15,false,false,SILENT_SUBSTITUTION,
FD-prod(8c6f920) lookup-down,NADI_DOWNTOWN,Nadi,sedan,airport -> destination (arrival),one-way,night 23:00,child seat,19,33,33,33,44.18,44.18,false,false,SILENT_SUBSTITUTION,
FD-prod(8c6f920) lookup-down,NADI_DOWNTOWN,Nadi,sedan,airport -> destination (arrival),return,day 10:00,none,19,40,40,40,49.78,40,true,false,IN_BAND_DIFFERENCE,
FD-prod(8c6f920) lookup-down,NADI_DOWNTOWN,Nadi,sedan,airport -> destination (arrival),return,night 23:00,none,19,45,45,45,59.93,59.93,false,false,SILENT_SUBSTITUTION,
FD-prod(8c6f920) lookup-down,NADI_DOWNTOWN,Nadi,sedan,airport -> destination (arrival),return,day 10:00,child seat,19,48,48,48,57.78,48,true,false,IN_BAND_DIFFERENCE,
FD-prod(8c6f920) lookup-down,NADI_DOWNTOWN,Nadi,sedan,airport -> destination (arrival),return,night 23:00,child seat,19,48,48,48,67.93,67.93,false,false,SILENT_SUBSTITUTION,
FD-prod(8c6f920) lookup-down,NADI_DOWNTOWN,Nadi,minivan,airport -> destination (arrival),one-way,day 10:00,none,49,49,49,49,46.42,49,true,false,IN_BAND_DIFFERENCE,
FD-prod(8c6f920) lookup-down,NADI_DOWNTOWN,Nadi,minivan,airport -> destination (arrival),one-way,night 23:00,none,49,54,54,54,55.7,54,true,false,IN_BAND_DIFFERENCE,
FD-prod(8c6f920) lookup-down,NADI_DOWNTOWN,Nadi,minivan,airport -> destination (arrival),one-way,day 10:00,child seat,49,51,51,51,53.42,51,true,false,IN_BAND_DIFFERENCE,
FD-prod(8c6f920) lookup-down,NADI_DOWNTOWN,Nadi,minivan,airport -> destination (arrival),one-way,night 23:00,child seat,49,61,61,61,62.7,61,true,false,IN_BAND_DIFFERENCE,
FD-prod(8c6f920) lookup-down,NADI_DOWNTOWN,Nadi,minivan,airport -> destination (arrival),return,day 10:00,none,49,85,85,85,85.13,85,true,false,IN_BAND_DIFFERENCE,
FD-prod(8c6f920) lookup-down,NADI_DOWNTOWN,Nadi,minivan,airport -> destination (arrival),return,night 23:00,none,49,99,99,99,103.15,99,true,false,IN_BAND_DIFFERENCE,
FD-prod(8c6f920) lookup-down,NADI_DOWNTOWN,Nadi,minivan,airport -> destination (arrival),return,day 10:00,child seat,49,93,93,93,93.13,93,true,false,IN_BAND_DIFFERENCE,
FD-prod(8c6f920) lookup-down,NADI_DOWNTOWN,Nadi,minivan,airport -> destination (arrival),return,night 23:00,child seat,49,106,106,106,110.15,106,true,false,IN_BAND_DIFFERENCE,
FD-prod(8c6f920) lookup-down,NADI_DOWNTOWN,Nadi,minibus,airport -> destination (arrival),one-way,day 10:00,none,79,71,71,71,71.46,71,true,false,IN_BAND_DIFFERENCE,
FD-prod(8c6f920) lookup-down,NADI_DOWNTOWN,Nadi,minibus,airport -> destination (arrival),one-way,night 23:00,none,79,85,85,85,85.35,85,true,false,IN_BAND_DIFFERENCE,
FD-prod(8c6f920) lookup-down,NADI_DOWNTOWN,Nadi,minibus,airport -> destination (arrival),one-way,day 10:00,child seat,79,78,78,78,78.46,78,true,false,IN_BAND_DIFFERENCE,
FD-prod(8c6f920) lookup-down,NADI_DOWNTOWN,Nadi,minibus,airport -> destination (arrival),one-way,night 23:00,child seat,79,93,93,93,93.35,93,true,false,IN_BAND_DIFFERENCE,
FD-prod(8c6f920) lookup-down,NADI_DOWNTOWN,Nadi,minibus,airport -> destination (arrival),return,day 10:00,none,79,135,135,135,132,135,true,false,IN_BAND_DIFFERENCE,
FD-prod(8c6f920) lookup-down,NADI_DOWNTOWN,Nadi,minibus,airport -> destination (arrival),return,night 23:00,none,79,162,162,162,158.4,162,true,false,IN_BAND_DIFFERENCE,
FD-prod(8c6f920) lookup-down,NADI_DOWNTOWN,Nadi,minibus,airport -> destination (arrival),return,day 10:00,child seat,79,142,142,142,139,142,true,false,IN_BAND_DIFFERENCE,
FD-prod(8c6f920) lookup-down,NADI_DOWNTOWN,Nadi,minibus,airport -> destination (arrival),return,night 23:00,child seat,79,169,169,169,166.4,169,true,false,IN_BAND_DIFFERENCE,
FD-prod(8c6f920) lookup-down,TANOA_INTERNATIONAL,Nadi Airport,sedan,airport -> destination (arrival),one-way,day 10:00,none,15,15,15,15,,,,false,ZONE_NOT_IN_PRICING_DATA,
FD-prod(8c6f920) lookup-down,TANOA_INTERNATIONAL,Nadi Airport,sedan,airport -> destination (arrival),one-way,night 23:00,none,15,20,20,20,,,,false,ZONE_NOT_IN_PRICING_DATA,
FD-prod(8c6f920) lookup-down,TANOA_INTERNATIONAL,Nadi Airport,sedan,airport -> destination (arrival),one-way,day 10:00,child seat,15,23,23,23,,,,false,ZONE_NOT_IN_PRICING_DATA,
FD-prod(8c6f920) lookup-down,TANOA_INTERNATIONAL,Nadi Airport,sedan,airport -> destination (arrival),one-way,night 23:00,child seat,15,28,28,28,,,,false,ZONE_NOT_IN_PRICING_DATA,
FD-prod(8c6f920) lookup-down,TANOA_INTERNATIONAL,Nadi Airport,sedan,airport -> destination (arrival),return,day 10:00,none,15,30,30,30,,,,false,ZONE_NOT_IN_PRICING_DATA,
FD-prod(8c6f920) lookup-down,TANOA_INTERNATIONAL,Nadi Airport,sedan,airport -> destination (arrival),return,night 23:00,none,15,35,35,35,,,,false,ZONE_NOT_IN_PRICING_DATA,
FD-prod(8c6f920) lookup-down,TANOA_INTERNATIONAL,Nadi Airport,sedan,airport -> destination (arrival),return,day 10:00,child seat,15,38,38,38,,,,false,ZONE_NOT_IN_PRICING_DATA,
FD-prod(8c6f920) lookup-down,TANOA_INTERNATIONAL,Nadi Airport,sedan,airport -> destination (arrival),return,night 23:00,child seat,15,43,43,43,,,,false,ZONE_NOT_IN_PRICING_DATA,
FD-prod(8c6f920) lookup-down,TANOA_INTERNATIONAL,Nadi Airport,minivan,airport -> destination (arrival),one-way,day 10:00,none,25,25,25,25,,,,false,ZONE_NOT_IN_PRICING_DATA,
FD-prod(8c6f920) lookup-down,TANOA_INTERNATIONAL,Nadi Airport,minivan,airport -> destination (arrival),one-way,night 23:00,none,25,30,30,30,,,,false,ZONE_NOT_IN_PRICING_DATA,
FD-prod(8c6f920) lookup-down,TANOA_INTERNATIONAL,Nadi Airport,minivan,airport -> destination (arrival),one-way,day 10:00,child seat,25,33,33,33,,,,false,ZONE_NOT_IN_PRICING_DATA,
FD-prod(8c6f920) lookup-down,TANOA_INTERNATIONAL,Nadi Airport,minivan,airport -> destination (arrival),one-way,night 23:00,child seat,25,38,38,38,,,,false,ZONE_NOT_IN_PRICING_DATA,
FD-prod(8c6f920) lookup-down,TANOA_INTERNATIONAL,Nadi Airport,minivan,airport -> destination (arrival),return,day 10:00,none,25,50,50,50,,,,false,ZONE_NOT_IN_PRICING_DATA,
FD-prod(8c6f920) lookup-down,TANOA_INTERNATIONAL,Nadi Airport,minivan,airport -> destination (arrival),return,night 23:00,none,25,54,54,54,,,,false,ZONE_NOT_IN_PRICING_DATA,
FD-prod(8c6f920) lookup-down,TANOA_INTERNATIONAL,Nadi Airport,minivan,airport -> destination (arrival),return,day 10:00,child seat,25,52,52,52,,,,false,ZONE_NOT_IN_PRICING_DATA,
FD-prod(8c6f920) lookup-down,TANOA_INTERNATIONAL,Nadi Airport,minivan,airport -> destination (arrival),return,night 23:00,child seat,25,61,61,61,,,,false,ZONE_NOT_IN_PRICING_DATA,
FD-prod(8c6f920) lookup-down,TANOA_INTERNATIONAL,Nadi Airport,minibus,airport -> destination (arrival),one-way,day 10:00,none,45,45,45,45,,,,false,ZONE_NOT_IN_PRICING_DATA,
FD-prod(8c6f920) lookup-down,TANOA_INTERNATIONAL,Nadi Airport,minibus,airport -> destination (arrival),one-way,night 23:00,none,45,49,49,49,,,,false,ZONE_NOT_IN_PRICING_DATA,
FD-prod(8c6f920) lookup-down,TANOA_INTERNATIONAL,Nadi Airport,minibus,airport -> destination (arrival),one-way,day 10:00,child seat,45,48,48,48,,,,false,ZONE_NOT_IN_PRICING_DATA,
FD-prod(8c6f920) lookup-down,TANOA_INTERNATIONAL,Nadi Airport,minibus,airport -> destination (arrival),one-way,night 23:00,child seat,45,57,57,57,,,,false,ZONE_NOT_IN_PRICING_DATA,
FD-prod(8c6f920) lookup-down,TANOA_INTERNATIONAL,Nadi Airport,minibus,airport -> destination (arrival),return,day 10:00,none,45,76,76,76,,,,false,ZONE_NOT_IN_PRICING_DATA,
FD-prod(8c6f920) lookup-down,TANOA_INTERNATIONAL,Nadi Airport,minibus,airport -> destination (arrival),return,night 23:00,none,45,90,90,90,,,,false,ZONE_NOT_IN_PRICING_DATA,
FD-prod(8c6f920) lookup-down,TANOA_INTERNATIONAL,Nadi Airport,minibus,airport -> destination (arrival),return,day 10:00,child seat,45,84,84,84,,,,false,ZONE_NOT_IN_PRICING_DATA,
FD-prod(8c6f920) lookup-down,TANOA_INTERNATIONAL,Nadi Airport,minibus,airport -> destination (arrival),return,night 23:00,child seat,45,97,97,97,,,,false,ZONE_NOT_IN_PRICING_DATA,
FD-prod(8c6f920) lookup-down,MERCURE_NADI,Nadi,sedan,airport -> destination (arrival),one-way,day 10:00,none,19,19,19,19,30.15,30.15,false,false,SILENT_SUBSTITUTION,
FD-prod(8c6f920) lookup-down,MERCURE_NADI,Nadi,sedan,airport -> destination (arrival),one-way,night 23:00,none,19,25,25,25,36.18,36.18,false,false,SILENT_SUBSTITUTION,
FD-prod(8c6f920) lookup-down,MERCURE_NADI,Nadi,sedan,airport -> destination (arrival),one-way,day 10:00,child seat,19,27,27,27,38.15,38.15,false,false,SILENT_SUBSTITUTION,
FD-prod(8c6f920) lookup-down,MERCURE_NADI,Nadi,sedan,airport -> destination (arrival),one-way,night 23:00,child seat,19,33,33,33,44.18,44.18,false,false,SILENT_SUBSTITUTION,
FD-prod(8c6f920) lookup-down,MERCURE_NADI,Nadi,sedan,airport -> destination (arrival),return,day 10:00,none,19,40,40,40,49.78,40,true,false,IN_BAND_DIFFERENCE,
FD-prod(8c6f920) lookup-down,MERCURE_NADI,Nadi,sedan,airport -> destination (arrival),return,night 23:00,none,19,45,45,45,59.93,59.93,false,false,SILENT_SUBSTITUTION,
FD-prod(8c6f920) lookup-down,MERCURE_NADI,Nadi,sedan,airport -> destination (arrival),return,day 10:00,child seat,19,48,48,48,57.78,48,true,false,IN_BAND_DIFFERENCE,
FD-prod(8c6f920) lookup-down,MERCURE_NADI,Nadi,sedan,airport -> destination (arrival),return,night 23:00,child seat,19,48,48,48,67.93,67.93,false,false,SILENT_SUBSTITUTION,
FD-prod(8c6f920) lookup-down,MERCURE_NADI,Nadi,minivan,airport -> destination (arrival),one-way,day 10:00,none,49,49,49,49,46.42,49,true,false,IN_BAND_DIFFERENCE,
FD-prod(8c6f920) lookup-down,MERCURE_NADI,Nadi,minivan,airport -> destination (arrival),one-way,night 23:00,none,49,54,54,54,55.7,54,true,false,IN_BAND_DIFFERENCE,
FD-prod(8c6f920) lookup-down,MERCURE_NADI,Nadi,minivan,airport -> destination (arrival),one-way,day 10:00,child seat,49,51,51,51,53.42,51,true,false,IN_BAND_DIFFERENCE,
FD-prod(8c6f920) lookup-down,MERCURE_NADI,Nadi,minivan,airport -> destination (arrival),one-way,night 23:00,child seat,49,61,61,61,62.7,61,true,false,IN_BAND_DIFFERENCE,
FD-prod(8c6f920) lookup-down,MERCURE_NADI,Nadi,minivan,airport -> destination (arrival),return,day 10:00,none,49,85,85,85,85.13,85,true,false,IN_BAND_DIFFERENCE,
FD-prod(8c6f920) lookup-down,MERCURE_NADI,Nadi,minivan,airport -> destination (arrival),return,night 23:00,none,49,99,99,99,103.15,99,true,false,IN_BAND_DIFFERENCE,
FD-prod(8c6f920) lookup-down,MERCURE_NADI,Nadi,minivan,airport -> destination (arrival),return,day 10:00,child seat,49,93,93,93,93.13,93,true,false,IN_BAND_DIFFERENCE,
FD-prod(8c6f920) lookup-down,MERCURE_NADI,Nadi,minivan,airport -> destination (arrival),return,night 23:00,child seat,49,106,106,106,110.15,106,true,false,IN_BAND_DIFFERENCE,
FD-prod(8c6f920) lookup-down,MERCURE_NADI,Nadi,minibus,airport -> destination (arrival),one-way,day 10:00,none,79,71,71,71,71.46,71,true,false,IN_BAND_DIFFERENCE,
FD-prod(8c6f920) lookup-down,MERCURE_NADI,Nadi,minibus,airport -> destination (arrival),one-way,night 23:00,none,79,85,85,85,85.35,85,true,false,IN_BAND_DIFFERENCE,
FD-prod(8c6f920) lookup-down,MERCURE_NADI,Nadi,minibus,airport -> destination (arrival),one-way,day 10:00,child seat,79,78,78,78,78.46,78,true,false,IN_BAND_DIFFERENCE,
FD-prod(8c6f920) lookup-down,MERCURE_NADI,Nadi,minibus,airport -> destination (arrival),one-way,night 23:00,child seat,79,93,93,93,93.35,93,true,false,IN_BAND_DIFFERENCE,
FD-prod(8c6f920) lookup-down,MERCURE_NADI,Nadi,minibus,airport -> destination (arrival),return,day 10:00,none,79,135,135,135,132,135,true,false,IN_BAND_DIFFERENCE,
FD-prod(8c6f920) lookup-down,MERCURE_NADI,Nadi,minibus,airport -> destination (arrival),return,night 23:00,none,79,162,162,162,158.4,162,true,false,IN_BAND_DIFFERENCE,
FD-prod(8c6f920) lookup-down,MERCURE_NADI,Nadi,minibus,airport -> destination (arrival),return,day 10:00,child seat,79,142,142,142,139,142,true,false,IN_BAND_DIFFERENCE,
FD-prod(8c6f920) lookup-down,MERCURE_NADI,Nadi,minibus,airport -> destination (arrival),return,night 23:00,child seat,79,169,169,169,166.4,169,true,false,IN_BAND_DIFFERENCE,
FD-prod(8c6f920) lookup-down,WAILOALOA_BEACH,Wailoaloa,sedan,airport -> destination (arrival),one-way,day 10:00,none,39,39,39,39,30.36,39,true,false,IN_BAND_DIFFERENCE,
FD-prod(8c6f920) lookup-down,WAILOALOA_BEACH,Wailoaloa,sedan,airport -> destination (arrival),one-way,night 23:00,none,39,50,50,50,36.43,36.43,false,false,SILENT_SUBSTITUTION,
FD-prod(8c6f920) lookup-down,WAILOALOA_BEACH,Wailoaloa,sedan,airport -> destination (arrival),one-way,day 10:00,child seat,39,47,47,47,38.36,47,true,false,IN_BAND_DIFFERENCE,
FD-prod(8c6f920) lookup-down,WAILOALOA_BEACH,Wailoaloa,sedan,airport -> destination (arrival),one-way,night 23:00,child seat,39,52,52,52,44.43,52,true,false,IN_BAND_DIFFERENCE,
FD-prod(8c6f920) lookup-down,WAILOALOA_BEACH,Wailoaloa,sedan,airport -> destination (arrival),return,day 10:00,none,39,67,67,67,50.17,50.17,false,false,SILENT_SUBSTITUTION,
FD-prod(8c6f920) lookup-down,WAILOALOA_BEACH,Wailoaloa,sedan,airport -> destination (arrival),return,night 23:00,none,39,81,81,81,60.4,60.4,false,false,SILENT_SUBSTITUTION,
FD-prod(8c6f920) lookup-down,WAILOALOA_BEACH,Wailoaloa,sedan,airport -> destination (arrival),return,day 10:00,child seat,39,75,75,75,58.17,75,true,false,IN_BAND_DIFFERENCE,
FD-prod(8c6f920) lookup-down,WAILOALOA_BEACH,Wailoaloa,sedan,airport -> destination (arrival),return,night 23:00,child seat,39,88,88,88,67.4,67.4,false,false,SILENT_SUBSTITUTION,
FD-prod(8c6f920) lookup-down,WAILOALOA_BEACH,Wailoaloa,minivan,airport -> destination (arrival),one-way,day 10:00,none,59,53,53,53,46.63,53,true,false,IN_BAND_DIFFERENCE,
FD-prod(8c6f920) lookup-down,WAILOALOA_BEACH,Wailoaloa,minivan,airport -> destination (arrival),one-way,night 23:00,none,59,67,67,67,55.96,67,true,false,IN_BAND_DIFFERENCE,
FD-prod(8c6f920) lookup-down,WAILOALOA_BEACH,Wailoaloa,minivan,airport -> destination (arrival),one-way,day 10:00,child seat,59,60,60,60,53.63,60,true,false,IN_BAND_DIFFERENCE,
FD-prod(8c6f920) lookup-down,WAILOALOA_BEACH,Wailoaloa,minivan,airport -> destination (arrival),one-way,night 23:00,child seat,59,75,75,75,62.96,75,true,false,IN_BAND_DIFFERENCE,
FD-prod(8c6f920) lookup-down,WAILOALOA_BEACH,Wailoaloa,minivan,airport -> destination (arrival),return,day 10:00,none,59,99,99,99,85.52,99,true,false,IN_BAND_DIFFERENCE,
FD-prod(8c6f920) lookup-down,WAILOALOA_BEACH,Wailoaloa,minivan,airport -> destination (arrival),return,night 23:00,none,59,121,121,121,103.62,121,true,false,IN_BAND_DIFFERENCE,
FD-prod(8c6f920) lookup-down,WAILOALOA_BEACH,Wailoaloa,minivan,airport -> destination (arrival),return,day 10:00,child seat,59,106,106,106,93.52,106,true,false,IN_BAND_DIFFERENCE,
FD-prod(8c6f920) lookup-down,WAILOALOA_BEACH,Wailoaloa,minivan,airport -> destination (arrival),return,night 23:00,child seat,59,129,129,129,110.62,129,true,false,IN_BAND_DIFFERENCE,
FD-prod(8c6f920) lookup-down,WAILOALOA_BEACH,Wailoaloa,minibus,airport -> destination (arrival),one-way,day 10:00,none,89,80,80,80,71.7,80,true,false,IN_BAND_DIFFERENCE,
FD-prod(8c6f920) lookup-down,WAILOALOA_BEACH,Wailoaloa,minibus,airport -> destination (arrival),one-way,night 23:00,none,89,99,99,99,85.64,99,true,false,IN_BAND_DIFFERENCE,
FD-prod(8c6f920) lookup-down,WAILOALOA_BEACH,Wailoaloa,minibus,airport -> destination (arrival),one-way,day 10:00,child seat,89,87,87,87,78.7,87,true,false,IN_BAND_DIFFERENCE,
FD-prod(8c6f920) lookup-down,WAILOALOA_BEACH,Wailoaloa,minibus,airport -> destination (arrival),one-way,night 23:00,child seat,89,106,106,106,93.64,106,true,false,IN_BAND_DIFFERENCE,
FD-prod(8c6f920) lookup-down,WAILOALOA_BEACH,Wailoaloa,minibus,airport -> destination (arrival),return,day 10:00,none,89,148,148,148,132.45,148,true,false,IN_BAND_DIFFERENCE,
FD-prod(8c6f920) lookup-down,WAILOALOA_BEACH,Wailoaloa,minibus,airport -> destination (arrival),return,night 23:00,none,89,180,180,180,158.93,180,true,false,IN_BAND_DIFFERENCE,
FD-prod(8c6f920) lookup-down,WAILOALOA_BEACH,Wailoaloa,minibus,airport -> destination (arrival),return,day 10:00,child seat,89,156,156,156,139.45,156,true,false,IN_BAND_DIFFERENCE,
FD-prod(8c6f920) lookup-down,WAILOALOA_BEACH,Wailoaloa,minibus,airport -> destination (arrival),return,night 23:00,child seat,89,187,187,187,166.93,187,true,false,IN_BAND_DIFFERENCE,
FD-prod(8c6f920) lookup-down,CROWNE_PLAZA_NADI_BAY,Wailoaloa,sedan,airport -> destination (arrival),one-way,day 10:00,none,39,39,39,39,30.36,39,true,false,IN_BAND_DIFFERENCE,
FD-prod(8c6f920) lookup-down,CROWNE_PLAZA_NADI_BAY,Wailoaloa,sedan,airport -> destination (arrival),one-way,night 23:00,none,39,50,50,50,36.43,36.43,false,false,SILENT_SUBSTITUTION,
FD-prod(8c6f920) lookup-down,CROWNE_PLAZA_NADI_BAY,Wailoaloa,sedan,airport -> destination (arrival),one-way,day 10:00,child seat,39,47,47,47,38.36,47,true,false,IN_BAND_DIFFERENCE,
FD-prod(8c6f920) lookup-down,CROWNE_PLAZA_NADI_BAY,Wailoaloa,sedan,airport -> destination (arrival),one-way,night 23:00,child seat,39,52,52,52,44.43,52,true,false,IN_BAND_DIFFERENCE,
FD-prod(8c6f920) lookup-down,CROWNE_PLAZA_NADI_BAY,Wailoaloa,sedan,airport -> destination (arrival),return,day 10:00,none,39,67,67,67,50.17,50.17,false,false,SILENT_SUBSTITUTION,
FD-prod(8c6f920) lookup-down,CROWNE_PLAZA_NADI_BAY,Wailoaloa,sedan,airport -> destination (arrival),return,night 23:00,none,39,81,81,81,60.4,60.4,false,false,SILENT_SUBSTITUTION,
FD-prod(8c6f920) lookup-down,CROWNE_PLAZA_NADI_BAY,Wailoaloa,sedan,airport -> destination (arrival),return,day 10:00,child seat,39,75,75,75,58.17,75,true,false,IN_BAND_DIFFERENCE,
FD-prod(8c6f920) lookup-down,CROWNE_PLAZA_NADI_BAY,Wailoaloa,sedan,airport -> destination (arrival),return,night 23:00,child seat,39,88,88,88,67.4,67.4,false,false,SILENT_SUBSTITUTION,
FD-prod(8c6f920) lookup-down,CROWNE_PLAZA_NADI_BAY,Wailoaloa,minivan,airport -> destination (arrival),one-way,day 10:00,none,59,53,53,53,46.63,53,true,false,IN_BAND_DIFFERENCE,
FD-prod(8c6f920) lookup-down,CROWNE_PLAZA_NADI_BAY,Wailoaloa,minivan,airport -> destination (arrival),one-way,night 23:00,none,59,67,67,67,55.96,67,true,false,IN_BAND_DIFFERENCE,
FD-prod(8c6f920) lookup-down,CROWNE_PLAZA_NADI_BAY,Wailoaloa,minivan,airport -> destination (arrival),one-way,day 10:00,child seat,59,60,60,60,53.63,60,true,false,IN_BAND_DIFFERENCE,
FD-prod(8c6f920) lookup-down,CROWNE_PLAZA_NADI_BAY,Wailoaloa,minivan,airport -> destination (arrival),one-way,night 23:00,child seat,59,75,75,75,62.96,75,true,false,IN_BAND_DIFFERENCE,
FD-prod(8c6f920) lookup-down,CROWNE_PLAZA_NADI_BAY,Wailoaloa,minivan,airport -> destination (arrival),return,day 10:00,none,59,99,99,99,85.52,99,true,false,IN_BAND_DIFFERENCE,
FD-prod(8c6f920) lookup-down,CROWNE_PLAZA_NADI_BAY,Wailoaloa,minivan,airport -> destination (arrival),return,night 23:00,none,59,121,121,121,103.62,121,true,false,IN_BAND_DIFFERENCE,
FD-prod(8c6f920) lookup-down,CROWNE_PLAZA_NADI_BAY,Wailoaloa,minivan,airport -> destination (arrival),return,day 10:00,child seat,59,106,106,106,93.52,106,true,false,IN_BAND_DIFFERENCE,
FD-prod(8c6f920) lookup-down,CROWNE_PLAZA_NADI_BAY,Wailoaloa,minivan,airport -> destination (arrival),return,night 23:00,child seat,59,129,129,129,110.62,129,true,false,IN_BAND_DIFFERENCE,
FD-prod(8c6f920) lookup-down,CROWNE_PLAZA_NADI_BAY,Wailoaloa,minibus,airport -> destination (arrival),one-way,day 10:00,none,89,80,80,80,71.7,80,true,false,IN_BAND_DIFFERENCE,
FD-prod(8c6f920) lookup-down,CROWNE_PLAZA_NADI_BAY,Wailoaloa,minibus,airport -> destination (arrival),one-way,night 23:00,none,89,99,99,99,85.64,99,true,false,IN_BAND_DIFFERENCE,
FD-prod(8c6f920) lookup-down,CROWNE_PLAZA_NADI_BAY,Wailoaloa,minibus,airport -> destination (arrival),one-way,day 10:00,child seat,89,87,87,87,78.7,87,true,false,IN_BAND_DIFFERENCE,
FD-prod(8c6f920) lookup-down,CROWNE_PLAZA_NADI_BAY,Wailoaloa,minibus,airport -> destination (arrival),one-way,night 23:00,child seat,89,106,106,106,93.64,106,true,false,IN_BAND_DIFFERENCE,
FD-prod(8c6f920) lookup-down,CROWNE_PLAZA_NADI_BAY,Wailoaloa,minibus,airport -> destination (arrival),return,day 10:00,none,89,148,148,148,132.45,148,true,false,IN_BAND_DIFFERENCE,
FD-prod(8c6f920) lookup-down,CROWNE_PLAZA_NADI_BAY,Wailoaloa,minibus,airport -> destination (arrival),return,night 23:00,none,89,180,180,180,158.93,180,true,false,IN_BAND_DIFFERENCE,
FD-prod(8c6f920) lookup-down,CROWNE_PLAZA_NADI_BAY,Wailoaloa,minibus,airport -> destination (arrival),return,day 10:00,child seat,89,156,156,156,139.45,156,true,false,IN_BAND_DIFFERENCE,
FD-prod(8c6f920) lookup-down,CROWNE_PLAZA_NADI_BAY,Wailoaloa,minibus,airport -> destination (arrival),return,night 23:00,child seat,89,187,187,187,166.93,187,true,false,IN_BAND_DIFFERENCE,
FD-prod(8c6f920) lookup-down,HILTON_DENARAU,Denarau,sedan,airport -> destination (arrival),one-way,day 10:00,none,49,49,49,49,47.87,49,true,false,IN_BAND_DIFFERENCE,
FD-prod(8c6f920) lookup-down,HILTON_DENARAU,Denarau,sedan,airport -> destination (arrival),one-way,night 23:00,none,49,54,54,54,51.44,54,true,false,IN_BAND_DIFFERENCE,
FD-prod(8c6f920) lookup-down,HILTON_DENARAU,Denarau,sedan,airport -> destination (arrival),one-way,day 10:00,child seat,49,51,51,51,49.87,51,true,false,IN_BAND_DIFFERENCE,
FD-prod(8c6f920) lookup-down,HILTON_DENARAU,Denarau,sedan,airport -> destination (arrival),one-way,night 23:00,child seat,49,61,61,61,58.44,61,true,false,IN_BAND_DIFFERENCE,
FD-prod(8c6f920) lookup-down,HILTON_DENARAU,Denarau,sedan,airport -> destination (arrival),return,day 10:00,none,49,85,85,85,79.56,85,true,false,IN_BAND_DIFFERENCE,
FD-prod(8c6f920) lookup-down,HILTON_DENARAU,Denarau,sedan,airport -> destination (arrival),return,night 23:00,none,49,99,99,99,95.27,99,true,false,IN_BAND_DIFFERENCE,
FD-prod(8c6f920) lookup-down,HILTON_DENARAU,Denarau,sedan,airport -> destination (arrival),return,day 10:00,child seat,49,93,93,93,86.56,93,true,false,IN_BAND_DIFFERENCE,
FD-prod(8c6f920) lookup-down,HILTON_DENARAU,Denarau,sedan,airport -> destination (arrival),return,night 23:00,child seat,49,106,106,106,103.27,106,true,false,IN_BAND_DIFFERENCE,
FD-prod(8c6f920) lookup-down,HILTON_DENARAU,Denarau,minivan,airport -> destination (arrival),one-way,day 10:00,none,69,62,62,62,62.08,62,true,false,IN_BAND_DIFFERENCE,
FD-prod(8c6f920) lookup-down,HILTON_DENARAU,Denarau,minivan,airport -> destination (arrival),one-way,night 23:00,none,69,76,76,76,74.9,76,true,false,IN_BAND_DIFFERENCE,
FD-prod(8c6f920) lookup-down,HILTON_DENARAU,Denarau,minivan,airport -> destination (arrival),one-way,day 10:00,child seat,69,69,69,69,69.08,69,true,false,IN_BAND_DIFFERENCE,
FD-prod(8c6f920) lookup-down,HILTON_DENARAU,Denarau,minivan,airport -> destination (arrival),one-way,night 23:00,child seat,69,84,84,84,81.9,84,true,false,IN_BAND_DIFFERENCE,
FD-prod(8c6f920) lookup-down,HILTON_DENARAU,Denarau,minivan,airport -> destination (arrival),return,day 10:00,none,69,117,117,117,114.8,117,true,false,IN_BAND_DIFFERENCE,
FD-prod(8c6f920) lookup-down,HILTON_DENARAU,Denarau,minivan,airport -> destination (arrival),return,night 23:00,none,69,139,139,139,138.36,139,true,false,IN_BAND_DIFFERENCE,
FD-prod(8c6f920) lookup-down,HILTON_DENARAU,Denarau,minivan,airport -> destination (arrival),return,day 10:00,child seat,69,124,124,124,121.8,124,true,false,IN_BAND_DIFFERENCE,
FD-prod(8c6f920) lookup-down,HILTON_DENARAU,Denarau,minivan,airport -> destination (arrival),return,night 23:00,child seat,69,147,147,147,145.36,147,true,false,IN_BAND_DIFFERENCE,
FD-prod(8c6f920) lookup-down,HILTON_DENARAU,Denarau,minibus,airport -> destination (arrival),one-way,day 10:00,none,99,89,89,89,89.84,89,true,false,IN_BAND_DIFFERENCE,
FD-prod(8c6f920) lookup-down,HILTON_DENARAU,Denarau,minibus,airport -> destination (arrival),one-way,night 23:00,none,99,108,108,108,107.81,108,true,false,IN_BAND_DIFFERENCE,
FD-prod(8c6f920) lookup-down,HILTON_DENARAU,Denarau,minibus,airport -> destination (arrival),one-way,day 10:00,child seat,99,96,96,96,96.84,96,true,false,IN_BAND_DIFFERENCE,
FD-prod(8c6f920) lookup-down,HILTON_DENARAU,Denarau,minibus,airport -> destination (arrival),one-way,night 23:00,child seat,99,115,115,115,114.81,115,true,false,IN_BAND_DIFFERENCE,
FD-prod(8c6f920) lookup-down,HILTON_DENARAU,Denarau,minibus,airport -> destination (arrival),return,day 10:00,none,99,166,166,166,166.7,166,true,false,IN_BAND_DIFFERENCE,
FD-prod(8c6f920) lookup-down,HILTON_DENARAU,Denarau,minibus,airport -> destination (arrival),return,night 23:00,none,99,198,198,198,199.64,198,true,false,IN_BAND_DIFFERENCE,
FD-prod(8c6f920) lookup-down,HILTON_DENARAU,Denarau,minibus,airport -> destination (arrival),return,day 10:00,child seat,99,174,174,174,173.7,174,true,false,IN_BAND_DIFFERENCE,
FD-prod(8c6f920) lookup-down,HILTON_DENARAU,Denarau,minibus,airport -> destination (arrival),return,night 23:00,child seat,99,205,205,205,206.64,205,true,false,IN_BAND_DIFFERENCE,
FD-prod(8c6f920) lookup-down,SOFITEL_DENARAU,Denarau,sedan,airport -> destination (arrival),one-way,day 10:00,none,49,49,49,49,47.87,49,true,false,IN_BAND_DIFFERENCE,
FD-prod(8c6f920) lookup-down,SOFITEL_DENARAU,Denarau,sedan,airport -> destination (arrival),one-way,night 23:00,none,49,54,54,54,51.44,54,true,false,IN_BAND_DIFFERENCE,
FD-prod(8c6f920) lookup-down,SOFITEL_DENARAU,Denarau,sedan,airport -> destination (arrival),one-way,day 10:00,child seat,49,51,51,51,49.87,51,true,false,IN_BAND_DIFFERENCE,
FD-prod(8c6f920) lookup-down,SOFITEL_DENARAU,Denarau,sedan,airport -> destination (arrival),one-way,night 23:00,child seat,49,61,61,61,58.44,61,true,false,IN_BAND_DIFFERENCE,
FD-prod(8c6f920) lookup-down,SOFITEL_DENARAU,Denarau,sedan,airport -> destination (arrival),return,day 10:00,none,49,85,85,85,79.56,85,true,false,IN_BAND_DIFFERENCE,
FD-prod(8c6f920) lookup-down,SOFITEL_DENARAU,Denarau,sedan,airport -> destination (arrival),return,night 23:00,none,49,99,99,99,95.27,99,true,false,IN_BAND_DIFFERENCE,
FD-prod(8c6f920) lookup-down,SOFITEL_DENARAU,Denarau,sedan,airport -> destination (arrival),return,day 10:00,child seat,49,93,93,93,86.56,93,true,false,IN_BAND_DIFFERENCE,
FD-prod(8c6f920) lookup-down,SOFITEL_DENARAU,Denarau,sedan,airport -> destination (arrival),return,night 23:00,child seat,49,106,106,106,103.27,106,true,false,IN_BAND_DIFFERENCE,
FD-prod(8c6f920) lookup-down,SOFITEL_DENARAU,Denarau,minivan,airport -> destination (arrival),one-way,day 10:00,none,69,62,62,62,62.08,62,true,false,IN_BAND_DIFFERENCE,
FD-prod(8c6f920) lookup-down,SOFITEL_DENARAU,Denarau,minivan,airport -> destination (arrival),one-way,night 23:00,none,69,76,76,76,74.9,76,true,false,IN_BAND_DIFFERENCE,
FD-prod(8c6f920) lookup-down,SOFITEL_DENARAU,Denarau,minivan,airport -> destination (arrival),one-way,day 10:00,child seat,69,69,69,69,69.08,69,true,false,IN_BAND_DIFFERENCE,
FD-prod(8c6f920) lookup-down,SOFITEL_DENARAU,Denarau,minivan,airport -> destination (arrival),one-way,night 23:00,child seat,69,84,84,84,81.9,84,true,false,IN_BAND_DIFFERENCE,
FD-prod(8c6f920) lookup-down,SOFITEL_DENARAU,Denarau,minivan,airport -> destination (arrival),return,day 10:00,none,69,117,117,117,114.8,117,true,false,IN_BAND_DIFFERENCE,
FD-prod(8c6f920) lookup-down,SOFITEL_DENARAU,Denarau,minivan,airport -> destination (arrival),return,night 23:00,none,69,139,139,139,138.36,139,true,false,IN_BAND_DIFFERENCE,
FD-prod(8c6f920) lookup-down,SOFITEL_DENARAU,Denarau,minivan,airport -> destination (arrival),return,day 10:00,child seat,69,124,124,124,121.8,124,true,false,IN_BAND_DIFFERENCE,
FD-prod(8c6f920) lookup-down,SOFITEL_DENARAU,Denarau,minivan,airport -> destination (arrival),return,night 23:00,child seat,69,147,147,147,145.36,147,true,false,IN_BAND_DIFFERENCE,
FD-prod(8c6f920) lookup-down,SOFITEL_DENARAU,Denarau,minibus,airport -> destination (arrival),one-way,day 10:00,none,99,89,89,89,89.84,89,true,false,IN_BAND_DIFFERENCE,
FD-prod(8c6f920) lookup-down,SOFITEL_DENARAU,Denarau,minibus,airport -> destination (arrival),one-way,night 23:00,none,99,108,108,108,107.81,108,true,false,IN_BAND_DIFFERENCE,
FD-prod(8c6f920) lookup-down,SOFITEL_DENARAU,Denarau,minibus,airport -> destination (arrival),one-way,day 10:00,child seat,99,96,96,96,96.84,96,true,false,IN_BAND_DIFFERENCE,
FD-prod(8c6f920) lookup-down,SOFITEL_DENARAU,Denarau,minibus,airport -> destination (arrival),one-way,night 23:00,child seat,99,115,115,115,114.81,115,true,false,IN_BAND_DIFFERENCE,
FD-prod(8c6f920) lookup-down,SOFITEL_DENARAU,Denarau,minibus,airport -> destination (arrival),return,day 10:00,none,99,166,166,166,166.7,166,true,false,IN_BAND_DIFFERENCE,
FD-prod(8c6f920) lookup-down,SOFITEL_DENARAU,Denarau,minibus,airport -> destination (arrival),return,night 23:00,none,99,198,198,198,199.64,198,true,false,IN_BAND_DIFFERENCE,
FD-prod(8c6f920) lookup-down,SOFITEL_DENARAU,Denarau,minibus,airport -> destination (arrival),return,day 10:00,child seat,99,174,174,174,173.7,174,true,false,IN_BAND_DIFFERENCE,
FD-prod(8c6f920) lookup-down,SOFITEL_DENARAU,Denarau,minibus,airport -> destination (arrival),return,night 23:00,child seat,99,205,205,205,206.64,205,true,false,IN_BAND_DIFFERENCE,
FD-prod(8c6f920) lookup-down,PORT_DENARAU_MARINA,Denarau,sedan,airport -> destination (arrival),one-way,day 10:00,none,49,49,49,49,47.87,49,true,false,IN_BAND_DIFFERENCE,
FD-prod(8c6f920) lookup-down,PORT_DENARAU_MARINA,Denarau,sedan,airport -> destination (arrival),one-way,night 23:00,none,49,54,54,54,51.44,54,true,false,IN_BAND_DIFFERENCE,
FD-prod(8c6f920) lookup-down,PORT_DENARAU_MARINA,Denarau,sedan,airport -> destination (arrival),one-way,day 10:00,child seat,49,51,51,51,49.87,51,true,false,IN_BAND_DIFFERENCE,
FD-prod(8c6f920) lookup-down,PORT_DENARAU_MARINA,Denarau,sedan,airport -> destination (arrival),one-way,night 23:00,child seat,49,61,61,61,58.44,61,true,false,IN_BAND_DIFFERENCE,
FD-prod(8c6f920) lookup-down,PORT_DENARAU_MARINA,Denarau,sedan,airport -> destination (arrival),return,day 10:00,none,49,85,85,85,79.56,85,true,false,IN_BAND_DIFFERENCE,
FD-prod(8c6f920) lookup-down,PORT_DENARAU_MARINA,Denarau,sedan,airport -> destination (arrival),return,night 23:00,none,49,99,99,99,95.27,99,true,false,IN_BAND_DIFFERENCE,
FD-prod(8c6f920) lookup-down,PORT_DENARAU_MARINA,Denarau,sedan,airport -> destination (arrival),return,day 10:00,child seat,49,93,93,93,86.56,93,true,false,IN_BAND_DIFFERENCE,
FD-prod(8c6f920) lookup-down,PORT_DENARAU_MARINA,Denarau,sedan,airport -> destination (arrival),return,night 23:00,child seat,49,106,106,106,103.27,106,true,false,IN_BAND_DIFFERENCE,
FD-prod(8c6f920) lookup-down,PORT_DENARAU_MARINA,Denarau,minivan,airport -> destination (arrival),one-way,day 10:00,none,69,62,62,62,62.08,62,true,false,IN_BAND_DIFFERENCE,
FD-prod(8c6f920) lookup-down,PORT_DENARAU_MARINA,Denarau,minivan,airport -> destination (arrival),one-way,night 23:00,none,69,76,76,76,74.9,76,true,false,IN_BAND_DIFFERENCE,
FD-prod(8c6f920) lookup-down,PORT_DENARAU_MARINA,Denarau,minivan,airport -> destination (arrival),one-way,day 10:00,child seat,69,69,69,69,69.08,69,true,false,IN_BAND_DIFFERENCE,
FD-prod(8c6f920) lookup-down,PORT_DENARAU_MARINA,Denarau,minivan,airport -> destination (arrival),one-way,night 23:00,child seat,69,84,84,84,81.9,84,true,false,IN_BAND_DIFFERENCE,
FD-prod(8c6f920) lookup-down,PORT_DENARAU_MARINA,Denarau,minivan,airport -> destination (arrival),return,day 10:00,none,69,117,117,117,114.8,117,true,false,IN_BAND_DIFFERENCE,
FD-prod(8c6f920) lookup-down,PORT_DENARAU_MARINA,Denarau,minivan,airport -> destination (arrival),return,night 23:00,none,69,139,139,139,138.36,139,true,false,IN_BAND_DIFFERENCE,
FD-prod(8c6f920) lookup-down,PORT_DENARAU_MARINA,Denarau,minivan,airport -> destination (arrival),return,day 10:00,child seat,69,124,124,124,121.8,124,true,false,IN_BAND_DIFFERENCE,
FD-prod(8c6f920) lookup-down,PORT_DENARAU_MARINA,Denarau,minivan,airport -> destination (arrival),return,night 23:00,child seat,69,147,147,147,145.36,147,true,false,IN_BAND_DIFFERENCE,
FD-prod(8c6f920) lookup-down,PORT_DENARAU_MARINA,Denarau,minibus,airport -> destination (arrival),one-way,day 10:00,none,99,89,89,89,89.84,89,true,false,IN_BAND_DIFFERENCE,
FD-prod(8c6f920) lookup-down,PORT_DENARAU_MARINA,Denarau,minibus,airport -> destination (arrival),one-way,night 23:00,none,99,108,108,108,107.81,108,true,false,IN_BAND_DIFFERENCE,
FD-prod(8c6f920) lookup-down,PORT_DENARAU_MARINA,Denarau,minibus,airport -> destination (arrival),one-way,day 10:00,child seat,99,96,96,96,96.84,96,true,false,IN_BAND_DIFFERENCE,
FD-prod(8c6f920) lookup-down,PORT_DENARAU_MARINA,Denarau,minibus,airport -> destination (arrival),one-way,night 23:00,child seat,99,115,115,115,114.81,115,true,false,IN_BAND_DIFFERENCE,
FD-prod(8c6f920) lookup-down,PORT_DENARAU_MARINA,Denarau,minibus,airport -> destination (arrival),return,day 10:00,none,99,166,166,166,166.7,166,true,false,IN_BAND_DIFFERENCE,
FD-prod(8c6f920) lookup-down,PORT_DENARAU_MARINA,Denarau,minibus,airport -> destination (arrival),return,night 23:00,none,99,198,198,198,199.64,198,true,false,IN_BAND_DIFFERENCE,
FD-prod(8c6f920) lookup-down,PORT_DENARAU_MARINA,Denarau,minibus,airport -> destination (arrival),return,day 10:00,child seat,99,174,174,174,173.7,174,true,false,IN_BAND_DIFFERENCE,
FD-prod(8c6f920) lookup-down,PORT_DENARAU_MARINA,Denarau,minibus,airport -> destination (arrival),return,night 23:00,child seat,99,205,205,205,206.64,205,true,false,IN_BAND_DIFFERENCE,
FD-prod(8c6f920) lookup-down,DOUBLETREE_SONAISALI,Sonaisali,sedan,airport -> destination (arrival),one-way,day 10:00,none,69,62,62,62,70.83,62,true,false,IN_BAND_DIFFERENCE,
FD-prod(8c6f920) lookup-down,DOUBLETREE_SONAISALI,Sonaisali,sedan,airport -> destination (arrival),one-way,night 23:00,none,69,76,76,76,85.6,76,true,false,IN_BAND_DIFFERENCE,
FD-prod(8c6f920) lookup-down,DOUBLETREE_SONAISALI,Sonaisali,sedan,airport -> destination (arrival),one-way,day 10:00,child seat,69,69,69,69,77.83,69,true,false,IN_BAND_DIFFERENCE,
FD-prod(8c6f920) lookup-down,DOUBLETREE_SONAISALI,Sonaisali,sedan,airport -> destination (arrival),one-way,night 23:00,child seat,69,84,84,84,92.6,84,true,false,IN_BAND_DIFFERENCE,
FD-prod(8c6f920) lookup-down,DOUBLETREE_SONAISALI,Sonaisali,sedan,airport -> destination (arrival),return,day 10:00,none,69,117,117,117,130.84,117,true,false,IN_BAND_DIFFERENCE,
FD-prod(8c6f920) lookup-down,DOUBLETREE_SONAISALI,Sonaisali,sedan,airport -> destination (arrival),return,night 23:00,none,69,139,139,139,157,139,true,false,IN_BAND_DIFFERENCE,
FD-prod(8c6f920) lookup-down,DOUBLETREE_SONAISALI,Sonaisali,sedan,airport -> destination (arrival),return,day 10:00,child seat,69,124,124,124,138.84,124,true,false,IN_BAND_DIFFERENCE,
FD-prod(8c6f920) lookup-down,DOUBLETREE_SONAISALI,Sonaisali,sedan,airport -> destination (arrival),return,night 23:00,child seat,69,147,147,147,165,147,true,false,IN_BAND_DIFFERENCE,
FD-prod(8c6f920) lookup-down,DOUBLETREE_SONAISALI,Sonaisali,minivan,airport -> destination (arrival),one-way,day 10:00,none,89,80,80,80,91.46,80,true,false,IN_BAND_DIFFERENCE,
FD-prod(8c6f920) lookup-down,DOUBLETREE_SONAISALI,Sonaisali,minivan,airport -> destination (arrival),one-way,night 23:00,none,89,99,99,99,109.75,99,true,false,IN_BAND_DIFFERENCE,
FD-prod(8c6f920) lookup-down,DOUBLETREE_SONAISALI,Sonaisali,minivan,airport -> destination (arrival),one-way,day 10:00,child seat,89,87,87,87,98.46,87,true,false,IN_BAND_DIFFERENCE,
FD-prod(8c6f920) lookup-down,DOUBLETREE_SONAISALI,Sonaisali,minivan,airport -> destination (arrival),one-way,night 23:00,child seat,89,106,106,106,116.75,106,true,false,IN_BAND_DIFFERENCE,
FD-prod(8c6f920) lookup-down,DOUBLETREE_SONAISALI,Sonaisali,minivan,airport -> destination (arrival),return,day 10:00,none,89,148,148,148,168.7,148,true,false,IN_BAND_DIFFERENCE,
FD-prod(8c6f920) lookup-down,DOUBLETREE_SONAISALI,Sonaisali,minivan,airport -> destination (arrival),return,night 23:00,none,89,180,180,180,202.24,180,true,false,IN_BAND_DIFFERENCE,
FD-prod(8c6f920) lookup-down,DOUBLETREE_SONAISALI,Sonaisali,minivan,airport -> destination (arrival),return,day 10:00,child seat,89,156,156,156,175.7,156,true,false,IN_BAND_DIFFERENCE,
FD-prod(8c6f920) lookup-down,DOUBLETREE_SONAISALI,Sonaisali,minivan,airport -> destination (arrival),return,night 23:00,child seat,89,187,187,187,210.24,187,true,false,IN_BAND_DIFFERENCE,
FD-prod(8c6f920) lookup-down,DOUBLETREE_SONAISALI,Sonaisali,minibus,airport -> destination (arrival),one-way,day 10:00,none,119,107,107,107,118.46,107,true,false,IN_BAND_DIFFERENCE,
FD-prod(8c6f920) lookup-down,DOUBLETREE_SONAISALI,Sonaisali,minibus,airport -> destination (arrival),one-way,night 23:00,none,119,130,130,130,141.75,130,true,false,IN_BAND_DIFFERENCE,
FD-prod(8c6f920) lookup-down,DOUBLETREE_SONAISALI,Sonaisali,minibus,airport -> destination (arrival),one-way,day 10:00,child seat,119,114,114,114,125.46,114,true,false,IN_BAND_DIFFERENCE,
FD-prod(8c6f920) lookup-down,DOUBLETREE_SONAISALI,Sonaisali,minibus,airport -> destination (arrival),one-way,night 23:00,child seat,119,138,138,138,148.75,138,true,false,IN_BAND_DIFFERENCE,
FD-prod(8c6f920) lookup-down,DOUBLETREE_SONAISALI,Sonaisali,minibus,airport -> destination (arrival),return,day 10:00,none,119,202,202,202,219.2,202,true,false,IN_BAND_DIFFERENCE,
FD-prod(8c6f920) lookup-down,DOUBLETREE_SONAISALI,Sonaisali,minibus,airport -> destination (arrival),return,night 23:00,none,119,238,238,238,262.84,238,true,false,IN_BAND_DIFFERENCE,
FD-prod(8c6f920) lookup-down,DOUBLETREE_SONAISALI,Sonaisali,minibus,airport -> destination (arrival),return,day 10:00,child seat,119,210,210,210,226.2,210,true,false,IN_BAND_DIFFERENCE,
FD-prod(8c6f920) lookup-down,DOUBLETREE_SONAISALI,Sonaisali,minibus,airport -> destination (arrival),return,night 23:00,child seat,119,246,246,246,269.84,246,true,false,IN_BAND_DIFFERENCE,
FD-prod(8c6f920) lookup-down,FIRST_LANDING,Vuda Point,sedan,airport -> destination (arrival),one-way,day 10:00,none,79,71,71,71,67.5,71,true,false,IN_BAND_DIFFERENCE,
FD-prod(8c6f920) lookup-down,FIRST_LANDING,Vuda Point,sedan,airport -> destination (arrival),one-way,night 23:00,none,79,85,85,85,80.4,85,true,false,IN_BAND_DIFFERENCE,
FD-prod(8c6f920) lookup-down,FIRST_LANDING,Vuda Point,sedan,airport -> destination (arrival),one-way,day 10:00,child seat,79,78,78,78,74.5,78,true,false,IN_BAND_DIFFERENCE,
FD-prod(8c6f920) lookup-down,FIRST_LANDING,Vuda Point,sedan,airport -> destination (arrival),one-way,night 23:00,child seat,79,93,93,93,87.4,93,true,false,IN_BAND_DIFFERENCE,
FD-prod(8c6f920) lookup-down,FIRST_LANDING,Vuda Point,sedan,airport -> destination (arrival),return,day 10:00,none,79,135,135,135,123.83,135,true,false,IN_BAND_DIFFERENCE,
FD-prod(8c6f920) lookup-down,FIRST_LANDING,Vuda Point,sedan,airport -> destination (arrival),return,night 23:00,none,79,162,162,162,148.39,162,true,false,IN_BAND_DIFFERENCE,
FD-prod(8c6f920) lookup-down,FIRST_LANDING,Vuda Point,sedan,airport -> destination (arrival),return,day 10:00,child seat,79,142,142,142,130.83,142,true,false,IN_BAND_DIFFERENCE,
FD-prod(8c6f920) lookup-down,FIRST_LANDING,Vuda Point,sedan,airport -> destination (arrival),return,night 23:00,child seat,79,169,169,169,156.39,169,true,false,IN_BAND_DIFFERENCE,
FD-prod(8c6f920) lookup-down,FIRST_LANDING,Vuda Point,minivan,airport -> destination (arrival),one-way,day 10:00,none,99,89,89,89,85.23,89,true,false,IN_BAND_DIFFERENCE,
FD-prod(8c6f920) lookup-down,FIRST_LANDING,Vuda Point,minivan,airport -> destination (arrival),one-way,night 23:00,none,99,108,108,108,102.08,108,true,false,IN_BAND_DIFFERENCE,
FD-prod(8c6f920) lookup-down,FIRST_LANDING,Vuda Point,minivan,airport -> destination (arrival),one-way,day 10:00,child seat,99,96,96,96,92.23,96,true,false,IN_BAND_DIFFERENCE,
FD-prod(8c6f920) lookup-down,FIRST_LANDING,Vuda Point,minivan,airport -> destination (arrival),one-way,night 23:00,child seat,99,115,115,115,109.08,115,true,false,IN_BAND_DIFFERENCE,
FD-prod(8c6f920) lookup-down,FIRST_LANDING,Vuda Point,minivan,airport -> destination (arrival),return,day 10:00,none,99,166,166,166,157.33,166,true,false,IN_BAND_DIFFERENCE,
FD-prod(8c6f920) lookup-down,FIRST_LANDING,Vuda Point,minivan,airport -> destination (arrival),return,night 23:00,none,99,198,198,198,188.19,198,true,false,IN_BAND_DIFFERENCE,
FD-prod(8c6f920) lookup-down,FIRST_LANDING,Vuda Point,minivan,airport -> destination (arrival),return,day 10:00,child seat,99,174,174,174,164.33,174,true,false,IN_BAND_DIFFERENCE,
FD-prod(8c6f920) lookup-down,FIRST_LANDING,Vuda Point,minivan,airport -> destination (arrival),return,night 23:00,child seat,99,205,205,205,195.19,205,true,false,IN_BAND_DIFFERENCE,
FD-prod(8c6f920) lookup-down,FIRST_LANDING,Vuda Point,minibus,airport -> destination (arrival),one-way,day 10:00,none,129,116,116,116,112.23,116,true,false,IN_BAND_DIFFERENCE,
FD-prod(8c6f920) lookup-down,FIRST_LANDING,Vuda Point,minibus,airport -> destination (arrival),one-way,night 23:00,none,129,139,139,139,134.08,139,true,false,IN_BAND_DIFFERENCE,
FD-prod(8c6f920) lookup-down,FIRST_LANDING,Vuda Point,minibus,airport -> destination (arrival),one-way,day 10:00,child seat,129,123,123,123,119.23,123,true,false,IN_BAND_DIFFERENCE,
FD-prod(8c6f920) lookup-down,FIRST_LANDING,Vuda Point,minibus,airport -> destination (arrival),one-way,night 23:00,child seat,129,147,147,147,141.08,147,true,false,IN_BAND_DIFFERENCE,
FD-prod(8c6f920) lookup-down,FIRST_LANDING,Vuda Point,minibus,airport -> destination (arrival),return,day 10:00,none,129,216,216,216,206.83,216,true,false,IN_BAND_DIFFERENCE,
FD-prod(8c6f920) lookup-down,FIRST_LANDING,Vuda Point,minibus,airport -> destination (arrival),return,night 23:00,none,129,261,261,261,247.79,261,true,false,IN_BAND_DIFFERENCE,
FD-prod(8c6f920) lookup-down,FIRST_LANDING,Vuda Point,minibus,airport -> destination (arrival),return,day 10:00,child seat,129,223,223,223,213.83,223,true,false,IN_BAND_DIFFERENCE,
FD-prod(8c6f920) lookup-down,FIRST_LANDING,Vuda Point,minibus,airport -> destination (arrival),return,night 23:00,child seat,129,268,268,268,255.79,268,true,false,IN_BAND_DIFFERENCE,
FD-prod(8c6f920) lookup-down,VUDA_MARINA,Vuda Point,sedan,airport -> destination (arrival),one-way,day 10:00,none,79,71,71,71,67.5,71,true,false,IN_BAND_DIFFERENCE,
FD-prod(8c6f920) lookup-down,VUDA_MARINA,Vuda Point,sedan,airport -> destination (arrival),one-way,night 23:00,none,79,85,85,85,80.4,85,true,false,IN_BAND_DIFFERENCE,
FD-prod(8c6f920) lookup-down,VUDA_MARINA,Vuda Point,sedan,airport -> destination (arrival),one-way,day 10:00,child seat,79,78,78,78,74.5,78,true,false,IN_BAND_DIFFERENCE,
FD-prod(8c6f920) lookup-down,VUDA_MARINA,Vuda Point,sedan,airport -> destination (arrival),one-way,night 23:00,child seat,79,93,93,93,87.4,93,true,false,IN_BAND_DIFFERENCE,
FD-prod(8c6f920) lookup-down,VUDA_MARINA,Vuda Point,sedan,airport -> destination (arrival),return,day 10:00,none,79,135,135,135,123.83,135,true,false,IN_BAND_DIFFERENCE,
FD-prod(8c6f920) lookup-down,VUDA_MARINA,Vuda Point,sedan,airport -> destination (arrival),return,night 23:00,none,79,162,162,162,148.39,162,true,false,IN_BAND_DIFFERENCE,
FD-prod(8c6f920) lookup-down,VUDA_MARINA,Vuda Point,sedan,airport -> destination (arrival),return,day 10:00,child seat,79,142,142,142,130.83,142,true,false,IN_BAND_DIFFERENCE,
FD-prod(8c6f920) lookup-down,VUDA_MARINA,Vuda Point,sedan,airport -> destination (arrival),return,night 23:00,child seat,79,169,169,169,156.39,169,true,false,IN_BAND_DIFFERENCE,
FD-prod(8c6f920) lookup-down,VUDA_MARINA,Vuda Point,minivan,airport -> destination (arrival),one-way,day 10:00,none,99,89,89,89,85.23,89,true,false,IN_BAND_DIFFERENCE,
FD-prod(8c6f920) lookup-down,VUDA_MARINA,Vuda Point,minivan,airport -> destination (arrival),one-way,night 23:00,none,99,108,108,108,102.08,108,true,false,IN_BAND_DIFFERENCE,
FD-prod(8c6f920) lookup-down,VUDA_MARINA,Vuda Point,minivan,airport -> destination (arrival),one-way,day 10:00,child seat,99,96,96,96,92.23,96,true,false,IN_BAND_DIFFERENCE,
FD-prod(8c6f920) lookup-down,VUDA_MARINA,Vuda Point,minivan,airport -> destination (arrival),one-way,night 23:00,child seat,99,115,115,115,109.08,115,true,false,IN_BAND_DIFFERENCE,
FD-prod(8c6f920) lookup-down,VUDA_MARINA,Vuda Point,minivan,airport -> destination (arrival),return,day 10:00,none,99,166,166,166,157.33,166,true,false,IN_BAND_DIFFERENCE,
FD-prod(8c6f920) lookup-down,VUDA_MARINA,Vuda Point,minivan,airport -> destination (arrival),return,night 23:00,none,99,198,198,198,188.19,198,true,false,IN_BAND_DIFFERENCE,
FD-prod(8c6f920) lookup-down,VUDA_MARINA,Vuda Point,minivan,airport -> destination (arrival),return,day 10:00,child seat,99,174,174,174,164.33,174,true,false,IN_BAND_DIFFERENCE,
FD-prod(8c6f920) lookup-down,VUDA_MARINA,Vuda Point,minivan,airport -> destination (arrival),return,night 23:00,child seat,99,205,205,205,195.19,205,true,false,IN_BAND_DIFFERENCE,
FD-prod(8c6f920) lookup-down,VUDA_MARINA,Vuda Point,minibus,airport -> destination (arrival),one-way,day 10:00,none,129,116,116,116,112.23,116,true,false,IN_BAND_DIFFERENCE,
FD-prod(8c6f920) lookup-down,VUDA_MARINA,Vuda Point,minibus,airport -> destination (arrival),one-way,night 23:00,none,129,139,139,139,134.08,139,true,false,IN_BAND_DIFFERENCE,
FD-prod(8c6f920) lookup-down,VUDA_MARINA,Vuda Point,minibus,airport -> destination (arrival),one-way,day 10:00,child seat,129,123,123,123,119.23,123,true,false,IN_BAND_DIFFERENCE,
FD-prod(8c6f920) lookup-down,VUDA_MARINA,Vuda Point,minibus,airport -> destination (arrival),one-way,night 23:00,child seat,129,147,147,147,141.08,147,true,false,IN_BAND_DIFFERENCE,
FD-prod(8c6f920) lookup-down,VUDA_MARINA,Vuda Point,minibus,airport -> destination (arrival),return,day 10:00,none,129,216,216,216,206.83,216,true,false,IN_BAND_DIFFERENCE,
FD-prod(8c6f920) lookup-down,VUDA_MARINA,Vuda Point,minibus,airport -> destination (arrival),return,night 23:00,none,129,261,261,261,247.79,261,true,false,IN_BAND_DIFFERENCE,
FD-prod(8c6f920) lookup-down,VUDA_MARINA,Vuda Point,minibus,airport -> destination (arrival),return,day 10:00,child seat,129,223,223,223,213.83,223,true,false,IN_BAND_DIFFERENCE,
FD-prod(8c6f920) lookup-down,VUDA_MARINA,Vuda Point,minibus,airport -> destination (arrival),return,night 23:00,child seat,129,268,268,268,255.79,268,true,false,IN_BAND_DIFFERENCE,
FD-prod(8c6f920) lookup-down,LAUTOKA_HOTEL,Lautoka,sedan,airport -> destination (arrival),one-way,day 10:00,none,89,80,80,80,76.07,80,true,false,IN_BAND_DIFFERENCE,
FD-prod(8c6f920) lookup-down,LAUTOKA_HOTEL,Lautoka,sedan,airport -> destination (arrival),one-way,night 23:00,none,89,99,99,99,90.88,99,true,false,IN_BAND_DIFFERENCE,
FD-prod(8c6f920) lookup-down,LAUTOKA_HOTEL,Lautoka,sedan,airport -> destination (arrival),one-way,day 10:00,child seat,89,87,87,87,83.07,87,true,false,IN_BAND_DIFFERENCE,
FD-prod(8c6f920) lookup-down,LAUTOKA_HOTEL,Lautoka,sedan,airport -> destination (arrival),one-way,night 23:00,child seat,89,106,106,106,97.88,106,true,false,IN_BAND_DIFFERENCE,
FD-prod(8c6f920) lookup-down,LAUTOKA_HOTEL,Lautoka,sedan,airport -> destination (arrival),return,day 10:00,none,89,148,148,148,139.53,148,true,false,IN_BAND_DIFFERENCE,
FD-prod(8c6f920) lookup-down,LAUTOKA_HOTEL,Lautoka,sedan,airport -> destination (arrival),return,night 23:00,none,89,180,180,180,167.64,180,true,false,IN_BAND_DIFFERENCE,
FD-prod(8c6f920) lookup-down,LAUTOKA_HOTEL,Lautoka,sedan,airport -> destination (arrival),return,day 10:00,child seat,89,156,156,156,147.53,156,true,false,IN_BAND_DIFFERENCE,
FD-prod(8c6f920) lookup-down,LAUTOKA_HOTEL,Lautoka,sedan,airport -> destination (arrival),return,night 23:00,child seat,89,187,187,187,175.64,187,true,false,IN_BAND_DIFFERENCE,
FD-prod(8c6f920) lookup-down,LAUTOKA_HOTEL,Lautoka,minivan,airport -> destination (arrival),one-way,day 10:00,none,119,107,107,107,99.22,107,true,false,IN_BAND_DIFFERENCE,
FD-prod(8c6f920) lookup-down,LAUTOKA_HOTEL,Lautoka,minivan,airport -> destination (arrival),one-way,night 23:00,none,119,130,130,130,119.26,130,true,false,IN_BAND_DIFFERENCE,
FD-prod(8c6f920) lookup-down,LAUTOKA_HOTEL,Lautoka,minivan,airport -> destination (arrival),one-way,day 10:00,child seat,119,114,114,114,106.22,114,true,false,IN_BAND_DIFFERENCE,
FD-prod(8c6f920) lookup-down,LAUTOKA_HOTEL,Lautoka,minivan,airport -> destination (arrival),one-way,night 23:00,child seat,119,138,138,138,126.26,138,true,false,IN_BAND_DIFFERENCE,
FD-prod(8c6f920) lookup-down,LAUTOKA_HOTEL,Lautoka,minivan,airport -> destination (arrival),return,day 10:00,none,119,202,202,202,183.91,202,true,false,IN_BAND_DIFFERENCE,
FD-prod(8c6f920) lookup-down,LAUTOKA_HOTEL,Lautoka,minivan,airport -> destination (arrival),return,night 23:00,none,119,238,238,238,220.69,238,true,false,IN_BAND_DIFFERENCE,
FD-prod(8c6f920) lookup-down,LAUTOKA_HOTEL,Lautoka,minivan,airport -> destination (arrival),return,day 10:00,child seat,119,210,210,210,190.91,210,true,false,IN_BAND_DIFFERENCE,
FD-prod(8c6f920) lookup-down,LAUTOKA_HOTEL,Lautoka,minivan,airport -> destination (arrival),return,night 23:00,child seat,119,246,246,246,227.69,246,true,false,IN_BAND_DIFFERENCE,
FD-prod(8c6f920) lookup-down,LAUTOKA_HOTEL,Lautoka,minibus,airport -> destination (arrival),one-way,day 10:00,none,149,134,134,134,126.22,134,true,false,IN_BAND_DIFFERENCE,
FD-prod(8c6f920) lookup-down,LAUTOKA_HOTEL,Lautoka,minibus,airport -> destination (arrival),one-way,night 23:00,none,149,162,162,162,151.26,162,true,false,IN_BAND_DIFFERENCE,
FD-prod(8c6f920) lookup-down,LAUTOKA_HOTEL,Lautoka,minibus,airport -> destination (arrival),one-way,day 10:00,child seat,149,141,141,141,133.22,141,true,false,IN_BAND_DIFFERENCE,
FD-prod(8c6f920) lookup-down,LAUTOKA_HOTEL,Lautoka,minibus,airport -> destination (arrival),one-way,night 23:00,child seat,149,169,169,169,158.26,169,true,false,IN_BAND_DIFFERENCE,
FD-prod(8c6f920) lookup-down,LAUTOKA_HOTEL,Lautoka,minibus,airport -> destination (arrival),return,day 10:00,none,149,252,252,252,233.41,252,true,false,IN_BAND_DIFFERENCE,
FD-prod(8c6f920) lookup-down,LAUTOKA_HOTEL,Lautoka,minibus,airport -> destination (arrival),return,night 23:00,none,149,301,301,301,280.29,301,true,false,IN_BAND_DIFFERENCE,
FD-prod(8c6f920) lookup-down,LAUTOKA_HOTEL,Lautoka,minibus,airport -> destination (arrival),return,day 10:00,child seat,149,259,259,259,240.41,259,true,false,IN_BAND_DIFFERENCE,
FD-prod(8c6f920) lookup-down,LAUTOKA_HOTEL,Lautoka,minibus,airport -> destination (arrival),return,night 23:00,child seat,149,309,309,309,287.29,309,true,false,IN_BAND_DIFFERENCE,
FD-prod(8c6f920) lookup-down,TANOA_LAUTOKA,Lautoka,sedan,airport -> destination (arrival),one-way,day 10:00,none,89,80,80,80,76.07,80,true,false,IN_BAND_DIFFERENCE,
FD-prod(8c6f920) lookup-down,TANOA_LAUTOKA,Lautoka,sedan,airport -> destination (arrival),one-way,night 23:00,none,89,99,99,99,90.88,99,true,false,IN_BAND_DIFFERENCE,
FD-prod(8c6f920) lookup-down,TANOA_LAUTOKA,Lautoka,sedan,airport -> destination (arrival),one-way,day 10:00,child seat,89,87,87,87,83.07,87,true,false,IN_BAND_DIFFERENCE,
FD-prod(8c6f920) lookup-down,TANOA_LAUTOKA,Lautoka,sedan,airport -> destination (arrival),one-way,night 23:00,child seat,89,106,106,106,97.88,106,true,false,IN_BAND_DIFFERENCE,
FD-prod(8c6f920) lookup-down,TANOA_LAUTOKA,Lautoka,sedan,airport -> destination (arrival),return,day 10:00,none,89,148,148,148,139.53,148,true,false,IN_BAND_DIFFERENCE,
FD-prod(8c6f920) lookup-down,TANOA_LAUTOKA,Lautoka,sedan,airport -> destination (arrival),return,night 23:00,none,89,180,180,180,167.64,180,true,false,IN_BAND_DIFFERENCE,
FD-prod(8c6f920) lookup-down,TANOA_LAUTOKA,Lautoka,sedan,airport -> destination (arrival),return,day 10:00,child seat,89,156,156,156,147.53,156,true,false,IN_BAND_DIFFERENCE,
FD-prod(8c6f920) lookup-down,TANOA_LAUTOKA,Lautoka,sedan,airport -> destination (arrival),return,night 23:00,child seat,89,187,187,187,175.64,187,true,false,IN_BAND_DIFFERENCE,
FD-prod(8c6f920) lookup-down,TANOA_LAUTOKA,Lautoka,minivan,airport -> destination (arrival),one-way,day 10:00,none,119,107,107,107,99.22,107,true,false,IN_BAND_DIFFERENCE,
FD-prod(8c6f920) lookup-down,TANOA_LAUTOKA,Lautoka,minivan,airport -> destination (arrival),one-way,night 23:00,none,119,130,130,130,119.26,130,true,false,IN_BAND_DIFFERENCE,
FD-prod(8c6f920) lookup-down,TANOA_LAUTOKA,Lautoka,minivan,airport -> destination (arrival),one-way,day 10:00,child seat,119,114,114,114,106.22,114,true,false,IN_BAND_DIFFERENCE,
FD-prod(8c6f920) lookup-down,TANOA_LAUTOKA,Lautoka,minivan,airport -> destination (arrival),one-way,night 23:00,child seat,119,138,138,138,126.26,138,true,false,IN_BAND_DIFFERENCE,
FD-prod(8c6f920) lookup-down,TANOA_LAUTOKA,Lautoka,minivan,airport -> destination (arrival),return,day 10:00,none,119,202,202,202,183.91,202,true,false,IN_BAND_DIFFERENCE,
FD-prod(8c6f920) lookup-down,TANOA_LAUTOKA,Lautoka,minivan,airport -> destination (arrival),return,night 23:00,none,119,238,238,238,220.69,238,true,false,IN_BAND_DIFFERENCE,
FD-prod(8c6f920) lookup-down,TANOA_LAUTOKA,Lautoka,minivan,airport -> destination (arrival),return,day 10:00,child seat,119,210,210,210,190.91,210,true,false,IN_BAND_DIFFERENCE,
FD-prod(8c6f920) lookup-down,TANOA_LAUTOKA,Lautoka,minivan,airport -> destination (arrival),return,night 23:00,child seat,119,246,246,246,227.69,246,true,false,IN_BAND_DIFFERENCE,
FD-prod(8c6f920) lookup-down,TANOA_LAUTOKA,Lautoka,minibus,airport -> destination (arrival),one-way,day 10:00,none,149,134,134,134,126.22,134,true,false,IN_BAND_DIFFERENCE,
FD-prod(8c6f920) lookup-down,TANOA_LAUTOKA,Lautoka,minibus,airport -> destination (arrival),one-way,night 23:00,none,149,162,162,162,151.26,162,true,false,IN_BAND_DIFFERENCE,
FD-prod(8c6f920) lookup-down,TANOA_LAUTOKA,Lautoka,minibus,airport -> destination (arrival),one-way,day 10:00,child seat,149,141,141,141,133.22,141,true,false,IN_BAND_DIFFERENCE,
FD-prod(8c6f920) lookup-down,TANOA_LAUTOKA,Lautoka,minibus,airport -> destination (arrival),one-way,night 23:00,child seat,149,169,169,169,158.26,169,true,false,IN_BAND_DIFFERENCE,
FD-prod(8c6f920) lookup-down,TANOA_LAUTOKA,Lautoka,minibus,airport -> destination (arrival),return,day 10:00,none,149,252,252,252,233.41,252,true,false,IN_BAND_DIFFERENCE,
FD-prod(8c6f920) lookup-down,TANOA_LAUTOKA,Lautoka,minibus,airport -> destination (arrival),return,night 23:00,none,149,301,301,301,280.29,301,true,false,IN_BAND_DIFFERENCE,
FD-prod(8c6f920) lookup-down,TANOA_LAUTOKA,Lautoka,minibus,airport -> destination (arrival),return,day 10:00,child seat,149,259,259,259,240.41,259,true,false,IN_BAND_DIFFERENCE,
FD-prod(8c6f920) lookup-down,TANOA_LAUTOKA,Lautoka,minibus,airport -> destination (arrival),return,night 23:00,child seat,149,309,309,309,287.29,309,true,false,IN_BAND_DIFFERENCE,
FD-prod(8c6f920) lookup-down,LAUTOKA_CRUISE,Lautoka,sedan,airport -> destination (arrival),one-way,day 10:00,none,89,80,80,80,76.07,80,true,false,IN_BAND_DIFFERENCE,
FD-prod(8c6f920) lookup-down,LAUTOKA_CRUISE,Lautoka,sedan,airport -> destination (arrival),one-way,night 23:00,none,89,99,99,99,90.88,99,true,false,IN_BAND_DIFFERENCE,
FD-prod(8c6f920) lookup-down,LAUTOKA_CRUISE,Lautoka,sedan,airport -> destination (arrival),one-way,day 10:00,child seat,89,87,87,87,83.07,87,true,false,IN_BAND_DIFFERENCE,
FD-prod(8c6f920) lookup-down,LAUTOKA_CRUISE,Lautoka,sedan,airport -> destination (arrival),one-way,night 23:00,child seat,89,106,106,106,97.88,106,true,false,IN_BAND_DIFFERENCE,
FD-prod(8c6f920) lookup-down,LAUTOKA_CRUISE,Lautoka,sedan,airport -> destination (arrival),return,day 10:00,none,89,148,148,148,139.53,148,true,false,IN_BAND_DIFFERENCE,
FD-prod(8c6f920) lookup-down,LAUTOKA_CRUISE,Lautoka,sedan,airport -> destination (arrival),return,night 23:00,none,89,180,180,180,167.64,180,true,false,IN_BAND_DIFFERENCE,
FD-prod(8c6f920) lookup-down,LAUTOKA_CRUISE,Lautoka,sedan,airport -> destination (arrival),return,day 10:00,child seat,89,156,156,156,147.53,156,true,false,IN_BAND_DIFFERENCE,
FD-prod(8c6f920) lookup-down,LAUTOKA_CRUISE,Lautoka,sedan,airport -> destination (arrival),return,night 23:00,child seat,89,187,187,187,175.64,187,true,false,IN_BAND_DIFFERENCE,
FD-prod(8c6f920) lookup-down,LAUTOKA_CRUISE,Lautoka,minivan,airport -> destination (arrival),one-way,day 10:00,none,119,107,107,107,99.22,107,true,false,IN_BAND_DIFFERENCE,
FD-prod(8c6f920) lookup-down,LAUTOKA_CRUISE,Lautoka,minivan,airport -> destination (arrival),one-way,night 23:00,none,119,130,130,130,119.26,130,true,false,IN_BAND_DIFFERENCE,
FD-prod(8c6f920) lookup-down,LAUTOKA_CRUISE,Lautoka,minivan,airport -> destination (arrival),one-way,day 10:00,child seat,119,114,114,114,106.22,114,true,false,IN_BAND_DIFFERENCE,
FD-prod(8c6f920) lookup-down,LAUTOKA_CRUISE,Lautoka,minivan,airport -> destination (arrival),one-way,night 23:00,child seat,119,138,138,138,126.26,138,true,false,IN_BAND_DIFFERENCE,
FD-prod(8c6f920) lookup-down,LAUTOKA_CRUISE,Lautoka,minivan,airport -> destination (arrival),return,day 10:00,none,119,202,202,202,183.91,202,true,false,IN_BAND_DIFFERENCE,
FD-prod(8c6f920) lookup-down,LAUTOKA_CRUISE,Lautoka,minivan,airport -> destination (arrival),return,night 23:00,none,119,238,238,238,220.69,238,true,false,IN_BAND_DIFFERENCE,
FD-prod(8c6f920) lookup-down,LAUTOKA_CRUISE,Lautoka,minivan,airport -> destination (arrival),return,day 10:00,child seat,119,210,210,210,190.91,210,true,false,IN_BAND_DIFFERENCE,
FD-prod(8c6f920) lookup-down,LAUTOKA_CRUISE,Lautoka,minivan,airport -> destination (arrival),return,night 23:00,child seat,119,246,246,246,227.69,246,true,false,IN_BAND_DIFFERENCE,
FD-prod(8c6f920) lookup-down,LAUTOKA_CRUISE,Lautoka,minibus,airport -> destination (arrival),one-way,day 10:00,none,149,134,134,134,126.22,134,true,false,IN_BAND_DIFFERENCE,
FD-prod(8c6f920) lookup-down,LAUTOKA_CRUISE,Lautoka,minibus,airport -> destination (arrival),one-way,night 23:00,none,149,162,162,162,151.26,162,true,false,IN_BAND_DIFFERENCE,
FD-prod(8c6f920) lookup-down,LAUTOKA_CRUISE,Lautoka,minibus,airport -> destination (arrival),one-way,day 10:00,child seat,149,141,141,141,133.22,141,true,false,IN_BAND_DIFFERENCE,
FD-prod(8c6f920) lookup-down,LAUTOKA_CRUISE,Lautoka,minibus,airport -> destination (arrival),one-way,night 23:00,child seat,149,169,169,169,158.26,169,true,false,IN_BAND_DIFFERENCE,
FD-prod(8c6f920) lookup-down,LAUTOKA_CRUISE,Lautoka,minibus,airport -> destination (arrival),return,day 10:00,none,149,252,252,252,233.41,252,true,false,IN_BAND_DIFFERENCE,
FD-prod(8c6f920) lookup-down,LAUTOKA_CRUISE,Lautoka,minibus,airport -> destination (arrival),return,night 23:00,none,149,301,301,301,280.29,301,true,false,IN_BAND_DIFFERENCE,
FD-prod(8c6f920) lookup-down,LAUTOKA_CRUISE,Lautoka,minibus,airport -> destination (arrival),return,day 10:00,child seat,149,259,259,259,240.41,259,true,false,IN_BAND_DIFFERENCE,
FD-prod(8c6f920) lookup-down,LAUTOKA_CRUISE,Lautoka,minibus,airport -> destination (arrival),return,night 23:00,child seat,149,309,309,309,287.29,309,true,false,IN_BAND_DIFFERENCE,
FD-prod(8c6f920) lookup-down,MARRIOTT_MOMI,Momi Bay,sedan,airport -> destination (arrival),one-way,day 10:00,none,99,89,89,89,85.29,89,true,false,IN_BAND_DIFFERENCE,
FD-prod(8c6f920) lookup-down,MARRIOTT_MOMI,Momi Bay,sedan,airport -> destination (arrival),one-way,night 23:00,none,99,108,108,108,102.15,108,true,false,IN_BAND_DIFFERENCE,
FD-prod(8c6f920) lookup-down,MARRIOTT_MOMI,Momi Bay,sedan,airport -> destination (arrival),one-way,day 10:00,child seat,99,96,96,96,92.29,96,true,false,IN_BAND_DIFFERENCE,
FD-prod(8c6f920) lookup-down,MARRIOTT_MOMI,Momi Bay,sedan,airport -> destination (arrival),one-way,night 23:00,child seat,99,115,115,115,109.15,115,true,false,IN_BAND_DIFFERENCE,
FD-prod(8c6f920) lookup-down,MARRIOTT_MOMI,Momi Bay,sedan,airport -> destination (arrival),return,day 10:00,none,99,166,166,166,157.44,166,true,false,IN_BAND_DIFFERENCE,
FD-prod(8c6f920) lookup-down,MARRIOTT_MOMI,Momi Bay,sedan,airport -> destination (arrival),return,night 23:00,none,99,198,198,198,188.32,198,true,false,IN_BAND_DIFFERENCE,
FD-prod(8c6f920) lookup-down,MARRIOTT_MOMI,Momi Bay,sedan,airport -> destination (arrival),return,day 10:00,child seat,99,174,174,174,164.44,174,true,false,IN_BAND_DIFFERENCE,
FD-prod(8c6f920) lookup-down,MARRIOTT_MOMI,Momi Bay,sedan,airport -> destination (arrival),return,night 23:00,child seat,99,205,205,205,195.32,205,true,false,IN_BAND_DIFFERENCE,
FD-prod(8c6f920) lookup-down,MARRIOTT_MOMI,Momi Bay,minivan,airport -> destination (arrival),one-way,day 10:00,none,149,134,134,134,132.42,134,true,false,IN_BAND_DIFFERENCE,
FD-prod(8c6f920) lookup-down,MARRIOTT_MOMI,Momi Bay,minivan,airport -> destination (arrival),one-way,night 23:00,none,149,162,162,162,158.9,162,true,false,IN_BAND_DIFFERENCE,
FD-prod(8c6f920) lookup-down,MARRIOTT_MOMI,Momi Bay,minivan,airport -> destination (arrival),one-way,day 10:00,child seat,149,141,141,141,139.42,141,true,false,IN_BAND_DIFFERENCE,
FD-prod(8c6f920) lookup-down,MARRIOTT_MOMI,Momi Bay,minivan,airport -> destination (arrival),one-way,night 23:00,child seat,149,169,169,169,166.9,169,true,false,IN_BAND_DIFFERENCE,
FD-prod(8c6f920) lookup-down,MARRIOTT_MOMI,Momi Bay,minivan,airport -> destination (arrival),return,day 10:00,none,149,252,252,252,245.73,252,true,false,IN_BAND_DIFFERENCE,
FD-prod(8c6f920) lookup-down,MARRIOTT_MOMI,Momi Bay,minivan,airport -> destination (arrival),return,night 23:00,none,149,301,301,301,294.27,301,true,false,IN_BAND_DIFFERENCE,
FD-prod(8c6f920) lookup-down,MARRIOTT_MOMI,Momi Bay,minivan,airport -> destination (arrival),return,day 10:00,child seat,149,259,259,259,252.73,259,true,false,IN_BAND_DIFFERENCE,
FD-prod(8c6f920) lookup-down,MARRIOTT_MOMI,Momi Bay,minivan,airport -> destination (arrival),return,night 23:00,child seat,149,309,309,309,301.27,309,true,false,IN_BAND_DIFFERENCE,
FD-prod(8c6f920) lookup-down,MARRIOTT_MOMI,Momi Bay,minibus,airport -> destination (arrival),one-way,day 10:00,none,79,71,71,71,157.92,157.92,false,false,SILENT_SUBSTITUTION,
FD-prod(8c6f920) lookup-down,MARRIOTT_MOMI,Momi Bay,minibus,airport -> destination (arrival),one-way,night 23:00,none,79,85,85,85,190.1,190.1,false,false,SILENT_SUBSTITUTION,
FD-prod(8c6f920) lookup-down,MARRIOTT_MOMI,Momi Bay,minibus,airport -> destination (arrival),one-way,day 10:00,child seat,79,78,78,78,165.92,165.92,false,false,SILENT_SUBSTITUTION,
FD-prod(8c6f920) lookup-down,MARRIOTT_MOMI,Momi Bay,minibus,airport -> destination (arrival),one-way,night 23:00,child seat,79,93,93,93,197.1,197.1,false,false,SILENT_SUBSTITUTION,
FD-prod(8c6f920) lookup-down,MARRIOTT_MOMI,Momi Bay,minibus,airport -> destination (arrival),return,day 10:00,none,79,135,135,135,292.45,292.45,false,false,SILENT_SUBSTITUTION,
FD-prod(8c6f920) lookup-down,MARRIOTT_MOMI,Momi Bay,minibus,airport -> destination (arrival),return,night 23:00,none,79,162,162,162,351.54,351.54,false,false,SILENT_SUBSTITUTION,
FD-prod(8c6f920) lookup-down,MARRIOTT_MOMI,Momi Bay,minibus,airport -> destination (arrival),return,day 10:00,child seat,79,142,142,142,300.45,300.45,false,false,SILENT_SUBSTITUTION,
FD-prod(8c6f920) lookup-down,MARRIOTT_MOMI,Momi Bay,minibus,airport -> destination (arrival),return,night 23:00,child seat,79,169,169,169,358.54,358.54,false,false,SILENT_SUBSTITUTION,
FD-prod(8c6f920) lookup-down,INTERCONTINENTAL_NATADOLA,Natadola,sedan,airport -> destination (arrival),one-way,day 10:00,none,99,89,89,89,105.43,89,true,false,IN_BAND_DIFFERENCE,
FD-prod(8c6f920) lookup-down,INTERCONTINENTAL_NATADOLA,Natadola,sedan,airport -> destination (arrival),one-way,night 23:00,none,99,108,108,108,126.92,108,true,false,IN_BAND_DIFFERENCE,
FD-prod(8c6f920) lookup-down,INTERCONTINENTAL_NATADOLA,Natadola,sedan,airport -> destination (arrival),one-way,day 10:00,child seat,99,96,96,96,112.43,96,true,false,IN_BAND_DIFFERENCE,
FD-prod(8c6f920) lookup-down,INTERCONTINENTAL_NATADOLA,Natadola,sedan,airport -> destination (arrival),one-way,night 23:00,child seat,99,115,115,115,133.92,115,true,false,IN_BAND_DIFFERENCE,
FD-prod(8c6f920) lookup-down,INTERCONTINENTAL_NATADOLA,Natadola,sedan,airport -> destination (arrival),return,day 10:00,none,99,166,166,166,195.25,166,true,false,IN_BAND_DIFFERENCE,
FD-prod(8c6f920) lookup-down,INTERCONTINENTAL_NATADOLA,Natadola,sedan,airport -> destination (arrival),return,night 23:00,none,99,198,198,198,234.69,198,true,false,IN_BAND_DIFFERENCE,
FD-prod(8c6f920) lookup-down,INTERCONTINENTAL_NATADOLA,Natadola,sedan,airport -> destination (arrival),return,day 10:00,child seat,99,174,174,174,202.25,174,true,false,IN_BAND_DIFFERENCE,
FD-prod(8c6f920) lookup-down,INTERCONTINENTAL_NATADOLA,Natadola,sedan,airport -> destination (arrival),return,night 23:00,child seat,99,205,205,205,241.69,205,true,false,IN_BAND_DIFFERENCE,
FD-prod(8c6f920) lookup-down,INTERCONTINENTAL_NATADOLA,Natadola,minivan,airport -> destination (arrival),one-way,day 10:00,none,149,134,134,134,139.13,134,true,false,IN_BAND_DIFFERENCE,
FD-prod(8c6f920) lookup-down,INTERCONTINENTAL_NATADOLA,Natadola,minivan,airport -> destination (arrival),one-way,night 23:00,none,149,162,162,162,167.16,162,true,false,IN_BAND_DIFFERENCE,
FD-prod(8c6f920) lookup-down,INTERCONTINENTAL_NATADOLA,Natadola,minivan,airport -> destination (arrival),one-way,day 10:00,child seat,149,141,141,141,147.13,141,true,false,IN_BAND_DIFFERENCE,
FD-prod(8c6f920) lookup-down,INTERCONTINENTAL_NATADOLA,Natadola,minivan,airport -> destination (arrival),one-way,night 23:00,child seat,149,169,169,169,175.16,169,true,false,IN_BAND_DIFFERENCE,
FD-prod(8c6f920) lookup-down,INTERCONTINENTAL_NATADOLA,Natadola,minivan,airport -> destination (arrival),return,day 10:00,none,149,252,252,252,257.99,252,true,false,IN_BAND_DIFFERENCE,
FD-prod(8c6f920) lookup-down,INTERCONTINENTAL_NATADOLA,Natadola,minivan,airport -> destination (arrival),return,night 23:00,none,149,301,301,301,310.39,301,true,false,IN_BAND_DIFFERENCE,
FD-prod(8c6f920) lookup-down,INTERCONTINENTAL_NATADOLA,Natadola,minivan,airport -> destination (arrival),return,day 10:00,child seat,149,259,259,259,265.99,259,true,false,IN_BAND_DIFFERENCE,
FD-prod(8c6f920) lookup-down,INTERCONTINENTAL_NATADOLA,Natadola,minivan,airport -> destination (arrival),return,night 23:00,child seat,149,309,309,309,317.39,309,true,false,IN_BAND_DIFFERENCE,
FD-prod(8c6f920) lookup-down,INTERCONTINENTAL_NATADOLA,Natadola,minibus,airport -> destination (arrival),one-way,day 10:00,none,179,161,161,161,172.31,161,true,false,IN_BAND_DIFFERENCE,
FD-prod(8c6f920) lookup-down,INTERCONTINENTAL_NATADOLA,Natadola,minibus,airport -> destination (arrival),one-way,night 23:00,none,179,193,193,193,206.57,193,true,false,IN_BAND_DIFFERENCE,
FD-prod(8c6f920) lookup-down,INTERCONTINENTAL_NATADOLA,Natadola,minibus,airport -> destination (arrival),one-way,day 10:00,child seat,179,168,168,168,179.31,168,true,false,IN_BAND_DIFFERENCE,
FD-prod(8c6f920) lookup-down,INTERCONTINENTAL_NATADOLA,Natadola,minibus,airport -> destination (arrival),one-way,night 23:00,child seat,179,201,201,201,213.57,201,true,false,IN_BAND_DIFFERENCE,
FD-prod(8c6f920) lookup-down,INTERCONTINENTAL_NATADOLA,Natadola,minibus,airport -> destination (arrival),return,day 10:00,none,179,301,301,301,318.92,301,true,false,IN_BAND_DIFFERENCE,
FD-prod(8c6f920) lookup-down,INTERCONTINENTAL_NATADOLA,Natadola,minibus,airport -> destination (arrival),return,night 23:00,none,179,360,360,360,382.71,360,true,false,IN_BAND_DIFFERENCE,
FD-prod(8c6f920) lookup-down,INTERCONTINENTAL_NATADOLA,Natadola,minibus,airport -> destination (arrival),return,day 10:00,child seat,179,309,309,309,325.92,309,true,false,IN_BAND_DIFFERENCE,
FD-prod(8c6f920) lookup-down,INTERCONTINENTAL_NATADOLA,Natadola,minibus,airport -> destination (arrival),return,night 23:00,child seat,179,367,367,367,389.71,367,true,false,IN_BAND_DIFFERENCE,
FD-prod(8c6f920) lookup-down,ROBINSON_CRUSOE,Natadola,sedan,airport -> destination (arrival),one-way,day 10:00,none,99,89,89,89,105.43,89,true,false,IN_BAND_DIFFERENCE,
FD-prod(8c6f920) lookup-down,ROBINSON_CRUSOE,Natadola,sedan,airport -> destination (arrival),one-way,night 23:00,none,99,108,108,108,126.92,108,true,false,IN_BAND_DIFFERENCE,
FD-prod(8c6f920) lookup-down,ROBINSON_CRUSOE,Natadola,sedan,airport -> destination (arrival),one-way,day 10:00,child seat,99,96,96,96,112.43,96,true,false,IN_BAND_DIFFERENCE,
FD-prod(8c6f920) lookup-down,ROBINSON_CRUSOE,Natadola,sedan,airport -> destination (arrival),one-way,night 23:00,child seat,99,115,115,115,133.92,115,true,false,IN_BAND_DIFFERENCE,
FD-prod(8c6f920) lookup-down,ROBINSON_CRUSOE,Natadola,sedan,airport -> destination (arrival),return,day 10:00,none,99,166,166,166,195.25,166,true,false,IN_BAND_DIFFERENCE,
FD-prod(8c6f920) lookup-down,ROBINSON_CRUSOE,Natadola,sedan,airport -> destination (arrival),return,night 23:00,none,99,198,198,198,234.69,198,true,false,IN_BAND_DIFFERENCE,
FD-prod(8c6f920) lookup-down,ROBINSON_CRUSOE,Natadola,sedan,airport -> destination (arrival),return,day 10:00,child seat,99,174,174,174,202.25,174,true,false,IN_BAND_DIFFERENCE,
FD-prod(8c6f920) lookup-down,ROBINSON_CRUSOE,Natadola,sedan,airport -> destination (arrival),return,night 23:00,child seat,99,205,205,205,241.69,205,true,false,IN_BAND_DIFFERENCE,
FD-prod(8c6f920) lookup-down,ROBINSON_CRUSOE,Natadola,minivan,airport -> destination (arrival),one-way,day 10:00,none,149,134,134,134,139.13,134,true,false,IN_BAND_DIFFERENCE,
FD-prod(8c6f920) lookup-down,ROBINSON_CRUSOE,Natadola,minivan,airport -> destination (arrival),one-way,night 23:00,none,149,162,162,162,167.16,162,true,false,IN_BAND_DIFFERENCE,
FD-prod(8c6f920) lookup-down,ROBINSON_CRUSOE,Natadola,minivan,airport -> destination (arrival),one-way,day 10:00,child seat,149,141,141,141,147.13,141,true,false,IN_BAND_DIFFERENCE,
FD-prod(8c6f920) lookup-down,ROBINSON_CRUSOE,Natadola,minivan,airport -> destination (arrival),one-way,night 23:00,child seat,149,169,169,169,175.16,169,true,false,IN_BAND_DIFFERENCE,
FD-prod(8c6f920) lookup-down,ROBINSON_CRUSOE,Natadola,minivan,airport -> destination (arrival),return,day 10:00,none,149,252,252,252,257.99,252,true,false,IN_BAND_DIFFERENCE,
FD-prod(8c6f920) lookup-down,ROBINSON_CRUSOE,Natadola,minivan,airport -> destination (arrival),return,night 23:00,none,149,301,301,301,310.39,301,true,false,IN_BAND_DIFFERENCE,
FD-prod(8c6f920) lookup-down,ROBINSON_CRUSOE,Natadola,minivan,airport -> destination (arrival),return,day 10:00,child seat,149,259,259,259,265.99,259,true,false,IN_BAND_DIFFERENCE,
FD-prod(8c6f920) lookup-down,ROBINSON_CRUSOE,Natadola,minivan,airport -> destination (arrival),return,night 23:00,child seat,149,309,309,309,317.39,309,true,false,IN_BAND_DIFFERENCE,
FD-prod(8c6f920) lookup-down,ROBINSON_CRUSOE,Natadola,minibus,airport -> destination (arrival),one-way,day 10:00,none,179,161,161,161,172.31,161,true,false,IN_BAND_DIFFERENCE,
FD-prod(8c6f920) lookup-down,ROBINSON_CRUSOE,Natadola,minibus,airport -> destination (arrival),one-way,night 23:00,none,179,193,193,193,206.57,193,true,false,IN_BAND_DIFFERENCE,
FD-prod(8c6f920) lookup-down,ROBINSON_CRUSOE,Natadola,minibus,airport -> destination (arrival),one-way,day 10:00,child seat,179,168,168,168,179.31,168,true,false,IN_BAND_DIFFERENCE,
FD-prod(8c6f920) lookup-down,ROBINSON_CRUSOE,Natadola,minibus,airport -> destination (arrival),one-way,night 23:00,child seat,179,201,201,201,213.57,201,true,false,IN_BAND_DIFFERENCE,
FD-prod(8c6f920) lookup-down,ROBINSON_CRUSOE,Natadola,minibus,airport -> destination (arrival),return,day 10:00,none,179,301,301,301,318.92,301,true,false,IN_BAND_DIFFERENCE,
FD-prod(8c6f920) lookup-down,ROBINSON_CRUSOE,Natadola,minibus,airport -> destination (arrival),return,night 23:00,none,179,360,360,360,382.71,360,true,false,IN_BAND_DIFFERENCE,
FD-prod(8c6f920) lookup-down,ROBINSON_CRUSOE,Natadola,minibus,airport -> destination (arrival),return,day 10:00,child seat,179,309,309,309,325.92,309,true,false,IN_BAND_DIFFERENCE,
FD-prod(8c6f920) lookup-down,ROBINSON_CRUSOE,Natadola,minibus,airport -> destination (arrival),return,night 23:00,child seat,179,367,367,367,389.71,367,true,false,IN_BAND_DIFFERENCE,
FD-prod(8c6f920) lookup-down,SIGATOKA_SAND_DUNES,Sigatoka,sedan,airport -> destination (arrival),one-way,day 10:00,none,129,116,116,116,124.49,116,true,false,IN_BAND_DIFFERENCE,
FD-prod(8c6f920) lookup-down,SIGATOKA_SAND_DUNES,Sigatoka,sedan,airport -> destination (arrival),one-way,night 23:00,none,129,139,139,139,149.19,139,true,false,IN_BAND_DIFFERENCE,
FD-prod(8c6f920) lookup-down,SIGATOKA_SAND_DUNES,Sigatoka,sedan,airport -> destination (arrival),one-way,day 10:00,child seat,129,123,123,123,131.49,123,true,false,IN_BAND_DIFFERENCE,
FD-prod(8c6f920) lookup-down,SIGATOKA_SAND_DUNES,Sigatoka,sedan,airport -> destination (arrival),one-way,night 23:00,child seat,129,147,147,147,157.19,147,true,false,IN_BAND_DIFFERENCE,
FD-prod(8c6f920) lookup-down,SIGATOKA_SAND_DUNES,Sigatoka,sedan,airport -> destination (arrival),return,day 10:00,none,129,216,216,216,230.21,216,true,false,IN_BAND_DIFFERENCE,
FD-prod(8c6f920) lookup-down,SIGATOKA_SAND_DUNES,Sigatoka,sedan,airport -> destination (arrival),return,night 23:00,none,129,261,261,261,276.45,261,true,false,IN_BAND_DIFFERENCE,
FD-prod(8c6f920) lookup-down,SIGATOKA_SAND_DUNES,Sigatoka,sedan,airport -> destination (arrival),return,day 10:00,child seat,129,223,223,223,238.21,223,true,false,IN_BAND_DIFFERENCE,
FD-prod(8c6f920) lookup-down,SIGATOKA_SAND_DUNES,Sigatoka,sedan,airport -> destination (arrival),return,night 23:00,child seat,129,268,268,268,283.45,268,true,false,IN_BAND_DIFFERENCE,
FD-prod(8c6f920) lookup-down,SIGATOKA_SAND_DUNES,Sigatoka,minivan,airport -> destination (arrival),one-way,day 10:00,none,159,143,143,143,146.14,143,true,false,IN_BAND_DIFFERENCE,
FD-prod(8c6f920) lookup-down,SIGATOKA_SAND_DUNES,Sigatoka,minivan,airport -> destination (arrival),one-way,night 23:00,none,159,175,175,175,175.57,175,true,false,IN_BAND_DIFFERENCE,
FD-prod(8c6f920) lookup-down,SIGATOKA_SAND_DUNES,Sigatoka,minivan,airport -> destination (arrival),one-way,day 10:00,child seat,159,150,150,150,153.14,150,true,false,IN_BAND_DIFFERENCE,
FD-prod(8c6f920) lookup-down,SIGATOKA_SAND_DUNES,Sigatoka,minivan,airport -> destination (arrival),one-way,night 23:00,child seat,159,183,183,183,182.57,183,true,false,IN_BAND_DIFFERENCE,
FD-prod(8c6f920) lookup-down,SIGATOKA_SAND_DUNES,Sigatoka,minivan,airport -> destination (arrival),return,day 10:00,none,159,265,265,265,269.96,265,true,false,IN_BAND_DIFFERENCE,
FD-prod(8c6f920) lookup-down,SIGATOKA_SAND_DUNES,Sigatoka,minivan,airport -> destination (arrival),return,night 23:00,none,159,319,319,319,323.95,319,true,false,IN_BAND_DIFFERENCE,
FD-prod(8c6f920) lookup-down,SIGATOKA_SAND_DUNES,Sigatoka,minivan,airport -> destination (arrival),return,day 10:00,child seat,159,273,273,273,276.96,273,true,false,IN_BAND_DIFFERENCE,
FD-prod(8c6f920) lookup-down,SIGATOKA_SAND_DUNES,Sigatoka,minivan,airport -> destination (arrival),return,night 23:00,child seat,159,327,327,327,330.95,327,true,false,IN_BAND_DIFFERENCE,
FD-prod(8c6f920) lookup-down,SIGATOKA_SAND_DUNES,Sigatoka,minibus,airport -> destination (arrival),one-way,day 10:00,none,199,179,179,179,184.31,179,true,false,IN_BAND_DIFFERENCE,
FD-prod(8c6f920) lookup-down,SIGATOKA_SAND_DUNES,Sigatoka,minibus,airport -> destination (arrival),one-way,night 23:00,none,199,216,216,216,221.37,216,true,false,IN_BAND_DIFFERENCE,
FD-prod(8c6f920) lookup-down,SIGATOKA_SAND_DUNES,Sigatoka,minibus,airport -> destination (arrival),one-way,day 10:00,child seat,199,186,186,186,192.31,186,true,false,IN_BAND_DIFFERENCE,
FD-prod(8c6f920) lookup-down,SIGATOKA_SAND_DUNES,Sigatoka,minibus,airport -> destination (arrival),one-way,night 23:00,child seat,199,223,223,223,229.37,223,true,false,IN_BAND_DIFFERENCE,
FD-prod(8c6f920) lookup-down,SIGATOKA_SAND_DUNES,Sigatoka,minibus,airport -> destination (arrival),return,day 10:00,none,199,333,333,333,341.82,333,true,false,IN_BAND_DIFFERENCE,
FD-prod(8c6f920) lookup-down,SIGATOKA_SAND_DUNES,Sigatoka,minibus,airport -> destination (arrival),return,night 23:00,none,199,400,400,400,409.79,400,true,false,IN_BAND_DIFFERENCE,
FD-prod(8c6f920) lookup-down,SIGATOKA_SAND_DUNES,Sigatoka,minibus,airport -> destination (arrival),return,day 10:00,child seat,199,340,340,340,348.82,340,true,false,IN_BAND_DIFFERENCE,
FD-prod(8c6f920) lookup-down,SIGATOKA_SAND_DUNES,Sigatoka,minibus,airport -> destination (arrival),return,night 23:00,child seat,199,408,408,408,417.79,408,true,false,IN_BAND_DIFFERENCE,
FD-prod(8c6f920) lookup-down,BEDARRA_INN,Sigatoka,sedan,airport -> destination (arrival),one-way,day 10:00,none,129,116,116,116,124.49,116,true,false,IN_BAND_DIFFERENCE,
FD-prod(8c6f920) lookup-down,BEDARRA_INN,Sigatoka,sedan,airport -> destination (arrival),one-way,night 23:00,none,129,139,139,139,149.19,139,true,false,IN_BAND_DIFFERENCE,
FD-prod(8c6f920) lookup-down,BEDARRA_INN,Sigatoka,sedan,airport -> destination (arrival),one-way,day 10:00,child seat,129,123,123,123,131.49,123,true,false,IN_BAND_DIFFERENCE,
FD-prod(8c6f920) lookup-down,BEDARRA_INN,Sigatoka,sedan,airport -> destination (arrival),one-way,night 23:00,child seat,129,147,147,147,157.19,147,true,false,IN_BAND_DIFFERENCE,
FD-prod(8c6f920) lookup-down,BEDARRA_INN,Sigatoka,sedan,airport -> destination (arrival),return,day 10:00,none,129,216,216,216,230.21,216,true,false,IN_BAND_DIFFERENCE,
FD-prod(8c6f920) lookup-down,BEDARRA_INN,Sigatoka,sedan,airport -> destination (arrival),return,night 23:00,none,129,261,261,261,276.45,261,true,false,IN_BAND_DIFFERENCE,
FD-prod(8c6f920) lookup-down,BEDARRA_INN,Sigatoka,sedan,airport -> destination (arrival),return,day 10:00,child seat,129,223,223,223,238.21,223,true,false,IN_BAND_DIFFERENCE,
FD-prod(8c6f920) lookup-down,BEDARRA_INN,Sigatoka,sedan,airport -> destination (arrival),return,night 23:00,child seat,129,268,268,268,283.45,268,true,false,IN_BAND_DIFFERENCE,
FD-prod(8c6f920) lookup-down,BEDARRA_INN,Sigatoka,minivan,airport -> destination (arrival),one-way,day 10:00,none,159,143,143,143,146.14,143,true,false,IN_BAND_DIFFERENCE,
FD-prod(8c6f920) lookup-down,BEDARRA_INN,Sigatoka,minivan,airport -> destination (arrival),one-way,night 23:00,none,159,175,175,175,175.57,175,true,false,IN_BAND_DIFFERENCE,
FD-prod(8c6f920) lookup-down,BEDARRA_INN,Sigatoka,minivan,airport -> destination (arrival),one-way,day 10:00,child seat,159,150,150,150,153.14,150,true,false,IN_BAND_DIFFERENCE,
FD-prod(8c6f920) lookup-down,BEDARRA_INN,Sigatoka,minivan,airport -> destination (arrival),one-way,night 23:00,child seat,159,183,183,183,182.57,183,true,false,IN_BAND_DIFFERENCE,
FD-prod(8c6f920) lookup-down,BEDARRA_INN,Sigatoka,minivan,airport -> destination (arrival),return,day 10:00,none,159,265,265,265,269.96,265,true,false,IN_BAND_DIFFERENCE,
FD-prod(8c6f920) lookup-down,BEDARRA_INN,Sigatoka,minivan,airport -> destination (arrival),return,night 23:00,none,159,319,319,319,323.95,319,true,false,IN_BAND_DIFFERENCE,
FD-prod(8c6f920) lookup-down,BEDARRA_INN,Sigatoka,minivan,airport -> destination (arrival),return,day 10:00,child seat,159,273,273,273,276.96,273,true,false,IN_BAND_DIFFERENCE,
FD-prod(8c6f920) lookup-down,BEDARRA_INN,Sigatoka,minivan,airport -> destination (arrival),return,night 23:00,child seat,159,327,327,327,330.95,327,true,false,IN_BAND_DIFFERENCE,
FD-prod(8c6f920) lookup-down,BEDARRA_INN,Sigatoka,minibus,airport -> destination (arrival),one-way,day 10:00,none,199,179,179,179,184.31,179,true,false,IN_BAND_DIFFERENCE,
FD-prod(8c6f920) lookup-down,BEDARRA_INN,Sigatoka,minibus,airport -> destination (arrival),one-way,night 23:00,none,199,216,216,216,221.37,216,true,false,IN_BAND_DIFFERENCE,
FD-prod(8c6f920) lookup-down,BEDARRA_INN,Sigatoka,minibus,airport -> destination (arrival),one-way,day 10:00,child seat,199,186,186,186,192.31,186,true,false,IN_BAND_DIFFERENCE,
FD-prod(8c6f920) lookup-down,BEDARRA_INN,Sigatoka,minibus,airport -> destination (arrival),one-way,night 23:00,child seat,199,223,223,223,229.37,223,true,false,IN_BAND_DIFFERENCE,
FD-prod(8c6f920) lookup-down,BEDARRA_INN,Sigatoka,minibus,airport -> destination (arrival),return,day 10:00,none,199,333,333,333,341.82,333,true,false,IN_BAND_DIFFERENCE,
FD-prod(8c6f920) lookup-down,BEDARRA_INN,Sigatoka,minibus,airport -> destination (arrival),return,night 23:00,none,199,400,400,400,409.79,400,true,false,IN_BAND_DIFFERENCE,
FD-prod(8c6f920) lookup-down,BEDARRA_INN,Sigatoka,minibus,airport -> destination (arrival),return,day 10:00,child seat,199,340,340,340,348.82,340,true,false,IN_BAND_DIFFERENCE,
FD-prod(8c6f920) lookup-down,BEDARRA_INN,Sigatoka,minibus,airport -> destination (arrival),return,night 23:00,child seat,199,408,408,408,417.79,408,true,false,IN_BAND_DIFFERENCE,
FD-prod(8c6f920) lookup-down,KULA_ECO,Sigatoka,sedan,airport -> destination (arrival),one-way,day 10:00,none,129,116,116,116,124.49,116,true,false,IN_BAND_DIFFERENCE,
FD-prod(8c6f920) lookup-down,KULA_ECO,Sigatoka,sedan,airport -> destination (arrival),one-way,night 23:00,none,129,139,139,139,149.19,139,true,false,IN_BAND_DIFFERENCE,
FD-prod(8c6f920) lookup-down,KULA_ECO,Sigatoka,sedan,airport -> destination (arrival),one-way,day 10:00,child seat,129,123,123,123,131.49,123,true,false,IN_BAND_DIFFERENCE,
FD-prod(8c6f920) lookup-down,KULA_ECO,Sigatoka,sedan,airport -> destination (arrival),one-way,night 23:00,child seat,129,147,147,147,157.19,147,true,false,IN_BAND_DIFFERENCE,
FD-prod(8c6f920) lookup-down,KULA_ECO,Sigatoka,sedan,airport -> destination (arrival),return,day 10:00,none,129,216,216,216,230.21,216,true,false,IN_BAND_DIFFERENCE,
FD-prod(8c6f920) lookup-down,KULA_ECO,Sigatoka,sedan,airport -> destination (arrival),return,night 23:00,none,129,261,261,261,276.45,261,true,false,IN_BAND_DIFFERENCE,
FD-prod(8c6f920) lookup-down,KULA_ECO,Sigatoka,sedan,airport -> destination (arrival),return,day 10:00,child seat,129,223,223,223,238.21,223,true,false,IN_BAND_DIFFERENCE,
FD-prod(8c6f920) lookup-down,KULA_ECO,Sigatoka,sedan,airport -> destination (arrival),return,night 23:00,child seat,129,268,268,268,283.45,268,true,false,IN_BAND_DIFFERENCE,
FD-prod(8c6f920) lookup-down,KULA_ECO,Sigatoka,minivan,airport -> destination (arrival),one-way,day 10:00,none,159,143,143,143,146.14,143,true,false,IN_BAND_DIFFERENCE,
FD-prod(8c6f920) lookup-down,KULA_ECO,Sigatoka,minivan,airport -> destination (arrival),one-way,night 23:00,none,159,175,175,175,175.57,175,true,false,IN_BAND_DIFFERENCE,
FD-prod(8c6f920) lookup-down,KULA_ECO,Sigatoka,minivan,airport -> destination (arrival),one-way,day 10:00,child seat,159,150,150,150,153.14,150,true,false,IN_BAND_DIFFERENCE,
FD-prod(8c6f920) lookup-down,KULA_ECO,Sigatoka,minivan,airport -> destination (arrival),one-way,night 23:00,child seat,159,183,183,183,182.57,183,true,false,IN_BAND_DIFFERENCE,
FD-prod(8c6f920) lookup-down,KULA_ECO,Sigatoka,minivan,airport -> destination (arrival),return,day 10:00,none,159,265,265,265,269.96,265,true,false,IN_BAND_DIFFERENCE,
FD-prod(8c6f920) lookup-down,KULA_ECO,Sigatoka,minivan,airport -> destination (arrival),return,night 23:00,none,159,319,319,319,323.95,319,true,false,IN_BAND_DIFFERENCE,
FD-prod(8c6f920) lookup-down,KULA_ECO,Sigatoka,minivan,airport -> destination (arrival),return,day 10:00,child seat,159,273,273,273,276.96,273,true,false,IN_BAND_DIFFERENCE,
FD-prod(8c6f920) lookup-down,KULA_ECO,Sigatoka,minivan,airport -> destination (arrival),return,night 23:00,child seat,159,327,327,327,330.95,327,true,false,IN_BAND_DIFFERENCE,
FD-prod(8c6f920) lookup-down,KULA_ECO,Sigatoka,minibus,airport -> destination (arrival),one-way,day 10:00,none,199,179,179,179,184.31,179,true,false,IN_BAND_DIFFERENCE,
FD-prod(8c6f920) lookup-down,KULA_ECO,Sigatoka,minibus,airport -> destination (arrival),one-way,night 23:00,none,199,216,216,216,221.37,216,true,false,IN_BAND_DIFFERENCE,
FD-prod(8c6f920) lookup-down,KULA_ECO,Sigatoka,minibus,airport -> destination (arrival),one-way,day 10:00,child seat,199,186,186,186,192.31,186,true,false,IN_BAND_DIFFERENCE,
FD-prod(8c6f920) lookup-down,KULA_ECO,Sigatoka,minibus,airport -> destination (arrival),one-way,night 23:00,child seat,199,223,223,223,229.37,223,true,false,IN_BAND_DIFFERENCE,
FD-prod(8c6f920) lookup-down,KULA_ECO,Sigatoka,minibus,airport -> destination (arrival),return,day 10:00,none,199,333,333,333,341.82,333,true,false,IN_BAND_DIFFERENCE,
FD-prod(8c6f920) lookup-down,KULA_ECO,Sigatoka,minibus,airport -> destination (arrival),return,night 23:00,none,199,400,400,400,409.79,400,true,false,IN_BAND_DIFFERENCE,
FD-prod(8c6f920) lookup-down,KULA_ECO,Sigatoka,minibus,airport -> destination (arrival),return,day 10:00,child seat,199,340,340,340,348.82,340,true,false,IN_BAND_DIFFERENCE,
FD-prod(8c6f920) lookup-down,KULA_ECO,Sigatoka,minibus,airport -> destination (arrival),return,night 23:00,child seat,199,408,408,408,417.79,408,true,false,IN_BAND_DIFFERENCE,
FD-prod(8c6f920) lookup-down,SHANGRI_LA_YANUCA,Coral Coast,sedan,airport -> destination (arrival),one-way,day 10:00,none,129,116,116,116,127.96,116,true,false,IN_BAND_DIFFERENCE,
FD-prod(8c6f920) lookup-down,SHANGRI_LA_YANUCA,Coral Coast,sedan,airport -> destination (arrival),one-way,night 23:00,none,129,139,139,139,153.35,139,true,false,IN_BAND_DIFFERENCE,
FD-prod(8c6f920) lookup-down,SHANGRI_LA_YANUCA,Coral Coast,sedan,airport -> destination (arrival),one-way,day 10:00,child seat,129,123,123,123,134.96,123,true,false,IN_BAND_DIFFERENCE,
FD-prod(8c6f920) lookup-down,SHANGRI_LA_YANUCA,Coral Coast,sedan,airport -> destination (arrival),one-way,night 23:00,child seat,129,147,147,147,160.35,147,true,false,IN_BAND_DIFFERENCE,
FD-prod(8c6f920) lookup-down,SHANGRI_LA_YANUCA,Coral Coast,sedan,airport -> destination (arrival),return,day 10:00,none,129,216,216,216,236.63,216,true,false,IN_BAND_DIFFERENCE,
FD-prod(8c6f920) lookup-down,SHANGRI_LA_YANUCA,Coral Coast,sedan,airport -> destination (arrival),return,night 23:00,none,129,261,261,261,283.15,261,true,false,IN_BAND_DIFFERENCE,
FD-prod(8c6f920) lookup-down,SHANGRI_LA_YANUCA,Coral Coast,sedan,airport -> destination (arrival),return,day 10:00,child seat,129,223,223,223,243.63,223,true,false,IN_BAND_DIFFERENCE,
FD-prod(8c6f920) lookup-down,SHANGRI_LA_YANUCA,Coral Coast,sedan,airport -> destination (arrival),return,night 23:00,child seat,129,268,268,268,291.15,268,true,false,IN_BAND_DIFFERENCE,
FD-prod(8c6f920) lookup-down,SHANGRI_LA_YANUCA,Coral Coast,minivan,airport -> destination (arrival),one-way,day 10:00,none,159,143,143,143,158.81,143,true,false,IN_BAND_DIFFERENCE,
FD-prod(8c6f920) lookup-down,SHANGRI_LA_YANUCA,Coral Coast,minivan,airport -> destination (arrival),one-way,night 23:00,none,159,175,175,175,191.17,175,true,false,IN_BAND_DIFFERENCE,
FD-prod(8c6f920) lookup-down,SHANGRI_LA_YANUCA,Coral Coast,minivan,airport -> destination (arrival),one-way,day 10:00,child seat,159,150,150,150,166.81,150,true,false,IN_BAND_DIFFERENCE,
FD-prod(8c6f920) lookup-down,SHANGRI_LA_YANUCA,Coral Coast,minivan,airport -> destination (arrival),one-way,night 23:00,child seat,159,183,183,183,198.17,183,true,false,IN_BAND_DIFFERENCE,
FD-prod(8c6f920) lookup-down,SHANGRI_LA_YANUCA,Coral Coast,minivan,airport -> destination (arrival),return,day 10:00,none,159,265,265,265,294.1,265,true,false,IN_BAND_DIFFERENCE,
FD-prod(8c6f920) lookup-down,SHANGRI_LA_YANUCA,Coral Coast,minivan,airport -> destination (arrival),return,night 23:00,none,159,319,319,319,353.52,319,true,false,IN_BAND_DIFFERENCE,
FD-prod(8c6f920) lookup-down,SHANGRI_LA_YANUCA,Coral Coast,minivan,airport -> destination (arrival),return,day 10:00,child seat,159,273,273,273,301.1,273,true,false,IN_BAND_DIFFERENCE,
FD-prod(8c6f920) lookup-down,SHANGRI_LA_YANUCA,Coral Coast,minivan,airport -> destination (arrival),return,night 23:00,child seat,159,327,327,327,360.52,327,true,false,IN_BAND_DIFFERENCE,
FD-prod(8c6f920) lookup-down,SHANGRI_LA_YANUCA,Coral Coast,minibus,airport -> destination (arrival),one-way,day 10:00,none,199,179,179,179,197.37,179,true,false,IN_BAND_DIFFERENCE,
FD-prod(8c6f920) lookup-down,SHANGRI_LA_YANUCA,Coral Coast,minibus,airport -> destination (arrival),one-way,night 23:00,none,199,216,216,216,237.24,216,true,false,IN_BAND_DIFFERENCE,
FD-prod(8c6f920) lookup-down,SHANGRI_LA_YANUCA,Coral Coast,minibus,airport -> destination (arrival),one-way,day 10:00,child seat,199,186,186,186,204.37,186,true,false,IN_BAND_DIFFERENCE,
FD-prod(8c6f920) lookup-down,SHANGRI_LA_YANUCA,Coral Coast,minibus,airport -> destination (arrival),one-way,night 23:00,child seat,199,223,223,223,244.24,223,true,false,IN_BAND_DIFFERENCE,
FD-prod(8c6f920) lookup-down,SHANGRI_LA_YANUCA,Coral Coast,minibus,airport -> destination (arrival),return,day 10:00,none,199,333,333,333,364.83,333,true,false,IN_BAND_DIFFERENCE,
FD-prod(8c6f920) lookup-down,SHANGRI_LA_YANUCA,Coral Coast,minibus,airport -> destination (arrival),return,night 23:00,none,199,400,400,400,438,400,true,false,IN_BAND_DIFFERENCE,
FD-prod(8c6f920) lookup-down,SHANGRI_LA_YANUCA,Coral Coast,minibus,airport -> destination (arrival),return,day 10:00,child seat,199,340,340,340,372.83,340,true,false,IN_BAND_DIFFERENCE,
FD-prod(8c6f920) lookup-down,SHANGRI_LA_YANUCA,Coral Coast,minibus,airport -> destination (arrival),return,night 23:00,child seat,199,408,408,408,445,408,true,false,IN_BAND_DIFFERENCE,
FD-prod(8c6f920) lookup-down,HIDEAWAY_RESORT,Coral Coast,sedan,airport -> destination (arrival),one-way,day 10:00,none,129,116,116,116,127.96,116,true,false,IN_BAND_DIFFERENCE,
FD-prod(8c6f920) lookup-down,HIDEAWAY_RESORT,Coral Coast,sedan,airport -> destination (arrival),one-way,night 23:00,none,129,139,139,139,153.35,139,true,false,IN_BAND_DIFFERENCE,
FD-prod(8c6f920) lookup-down,HIDEAWAY_RESORT,Coral Coast,sedan,airport -> destination (arrival),one-way,day 10:00,child seat,129,123,123,123,134.96,123,true,false,IN_BAND_DIFFERENCE,
FD-prod(8c6f920) lookup-down,HIDEAWAY_RESORT,Coral Coast,sedan,airport -> destination (arrival),one-way,night 23:00,child seat,129,147,147,147,160.35,147,true,false,IN_BAND_DIFFERENCE,
FD-prod(8c6f920) lookup-down,HIDEAWAY_RESORT,Coral Coast,sedan,airport -> destination (arrival),return,day 10:00,none,129,216,216,216,236.63,216,true,false,IN_BAND_DIFFERENCE,
FD-prod(8c6f920) lookup-down,HIDEAWAY_RESORT,Coral Coast,sedan,airport -> destination (arrival),return,night 23:00,none,129,261,261,261,283.15,261,true,false,IN_BAND_DIFFERENCE,
FD-prod(8c6f920) lookup-down,HIDEAWAY_RESORT,Coral Coast,sedan,airport -> destination (arrival),return,day 10:00,child seat,129,223,223,223,243.63,223,true,false,IN_BAND_DIFFERENCE,
FD-prod(8c6f920) lookup-down,HIDEAWAY_RESORT,Coral Coast,sedan,airport -> destination (arrival),return,night 23:00,child seat,129,268,268,268,291.15,268,true,false,IN_BAND_DIFFERENCE,
FD-prod(8c6f920) lookup-down,HIDEAWAY_RESORT,Coral Coast,minivan,airport -> destination (arrival),one-way,day 10:00,none,159,143,143,143,158.81,143,true,false,IN_BAND_DIFFERENCE,
FD-prod(8c6f920) lookup-down,HIDEAWAY_RESORT,Coral Coast,minivan,airport -> destination (arrival),one-way,night 23:00,none,159,175,175,175,191.17,175,true,false,IN_BAND_DIFFERENCE,
FD-prod(8c6f920) lookup-down,HIDEAWAY_RESORT,Coral Coast,minivan,airport -> destination (arrival),one-way,day 10:00,child seat,159,150,150,150,166.81,150,true,false,IN_BAND_DIFFERENCE,
FD-prod(8c6f920) lookup-down,HIDEAWAY_RESORT,Coral Coast,minivan,airport -> destination (arrival),one-way,night 23:00,child seat,159,183,183,183,198.17,183,true,false,IN_BAND_DIFFERENCE,
FD-prod(8c6f920) lookup-down,HIDEAWAY_RESORT,Coral Coast,minivan,airport -> destination (arrival),return,day 10:00,none,159,265,265,265,294.1,265,true,false,IN_BAND_DIFFERENCE,
FD-prod(8c6f920) lookup-down,HIDEAWAY_RESORT,Coral Coast,minivan,airport -> destination (arrival),return,night 23:00,none,159,319,319,319,353.52,319,true,false,IN_BAND_DIFFERENCE,
FD-prod(8c6f920) lookup-down,HIDEAWAY_RESORT,Coral Coast,minivan,airport -> destination (arrival),return,day 10:00,child seat,159,273,273,273,301.1,273,true,false,IN_BAND_DIFFERENCE,
FD-prod(8c6f920) lookup-down,HIDEAWAY_RESORT,Coral Coast,minivan,airport -> destination (arrival),return,night 23:00,child seat,159,327,327,327,360.52,327,true,false,IN_BAND_DIFFERENCE,
FD-prod(8c6f920) lookup-down,HIDEAWAY_RESORT,Coral Coast,minibus,airport -> destination (arrival),one-way,day 10:00,none,199,179,179,179,197.37,179,true,false,IN_BAND_DIFFERENCE,
FD-prod(8c6f920) lookup-down,HIDEAWAY_RESORT,Coral Coast,minibus,airport -> destination (arrival),one-way,night 23:00,none,199,216,216,216,237.24,216,true,false,IN_BAND_DIFFERENCE,
FD-prod(8c6f920) lookup-down,HIDEAWAY_RESORT,Coral Coast,minibus,airport -> destination (arrival),one-way,day 10:00,child seat,199,186,186,186,204.37,186,true,false,IN_BAND_DIFFERENCE,
FD-prod(8c6f920) lookup-down,HIDEAWAY_RESORT,Coral Coast,minibus,airport -> destination (arrival),one-way,night 23:00,child seat,199,223,223,223,244.24,223,true,false,IN_BAND_DIFFERENCE,
FD-prod(8c6f920) lookup-down,HIDEAWAY_RESORT,Coral Coast,minibus,airport -> destination (arrival),return,day 10:00,none,199,333,333,333,364.83,333,true,false,IN_BAND_DIFFERENCE,
FD-prod(8c6f920) lookup-down,HIDEAWAY_RESORT,Coral Coast,minibus,airport -> destination (arrival),return,night 23:00,none,199,400,400,400,438,400,true,false,IN_BAND_DIFFERENCE,
FD-prod(8c6f920) lookup-down,HIDEAWAY_RESORT,Coral Coast,minibus,airport -> destination (arrival),return,day 10:00,child seat,199,340,340,340,372.83,340,true,false,IN_BAND_DIFFERENCE,
FD-prod(8c6f920) lookup-down,HIDEAWAY_RESORT,Coral Coast,minibus,airport -> destination (arrival),return,night 23:00,child seat,199,408,408,408,445,408,true,false,IN_BAND_DIFFERENCE,
FD-prod(8c6f920) lookup-down,CRUSOES_RETREAT,Coral Coast,sedan,airport -> destination (arrival),one-way,day 10:00,none,129,116,116,116,127.96,116,true,false,IN_BAND_DIFFERENCE,
FD-prod(8c6f920) lookup-down,CRUSOES_RETREAT,Coral Coast,sedan,airport -> destination (arrival),one-way,night 23:00,none,129,139,139,139,153.35,139,true,false,IN_BAND_DIFFERENCE,
FD-prod(8c6f920) lookup-down,CRUSOES_RETREAT,Coral Coast,sedan,airport -> destination (arrival),one-way,day 10:00,child seat,129,123,123,123,134.96,123,true,false,IN_BAND_DIFFERENCE,
FD-prod(8c6f920) lookup-down,CRUSOES_RETREAT,Coral Coast,sedan,airport -> destination (arrival),one-way,night 23:00,child seat,129,147,147,147,160.35,147,true,false,IN_BAND_DIFFERENCE,
FD-prod(8c6f920) lookup-down,CRUSOES_RETREAT,Coral Coast,sedan,airport -> destination (arrival),return,day 10:00,none,129,216,216,216,236.63,216,true,false,IN_BAND_DIFFERENCE,
FD-prod(8c6f920) lookup-down,CRUSOES_RETREAT,Coral Coast,sedan,airport -> destination (arrival),return,night 23:00,none,129,261,261,261,283.15,261,true,false,IN_BAND_DIFFERENCE,
FD-prod(8c6f920) lookup-down,CRUSOES_RETREAT,Coral Coast,sedan,airport -> destination (arrival),return,day 10:00,child seat,129,223,223,223,243.63,223,true,false,IN_BAND_DIFFERENCE,
FD-prod(8c6f920) lookup-down,CRUSOES_RETREAT,Coral Coast,sedan,airport -> destination (arrival),return,night 23:00,child seat,129,268,268,268,291.15,268,true,false,IN_BAND_DIFFERENCE,
FD-prod(8c6f920) lookup-down,CRUSOES_RETREAT,Coral Coast,minivan,airport -> destination (arrival),one-way,day 10:00,none,159,143,143,143,158.81,143,true,false,IN_BAND_DIFFERENCE,
FD-prod(8c6f920) lookup-down,CRUSOES_RETREAT,Coral Coast,minivan,airport -> destination (arrival),one-way,night 23:00,none,159,175,175,175,191.17,175,true,false,IN_BAND_DIFFERENCE,
FD-prod(8c6f920) lookup-down,CRUSOES_RETREAT,Coral Coast,minivan,airport -> destination (arrival),one-way,day 10:00,child seat,159,150,150,150,166.81,150,true,false,IN_BAND_DIFFERENCE,
FD-prod(8c6f920) lookup-down,CRUSOES_RETREAT,Coral Coast,minivan,airport -> destination (arrival),one-way,night 23:00,child seat,159,183,183,183,198.17,183,true,false,IN_BAND_DIFFERENCE,
FD-prod(8c6f920) lookup-down,CRUSOES_RETREAT,Coral Coast,minivan,airport -> destination (arrival),return,day 10:00,none,159,265,265,265,294.1,265,true,false,IN_BAND_DIFFERENCE,
FD-prod(8c6f920) lookup-down,CRUSOES_RETREAT,Coral Coast,minivan,airport -> destination (arrival),return,night 23:00,none,159,319,319,319,353.52,319,true,false,IN_BAND_DIFFERENCE,
FD-prod(8c6f920) lookup-down,CRUSOES_RETREAT,Coral Coast,minivan,airport -> destination (arrival),return,day 10:00,child seat,159,273,273,273,301.1,273,true,false,IN_BAND_DIFFERENCE,
FD-prod(8c6f920) lookup-down,CRUSOES_RETREAT,Coral Coast,minivan,airport -> destination (arrival),return,night 23:00,child seat,159,327,327,327,360.52,327,true,false,IN_BAND_DIFFERENCE,
FD-prod(8c6f920) lookup-down,CRUSOES_RETREAT,Coral Coast,minibus,airport -> destination (arrival),one-way,day 10:00,none,199,179,179,179,197.37,179,true,false,IN_BAND_DIFFERENCE,
FD-prod(8c6f920) lookup-down,CRUSOES_RETREAT,Coral Coast,minibus,airport -> destination (arrival),one-way,night 23:00,none,199,216,216,216,237.24,216,true,false,IN_BAND_DIFFERENCE,
FD-prod(8c6f920) lookup-down,CRUSOES_RETREAT,Coral Coast,minibus,airport -> destination (arrival),one-way,day 10:00,child seat,199,186,186,186,204.37,186,true,false,IN_BAND_DIFFERENCE,
FD-prod(8c6f920) lookup-down,CRUSOES_RETREAT,Coral Coast,minibus,airport -> destination (arrival),one-way,night 23:00,child seat,199,223,223,223,244.24,223,true,false,IN_BAND_DIFFERENCE,
FD-prod(8c6f920) lookup-down,CRUSOES_RETREAT,Coral Coast,minibus,airport -> destination (arrival),return,day 10:00,none,199,333,333,333,364.83,333,true,false,IN_BAND_DIFFERENCE,
FD-prod(8c6f920) lookup-down,CRUSOES_RETREAT,Coral Coast,minibus,airport -> destination (arrival),return,night 23:00,none,199,400,400,400,438,400,true,false,IN_BAND_DIFFERENCE,
FD-prod(8c6f920) lookup-down,CRUSOES_RETREAT,Coral Coast,minibus,airport -> destination (arrival),return,day 10:00,child seat,199,340,340,340,372.83,340,true,false,IN_BAND_DIFFERENCE,
FD-prod(8c6f920) lookup-down,CRUSOES_RETREAT,Coral Coast,minibus,airport -> destination (arrival),return,night 23:00,child seat,199,408,408,408,445,408,true,false,IN_BAND_DIFFERENCE,
FD-prod(8c6f920) lookup-down,OUTRIGGER_FIJI,Coral Coast,sedan,airport -> destination (arrival),one-way,day 10:00,none,129,116,116,116,127.96,116,true,false,IN_BAND_DIFFERENCE,
FD-prod(8c6f920) lookup-down,OUTRIGGER_FIJI,Coral Coast,sedan,airport -> destination (arrival),one-way,night 23:00,none,129,139,139,139,153.35,139,true,false,IN_BAND_DIFFERENCE,
FD-prod(8c6f920) lookup-down,OUTRIGGER_FIJI,Coral Coast,sedan,airport -> destination (arrival),one-way,day 10:00,child seat,129,123,123,123,134.96,123,true,false,IN_BAND_DIFFERENCE,
FD-prod(8c6f920) lookup-down,OUTRIGGER_FIJI,Coral Coast,sedan,airport -> destination (arrival),one-way,night 23:00,child seat,129,147,147,147,160.35,147,true,false,IN_BAND_DIFFERENCE,
FD-prod(8c6f920) lookup-down,OUTRIGGER_FIJI,Coral Coast,sedan,airport -> destination (arrival),return,day 10:00,none,129,216,216,216,236.63,216,true,false,IN_BAND_DIFFERENCE,
FD-prod(8c6f920) lookup-down,OUTRIGGER_FIJI,Coral Coast,sedan,airport -> destination (arrival),return,night 23:00,none,129,261,261,261,283.15,261,true,false,IN_BAND_DIFFERENCE,
FD-prod(8c6f920) lookup-down,OUTRIGGER_FIJI,Coral Coast,sedan,airport -> destination (arrival),return,day 10:00,child seat,129,223,223,223,243.63,223,true,false,IN_BAND_DIFFERENCE,
FD-prod(8c6f920) lookup-down,OUTRIGGER_FIJI,Coral Coast,sedan,airport -> destination (arrival),return,night 23:00,child seat,129,268,268,268,291.15,268,true,false,IN_BAND_DIFFERENCE,
FD-prod(8c6f920) lookup-down,OUTRIGGER_FIJI,Coral Coast,minivan,airport -> destination (arrival),one-way,day 10:00,none,159,143,143,143,158.81,143,true,false,IN_BAND_DIFFERENCE,
FD-prod(8c6f920) lookup-down,OUTRIGGER_FIJI,Coral Coast,minivan,airport -> destination (arrival),one-way,night 23:00,none,159,175,175,175,191.17,175,true,false,IN_BAND_DIFFERENCE,
FD-prod(8c6f920) lookup-down,OUTRIGGER_FIJI,Coral Coast,minivan,airport -> destination (arrival),one-way,day 10:00,child seat,159,150,150,150,166.81,150,true,false,IN_BAND_DIFFERENCE,
FD-prod(8c6f920) lookup-down,OUTRIGGER_FIJI,Coral Coast,minivan,airport -> destination (arrival),one-way,night 23:00,child seat,159,183,183,183,198.17,183,true,false,IN_BAND_DIFFERENCE,
FD-prod(8c6f920) lookup-down,OUTRIGGER_FIJI,Coral Coast,minivan,airport -> destination (arrival),return,day 10:00,none,159,265,265,265,294.1,265,true,false,IN_BAND_DIFFERENCE,
FD-prod(8c6f920) lookup-down,OUTRIGGER_FIJI,Coral Coast,minivan,airport -> destination (arrival),return,night 23:00,none,159,319,319,319,353.52,319,true,false,IN_BAND_DIFFERENCE,
FD-prod(8c6f920) lookup-down,OUTRIGGER_FIJI,Coral Coast,minivan,airport -> destination (arrival),return,day 10:00,child seat,159,273,273,273,301.1,273,true,false,IN_BAND_DIFFERENCE,
FD-prod(8c6f920) lookup-down,OUTRIGGER_FIJI,Coral Coast,minivan,airport -> destination (arrival),return,night 23:00,child seat,159,327,327,327,360.52,327,true,false,IN_BAND_DIFFERENCE,
FD-prod(8c6f920) lookup-down,OUTRIGGER_FIJI,Coral Coast,minibus,airport -> destination (arrival),one-way,day 10:00,none,199,179,179,179,197.37,179,true,false,IN_BAND_DIFFERENCE,
FD-prod(8c6f920) lookup-down,OUTRIGGER_FIJI,Coral Coast,minibus,airport -> destination (arrival),one-way,night 23:00,none,199,216,216,216,237.24,216,true,false,IN_BAND_DIFFERENCE,
FD-prod(8c6f920) lookup-down,OUTRIGGER_FIJI,Coral Coast,minibus,airport -> destination (arrival),one-way,day 10:00,child seat,199,186,186,186,204.37,186,true,false,IN_BAND_DIFFERENCE,
FD-prod(8c6f920) lookup-down,OUTRIGGER_FIJI,Coral Coast,minibus,airport -> destination (arrival),one-way,night 23:00,child seat,199,223,223,223,244.24,223,true,false,IN_BAND_DIFFERENCE,
FD-prod(8c6f920) lookup-down,OUTRIGGER_FIJI,Coral Coast,minibus,airport -> destination (arrival),return,day 10:00,none,199,333,333,333,364.83,333,true,false,IN_BAND_DIFFERENCE,
FD-prod(8c6f920) lookup-down,OUTRIGGER_FIJI,Coral Coast,minibus,airport -> destination (arrival),return,night 23:00,none,199,400,400,400,438,400,true,false,IN_BAND_DIFFERENCE,
FD-prod(8c6f920) lookup-down,OUTRIGGER_FIJI,Coral Coast,minibus,airport -> destination (arrival),return,day 10:00,child seat,199,340,340,340,372.83,340,true,false,IN_BAND_DIFFERENCE,
FD-prod(8c6f920) lookup-down,OUTRIGGER_FIJI,Coral Coast,minibus,airport -> destination (arrival),return,night 23:00,child seat,199,408,408,408,445,408,true,false,IN_BAND_DIFFERENCE,
FD-prod(8c6f920) lookup-down,THE_WARWICK,Coral Coast,sedan,airport -> destination (arrival),one-way,day 10:00,none,149,134,134,134,127.96,134,true,false,IN_BAND_DIFFERENCE,
FD-prod(8c6f920) lookup-down,THE_WARWICK,Coral Coast,sedan,airport -> destination (arrival),one-way,night 23:00,none,149,162,162,162,153.35,162,true,false,IN_BAND_DIFFERENCE,
FD-prod(8c6f920) lookup-down,THE_WARWICK,Coral Coast,sedan,airport -> destination (arrival),one-way,day 10:00,child seat,149,141,141,141,134.96,141,true,false,IN_BAND_DIFFERENCE,
FD-prod(8c6f920) lookup-down,THE_WARWICK,Coral Coast,sedan,airport -> destination (arrival),one-way,night 23:00,child seat,149,169,169,169,160.35,169,true,false,IN_BAND_DIFFERENCE,
FD-prod(8c6f920) lookup-down,THE_WARWICK,Coral Coast,sedan,airport -> destination (arrival),return,day 10:00,none,149,252,252,252,236.63,252,true,false,IN_BAND_DIFFERENCE,
FD-prod(8c6f920) lookup-down,THE_WARWICK,Coral Coast,sedan,airport -> destination (arrival),return,night 23:00,none,149,301,301,301,283.15,301,true,false,IN_BAND_DIFFERENCE,
FD-prod(8c6f920) lookup-down,THE_WARWICK,Coral Coast,sedan,airport -> destination (arrival),return,day 10:00,child seat,149,259,259,259,243.63,259,true,false,IN_BAND_DIFFERENCE,
FD-prod(8c6f920) lookup-down,THE_WARWICK,Coral Coast,sedan,airport -> destination (arrival),return,night 23:00,child seat,149,309,309,309,291.15,309,true,false,IN_BAND_DIFFERENCE,
FD-prod(8c6f920) lookup-down,THE_WARWICK,Coral Coast,minivan,airport -> destination (arrival),one-way,day 10:00,none,189,170,170,170,158.81,170,true,false,IN_BAND_DIFFERENCE,
FD-prod(8c6f920) lookup-down,THE_WARWICK,Coral Coast,minivan,airport -> destination (arrival),one-way,night 23:00,none,189,207,207,207,191.17,207,true,false,IN_BAND_DIFFERENCE,
FD-prod(8c6f920) lookup-down,THE_WARWICK,Coral Coast,minivan,airport -> destination (arrival),one-way,day 10:00,child seat,189,177,177,177,166.81,177,true,false,IN_BAND_DIFFERENCE,
FD-prod(8c6f920) lookup-down,THE_WARWICK,Coral Coast,minivan,airport -> destination (arrival),one-way,night 23:00,child seat,189,214,214,214,198.17,214,true,false,IN_BAND_DIFFERENCE,
FD-prod(8c6f920) lookup-down,THE_WARWICK,Coral Coast,minivan,airport -> destination (arrival),return,day 10:00,none,189,315,315,315,294.1,315,true,false,IN_BAND_DIFFERENCE,
FD-prod(8c6f920) lookup-down,THE_WARWICK,Coral Coast,minivan,airport -> destination (arrival),return,night 23:00,none,189,378,378,378,353.52,378,true,false,IN_BAND_DIFFERENCE,
FD-prod(8c6f920) lookup-down,THE_WARWICK,Coral Coast,minivan,airport -> destination (arrival),return,day 10:00,child seat,189,322,322,322,301.1,322,true,false,IN_BAND_DIFFERENCE,
FD-prod(8c6f920) lookup-down,THE_WARWICK,Coral Coast,minivan,airport -> destination (arrival),return,night 23:00,child seat,189,385,385,385,360.52,385,true,false,IN_BAND_DIFFERENCE,
FD-prod(8c6f920) lookup-down,THE_WARWICK,Coral Coast,minibus,airport -> destination (arrival),one-way,day 10:00,none,239,215,215,215,197.37,215,true,false,IN_BAND_DIFFERENCE,
FD-prod(8c6f920) lookup-down,THE_WARWICK,Coral Coast,minibus,airport -> destination (arrival),one-way,night 23:00,none,239,261,261,261,237.24,261,true,false,IN_BAND_DIFFERENCE,
FD-prod(8c6f920) lookup-down,THE_WARWICK,Coral Coast,minibus,airport -> destination (arrival),one-way,day 10:00,child seat,239,222,222,222,204.37,222,true,false,IN_BAND_DIFFERENCE,
FD-prod(8c6f920) lookup-down,THE_WARWICK,Coral Coast,minibus,airport -> destination (arrival),one-way,night 23:00,child seat,239,268,268,268,244.24,268,true,false,IN_BAND_DIFFERENCE,
FD-prod(8c6f920) lookup-down,THE_WARWICK,Coral Coast,minibus,airport -> destination (arrival),return,day 10:00,none,239,400,400,400,364.83,400,true,false,IN_BAND_DIFFERENCE,
FD-prod(8c6f920) lookup-down,THE_WARWICK,Coral Coast,minibus,airport -> destination (arrival),return,night 23:00,none,239,481,481,481,438,481,true,false,IN_BAND_DIFFERENCE,
FD-prod(8c6f920) lookup-down,THE_WARWICK,Coral Coast,minibus,airport -> destination (arrival),return,day 10:00,child seat,239,408,408,408,372.83,408,true,false,IN_BAND_DIFFERENCE,
FD-prod(8c6f920) lookup-down,THE_WARWICK,Coral Coast,minibus,airport -> destination (arrival),return,night 23:00,child seat,239,489,489,489,445,489,true,false,IN_BAND_DIFFERENCE,
FD-prod(8c6f920) lookup-down,NAVITI_RESORT,Coral Coast,sedan,airport -> destination (arrival),one-way,day 10:00,none,149,134,134,134,127.96,134,true,false,IN_BAND_DIFFERENCE,
FD-prod(8c6f920) lookup-down,NAVITI_RESORT,Coral Coast,sedan,airport -> destination (arrival),one-way,night 23:00,none,149,162,162,162,153.35,162,true,false,IN_BAND_DIFFERENCE,
FD-prod(8c6f920) lookup-down,NAVITI_RESORT,Coral Coast,sedan,airport -> destination (arrival),one-way,day 10:00,child seat,149,141,141,141,134.96,141,true,false,IN_BAND_DIFFERENCE,
FD-prod(8c6f920) lookup-down,NAVITI_RESORT,Coral Coast,sedan,airport -> destination (arrival),one-way,night 23:00,child seat,149,169,169,169,160.35,169,true,false,IN_BAND_DIFFERENCE,
FD-prod(8c6f920) lookup-down,NAVITI_RESORT,Coral Coast,sedan,airport -> destination (arrival),return,day 10:00,none,149,252,252,252,236.63,252,true,false,IN_BAND_DIFFERENCE,
FD-prod(8c6f920) lookup-down,NAVITI_RESORT,Coral Coast,sedan,airport -> destination (arrival),return,night 23:00,none,149,301,301,301,283.15,301,true,false,IN_BAND_DIFFERENCE,
FD-prod(8c6f920) lookup-down,NAVITI_RESORT,Coral Coast,sedan,airport -> destination (arrival),return,day 10:00,child seat,149,259,259,259,243.63,259,true,false,IN_BAND_DIFFERENCE,
FD-prod(8c6f920) lookup-down,NAVITI_RESORT,Coral Coast,sedan,airport -> destination (arrival),return,night 23:00,child seat,149,309,309,309,291.15,309,true,false,IN_BAND_DIFFERENCE,
FD-prod(8c6f920) lookup-down,NAVITI_RESORT,Coral Coast,minivan,airport -> destination (arrival),one-way,day 10:00,none,189,170,170,170,158.81,170,true,false,IN_BAND_DIFFERENCE,
FD-prod(8c6f920) lookup-down,NAVITI_RESORT,Coral Coast,minivan,airport -> destination (arrival),one-way,night 23:00,none,189,207,207,207,191.17,207,true,false,IN_BAND_DIFFERENCE,
FD-prod(8c6f920) lookup-down,NAVITI_RESORT,Coral Coast,minivan,airport -> destination (arrival),one-way,day 10:00,child seat,189,177,177,177,166.81,177,true,false,IN_BAND_DIFFERENCE,
FD-prod(8c6f920) lookup-down,NAVITI_RESORT,Coral Coast,minivan,airport -> destination (arrival),one-way,night 23:00,child seat,189,214,214,214,198.17,214,true,false,IN_BAND_DIFFERENCE,
FD-prod(8c6f920) lookup-down,NAVITI_RESORT,Coral Coast,minivan,airport -> destination (arrival),return,day 10:00,none,189,315,315,315,294.1,315,true,false,IN_BAND_DIFFERENCE,
FD-prod(8c6f920) lookup-down,NAVITI_RESORT,Coral Coast,minivan,airport -> destination (arrival),return,night 23:00,none,189,378,378,378,353.52,378,true,false,IN_BAND_DIFFERENCE,
FD-prod(8c6f920) lookup-down,NAVITI_RESORT,Coral Coast,minivan,airport -> destination (arrival),return,day 10:00,child seat,189,322,322,322,301.1,322,true,false,IN_BAND_DIFFERENCE,
FD-prod(8c6f920) lookup-down,NAVITI_RESORT,Coral Coast,minivan,airport -> destination (arrival),return,night 23:00,child seat,189,385,385,385,360.52,385,true,false,IN_BAND_DIFFERENCE,
FD-prod(8c6f920) lookup-down,NAVITI_RESORT,Coral Coast,minibus,airport -> destination (arrival),one-way,day 10:00,none,239,215,215,215,197.37,215,true,false,IN_BAND_DIFFERENCE,
FD-prod(8c6f920) lookup-down,NAVITI_RESORT,Coral Coast,minibus,airport -> destination (arrival),one-way,night 23:00,none,239,261,261,261,237.24,261,true,false,IN_BAND_DIFFERENCE,
FD-prod(8c6f920) lookup-down,NAVITI_RESORT,Coral Coast,minibus,airport -> destination (arrival),one-way,day 10:00,child seat,239,222,222,222,204.37,222,true,false,IN_BAND_DIFFERENCE,
FD-prod(8c6f920) lookup-down,NAVITI_RESORT,Coral Coast,minibus,airport -> destination (arrival),one-way,night 23:00,child seat,239,268,268,268,244.24,268,true,false,IN_BAND_DIFFERENCE,
FD-prod(8c6f920) lookup-down,NAVITI_RESORT,Coral Coast,minibus,airport -> destination (arrival),return,day 10:00,none,239,400,400,400,364.83,400,true,false,IN_BAND_DIFFERENCE,
FD-prod(8c6f920) lookup-down,NAVITI_RESORT,Coral Coast,minibus,airport -> destination (arrival),return,night 23:00,none,239,481,481,481,438,481,true,false,IN_BAND_DIFFERENCE,
FD-prod(8c6f920) lookup-down,NAVITI_RESORT,Coral Coast,minibus,airport -> destination (arrival),return,day 10:00,child seat,239,408,408,408,372.83,408,true,false,IN_BAND_DIFFERENCE,
FD-prod(8c6f920) lookup-down,NAVITI_RESORT,Coral Coast,minibus,airport -> destination (arrival),return,night 23:00,child seat,239,489,489,489,445,489,true,false,IN_BAND_DIFFERENCE,
FD-prod(8c6f920) lookup-down,BEACHHOUSE_FIJI,Coral Coast,sedan,airport -> destination (arrival),one-way,day 10:00,none,169,152,152,152,127.96,152,true,false,IN_BAND_DIFFERENCE,
FD-prod(8c6f920) lookup-down,BEACHHOUSE_FIJI,Coral Coast,sedan,airport -> destination (arrival),one-way,night 23:00,none,169,184,184,184,153.35,184,true,false,IN_BAND_DIFFERENCE,
FD-prod(8c6f920) lookup-down,BEACHHOUSE_FIJI,Coral Coast,sedan,airport -> destination (arrival),one-way,day 10:00,child seat,169,159,159,159,134.96,159,true,false,IN_BAND_DIFFERENCE,
FD-prod(8c6f920) lookup-down,BEACHHOUSE_FIJI,Coral Coast,sedan,airport -> destination (arrival),one-way,night 23:00,child seat,169,192,192,192,160.35,192,true,false,IN_BAND_DIFFERENCE,
FD-prod(8c6f920) lookup-down,BEACHHOUSE_FIJI,Coral Coast,sedan,airport -> destination (arrival),return,day 10:00,none,169,283,283,283,236.63,283,true,false,IN_BAND_DIFFERENCE,
FD-prod(8c6f920) lookup-down,BEACHHOUSE_FIJI,Coral Coast,sedan,airport -> destination (arrival),return,night 23:00,none,169,342,342,342,283.15,342,true,false,IN_BAND_DIFFERENCE,
FD-prod(8c6f920) lookup-down,BEACHHOUSE_FIJI,Coral Coast,sedan,airport -> destination (arrival),return,day 10:00,child seat,169,291,291,291,243.63,291,true,false,IN_BAND_DIFFERENCE,
FD-prod(8c6f920) lookup-down,BEACHHOUSE_FIJI,Coral Coast,sedan,airport -> destination (arrival),return,night 23:00,child seat,169,349,349,349,291.15,349,true,false,IN_BAND_DIFFERENCE,
FD-prod(8c6f920) lookup-down,BEACHHOUSE_FIJI,Coral Coast,minivan,airport -> destination (arrival),one-way,day 10:00,none,199,179,179,179,158.81,179,true,false,IN_BAND_DIFFERENCE,
FD-prod(8c6f920) lookup-down,BEACHHOUSE_FIJI,Coral Coast,minivan,airport -> destination (arrival),one-way,night 23:00,none,199,216,216,216,191.17,216,true,false,IN_BAND_DIFFERENCE,
FD-prod(8c6f920) lookup-down,BEACHHOUSE_FIJI,Coral Coast,minivan,airport -> destination (arrival),one-way,day 10:00,child seat,199,186,186,186,166.81,186,true,false,IN_BAND_DIFFERENCE,
FD-prod(8c6f920) lookup-down,BEACHHOUSE_FIJI,Coral Coast,minivan,airport -> destination (arrival),one-way,night 23:00,child seat,199,223,223,223,198.17,223,true,false,IN_BAND_DIFFERENCE,
FD-prod(8c6f920) lookup-down,BEACHHOUSE_FIJI,Coral Coast,minivan,airport -> destination (arrival),return,day 10:00,none,199,333,333,333,294.1,333,true,false,IN_BAND_DIFFERENCE,
FD-prod(8c6f920) lookup-down,BEACHHOUSE_FIJI,Coral Coast,minivan,airport -> destination (arrival),return,night 23:00,none,199,400,400,400,353.52,400,true,false,IN_BAND_DIFFERENCE,
FD-prod(8c6f920) lookup-down,BEACHHOUSE_FIJI,Coral Coast,minivan,airport -> destination (arrival),return,day 10:00,child seat,199,340,340,340,301.1,340,true,false,IN_BAND_DIFFERENCE,
FD-prod(8c6f920) lookup-down,BEACHHOUSE_FIJI,Coral Coast,minivan,airport -> destination (arrival),return,night 23:00,child seat,199,408,408,408,360.52,408,true,false,IN_BAND_DIFFERENCE,
FD-prod(8c6f920) lookup-down,BEACHHOUSE_FIJI,Coral Coast,minibus,airport -> destination (arrival),one-way,day 10:00,none,259,233,233,233,197.37,233,true,false,IN_BAND_DIFFERENCE,
FD-prod(8c6f920) lookup-down,BEACHHOUSE_FIJI,Coral Coast,minibus,airport -> destination (arrival),one-way,night 23:00,none,259,283,283,283,237.24,283,true,false,IN_BAND_DIFFERENCE,
FD-prod(8c6f920) lookup-down,BEACHHOUSE_FIJI,Coral Coast,minibus,airport -> destination (arrival),one-way,day 10:00,child seat,259,240,240,240,204.37,240,true,false,IN_BAND_DIFFERENCE,
FD-prod(8c6f920) lookup-down,BEACHHOUSE_FIJI,Coral Coast,minibus,airport -> destination (arrival),one-way,night 23:00,child seat,259,291,291,291,244.24,291,true,false,IN_BAND_DIFFERENCE,
FD-prod(8c6f920) lookup-down,BEACHHOUSE_FIJI,Coral Coast,minibus,airport -> destination (arrival),return,day 10:00,none,259,432,432,432,364.83,432,true,false,IN_BAND_DIFFERENCE,
FD-prod(8c6f920) lookup-down,BEACHHOUSE_FIJI,Coral Coast,minibus,airport -> destination (arrival),return,night 23:00,none,259,517,517,517,438,517,true,false,IN_BAND_DIFFERENCE,
FD-prod(8c6f920) lookup-down,BEACHHOUSE_FIJI,Coral Coast,minibus,airport -> destination (arrival),return,day 10:00,child seat,259,439,439,439,372.83,439,true,false,IN_BAND_DIFFERENCE,
FD-prod(8c6f920) lookup-down,BEACHHOUSE_FIJI,Coral Coast,minibus,airport -> destination (arrival),return,night 23:00,child seat,259,525,525,525,445,525,true,false,IN_BAND_DIFFERENCE,
FD-prod(8c6f920) lookup-down,ARTS_VILLAGE,Pacific Harbour,sedan,airport -> destination (arrival),one-way,day 10:00,none,199,179,179,179,178.95,179,true,false,IN_BAND_DIFFERENCE,
FD-prod(8c6f920) lookup-down,ARTS_VILLAGE,Pacific Harbour,sedan,airport -> destination (arrival),one-way,night 23:00,none,199,216,216,216,214.74,216,true,false,IN_BAND_DIFFERENCE,
FD-prod(8c6f920) lookup-down,ARTS_VILLAGE,Pacific Harbour,sedan,airport -> destination (arrival),one-way,day 10:00,child seat,199,186,186,186,185.95,186,true,false,IN_BAND_DIFFERENCE,
FD-prod(8c6f920) lookup-down,ARTS_VILLAGE,Pacific Harbour,sedan,airport -> destination (arrival),one-way,night 23:00,child seat,199,223,223,223,221.74,223,true,false,IN_BAND_DIFFERENCE,
FD-prod(8c6f920) lookup-down,ARTS_VILLAGE,Pacific Harbour,sedan,airport -> destination (arrival),return,day 10:00,none,199,333,333,333,331.06,333,true,false,IN_BAND_DIFFERENCE,
FD-prod(8c6f920) lookup-down,ARTS_VILLAGE,Pacific Harbour,sedan,airport -> destination (arrival),return,night 23:00,none,199,400,400,400,397.67,400,true,false,IN_BAND_DIFFERENCE,
FD-prod(8c6f920) lookup-down,ARTS_VILLAGE,Pacific Harbour,sedan,airport -> destination (arrival),return,day 10:00,child seat,199,340,340,340,338.06,340,true,false,IN_BAND_DIFFERENCE,
FD-prod(8c6f920) lookup-down,ARTS_VILLAGE,Pacific Harbour,sedan,airport -> destination (arrival),return,night 23:00,child seat,199,408,408,408,404.67,408,true,false,IN_BAND_DIFFERENCE,
FD-prod(8c6f920) lookup-down,ARTS_VILLAGE,Pacific Harbour,minivan,airport -> destination (arrival),one-way,day 10:00,none,269,242,242,242,239.56,242,true,false,IN_BAND_DIFFERENCE,
FD-prod(8c6f920) lookup-down,ARTS_VILLAGE,Pacific Harbour,minivan,airport -> destination (arrival),one-way,night 23:00,none,269,292,292,292,287.87,292,true,false,IN_BAND_DIFFERENCE,
FD-prod(8c6f920) lookup-down,ARTS_VILLAGE,Pacific Harbour,minivan,airport -> destination (arrival),one-way,day 10:00,child seat,269,249,249,249,247.56,249,true,false,IN_BAND_DIFFERENCE,
FD-prod(8c6f920) lookup-down,ARTS_VILLAGE,Pacific Harbour,minivan,airport -> destination (arrival),one-way,night 23:00,child seat,269,300,300,300,294.87,300,true,false,IN_BAND_DIFFERENCE,
FD-prod(8c6f920) lookup-down,ARTS_VILLAGE,Pacific Harbour,minivan,airport -> destination (arrival),return,day 10:00,none,269,450,450,450,444.14,450,true,false,IN_BAND_DIFFERENCE,
FD-prod(8c6f920) lookup-down,ARTS_VILLAGE,Pacific Harbour,minivan,airport -> destination (arrival),return,night 23:00,none,269,540,540,540,532.76,540,true,false,IN_BAND_DIFFERENCE,
FD-prod(8c6f920) lookup-down,ARTS_VILLAGE,Pacific Harbour,minivan,airport -> destination (arrival),return,day 10:00,child seat,269,457,457,457,451.14,457,true,false,IN_BAND_DIFFERENCE,
FD-prod(8c6f920) lookup-down,ARTS_VILLAGE,Pacific Harbour,minivan,airport -> destination (arrival),return,night 23:00,child seat,269,547,547,547,539.76,547,true,false,IN_BAND_DIFFERENCE,
FD-prod(8c6f920) lookup-down,ARTS_VILLAGE,Pacific Harbour,minibus,airport -> destination (arrival),one-way,day 10:00,none,299,269,269,269,269.56,269,true,false,IN_BAND_DIFFERENCE,
FD-prod(8c6f920) lookup-down,ARTS_VILLAGE,Pacific Harbour,minibus,airport -> destination (arrival),one-way,night 23:00,none,299,324,324,324,323.47,324,true,false,IN_BAND_DIFFERENCE,
FD-prod(8c6f920) lookup-down,ARTS_VILLAGE,Pacific Harbour,minibus,airport -> destination (arrival),one-way,day 10:00,child seat,299,276,276,276,276.56,276,true,false,IN_BAND_DIFFERENCE,
FD-prod(8c6f920) lookup-down,ARTS_VILLAGE,Pacific Harbour,minibus,airport -> destination (arrival),one-way,night 23:00,child seat,299,331,331,331,330.47,331,true,false,IN_BAND_DIFFERENCE,
FD-prod(8c6f920) lookup-down,ARTS_VILLAGE,Pacific Harbour,minibus,airport -> destination (arrival),return,day 10:00,none,299,499,499,499,499.19,499,true,false,IN_BAND_DIFFERENCE,
FD-prod(8c6f920) lookup-down,ARTS_VILLAGE,Pacific Harbour,minibus,airport -> destination (arrival),return,night 23:00,none,299,598,598,598,598.02,598,true,false,IN_BAND_DIFFERENCE,
FD-prod(8c6f920) lookup-down,ARTS_VILLAGE,Pacific Harbour,minibus,airport -> destination (arrival),return,day 10:00,child seat,299,507,507,507,506.19,507,true,false,IN_BAND_DIFFERENCE,
FD-prod(8c6f920) lookup-down,ARTS_VILLAGE,Pacific Harbour,minibus,airport -> destination (arrival),return,night 23:00,child seat,299,606,606,606,606.02,606,true,false,IN_BAND_DIFFERENCE,
FD-prod(8c6f920) lookup-down,PEARL_SOUTH_PACIFIC,Pacific Harbour,sedan,airport -> destination (arrival),one-way,day 10:00,none,199,179,179,179,178.95,179,true,false,IN_BAND_DIFFERENCE,
FD-prod(8c6f920) lookup-down,PEARL_SOUTH_PACIFIC,Pacific Harbour,sedan,airport -> destination (arrival),one-way,night 23:00,none,199,216,216,216,214.74,216,true,false,IN_BAND_DIFFERENCE,
FD-prod(8c6f920) lookup-down,PEARL_SOUTH_PACIFIC,Pacific Harbour,sedan,airport -> destination (arrival),one-way,day 10:00,child seat,199,186,186,186,185.95,186,true,false,IN_BAND_DIFFERENCE,
FD-prod(8c6f920) lookup-down,PEARL_SOUTH_PACIFIC,Pacific Harbour,sedan,airport -> destination (arrival),one-way,night 23:00,child seat,199,223,223,223,221.74,223,true,false,IN_BAND_DIFFERENCE,
FD-prod(8c6f920) lookup-down,PEARL_SOUTH_PACIFIC,Pacific Harbour,sedan,airport -> destination (arrival),return,day 10:00,none,199,333,333,333,331.06,333,true,false,IN_BAND_DIFFERENCE,
FD-prod(8c6f920) lookup-down,PEARL_SOUTH_PACIFIC,Pacific Harbour,sedan,airport -> destination (arrival),return,night 23:00,none,199,400,400,400,397.67,400,true,false,IN_BAND_DIFFERENCE,
FD-prod(8c6f920) lookup-down,PEARL_SOUTH_PACIFIC,Pacific Harbour,sedan,airport -> destination (arrival),return,day 10:00,child seat,199,340,340,340,338.06,340,true,false,IN_BAND_DIFFERENCE,
FD-prod(8c6f920) lookup-down,PEARL_SOUTH_PACIFIC,Pacific Harbour,sedan,airport -> destination (arrival),return,night 23:00,child seat,199,408,408,408,404.67,408,true,false,IN_BAND_DIFFERENCE,
FD-prod(8c6f920) lookup-down,PEARL_SOUTH_PACIFIC,Pacific Harbour,minivan,airport -> destination (arrival),one-way,day 10:00,none,269,242,242,242,239.56,242,true,false,IN_BAND_DIFFERENCE,
FD-prod(8c6f920) lookup-down,PEARL_SOUTH_PACIFIC,Pacific Harbour,minivan,airport -> destination (arrival),one-way,night 23:00,none,269,292,292,292,287.87,292,true,false,IN_BAND_DIFFERENCE,
FD-prod(8c6f920) lookup-down,PEARL_SOUTH_PACIFIC,Pacific Harbour,minivan,airport -> destination (arrival),one-way,day 10:00,child seat,269,249,249,249,247.56,249,true,false,IN_BAND_DIFFERENCE,
FD-prod(8c6f920) lookup-down,PEARL_SOUTH_PACIFIC,Pacific Harbour,minivan,airport -> destination (arrival),one-way,night 23:00,child seat,269,300,300,300,294.87,300,true,false,IN_BAND_DIFFERENCE,
FD-prod(8c6f920) lookup-down,PEARL_SOUTH_PACIFIC,Pacific Harbour,minivan,airport -> destination (arrival),return,day 10:00,none,269,450,450,450,444.14,450,true,false,IN_BAND_DIFFERENCE,
FD-prod(8c6f920) lookup-down,PEARL_SOUTH_PACIFIC,Pacific Harbour,minivan,airport -> destination (arrival),return,night 23:00,none,269,540,540,540,532.76,540,true,false,IN_BAND_DIFFERENCE,
FD-prod(8c6f920) lookup-down,PEARL_SOUTH_PACIFIC,Pacific Harbour,minivan,airport -> destination (arrival),return,day 10:00,child seat,269,457,457,457,451.14,457,true,false,IN_BAND_DIFFERENCE,
FD-prod(8c6f920) lookup-down,PEARL_SOUTH_PACIFIC,Pacific Harbour,minivan,airport -> destination (arrival),return,night 23:00,child seat,269,547,547,547,539.76,547,true,false,IN_BAND_DIFFERENCE,
FD-prod(8c6f920) lookup-down,PEARL_SOUTH_PACIFIC,Pacific Harbour,minibus,airport -> destination (arrival),one-way,day 10:00,none,299,269,269,269,269.56,269,true,false,IN_BAND_DIFFERENCE,
FD-prod(8c6f920) lookup-down,PEARL_SOUTH_PACIFIC,Pacific Harbour,minibus,airport -> destination (arrival),one-way,night 23:00,none,299,324,324,324,323.47,324,true,false,IN_BAND_DIFFERENCE,
FD-prod(8c6f920) lookup-down,PEARL_SOUTH_PACIFIC,Pacific Harbour,minibus,airport -> destination (arrival),one-way,day 10:00,child seat,299,276,276,276,276.56,276,true,false,IN_BAND_DIFFERENCE,
FD-prod(8c6f920) lookup-down,PEARL_SOUTH_PACIFIC,Pacific Harbour,minibus,airport -> destination (arrival),one-way,night 23:00,child seat,299,331,331,331,330.47,331,true,false,IN_BAND_DIFFERENCE,
FD-prod(8c6f920) lookup-down,PEARL_SOUTH_PACIFIC,Pacific Harbour,minibus,airport -> destination (arrival),return,day 10:00,none,299,499,499,499,499.19,499,true,false,IN_BAND_DIFFERENCE,
FD-prod(8c6f920) lookup-down,PEARL_SOUTH_PACIFIC,Pacific Harbour,minibus,airport -> destination (arrival),return,night 23:00,none,299,598,598,598,598.02,598,true,false,IN_BAND_DIFFERENCE,
FD-prod(8c6f920) lookup-down,PEARL_SOUTH_PACIFIC,Pacific Harbour,minibus,airport -> destination (arrival),return,day 10:00,child seat,299,507,507,507,506.19,507,true,false,IN_BAND_DIFFERENCE,
FD-prod(8c6f920) lookup-down,PEARL_SOUTH_PACIFIC,Pacific Harbour,minibus,airport -> destination (arrival),return,night 23:00,child seat,299,606,606,606,606.02,606,true,false,IN_BAND_DIFFERENCE,
FD-prod(8c6f920) lookup-down,UPRISING,Pacific Harbour,sedan,airport -> destination (arrival),one-way,day 10:00,none,199,179,179,179,178.95,179,true,false,IN_BAND_DIFFERENCE,
FD-prod(8c6f920) lookup-down,UPRISING,Pacific Harbour,sedan,airport -> destination (arrival),one-way,night 23:00,none,199,216,216,216,214.74,216,true,false,IN_BAND_DIFFERENCE,
FD-prod(8c6f920) lookup-down,UPRISING,Pacific Harbour,sedan,airport -> destination (arrival),one-way,day 10:00,child seat,199,186,186,186,185.95,186,true,false,IN_BAND_DIFFERENCE,
FD-prod(8c6f920) lookup-down,UPRISING,Pacific Harbour,sedan,airport -> destination (arrival),one-way,night 23:00,child seat,199,223,223,223,221.74,223,true,false,IN_BAND_DIFFERENCE,
FD-prod(8c6f920) lookup-down,UPRISING,Pacific Harbour,sedan,airport -> destination (arrival),return,day 10:00,none,199,333,333,333,331.06,333,true,false,IN_BAND_DIFFERENCE,
FD-prod(8c6f920) lookup-down,UPRISING,Pacific Harbour,sedan,airport -> destination (arrival),return,night 23:00,none,199,400,400,400,397.67,400,true,false,IN_BAND_DIFFERENCE,
FD-prod(8c6f920) lookup-down,UPRISING,Pacific Harbour,sedan,airport -> destination (arrival),return,day 10:00,child seat,199,340,340,340,338.06,340,true,false,IN_BAND_DIFFERENCE,
FD-prod(8c6f920) lookup-down,UPRISING,Pacific Harbour,sedan,airport -> destination (arrival),return,night 23:00,child seat,199,408,408,408,404.67,408,true,false,IN_BAND_DIFFERENCE,
FD-prod(8c6f920) lookup-down,UPRISING,Pacific Harbour,minivan,airport -> destination (arrival),one-way,day 10:00,none,269,242,242,242,239.56,242,true,false,IN_BAND_DIFFERENCE,
FD-prod(8c6f920) lookup-down,UPRISING,Pacific Harbour,minivan,airport -> destination (arrival),one-way,night 23:00,none,269,292,292,292,287.87,292,true,false,IN_BAND_DIFFERENCE,
FD-prod(8c6f920) lookup-down,UPRISING,Pacific Harbour,minivan,airport -> destination (arrival),one-way,day 10:00,child seat,269,249,249,249,247.56,249,true,false,IN_BAND_DIFFERENCE,
FD-prod(8c6f920) lookup-down,UPRISING,Pacific Harbour,minivan,airport -> destination (arrival),one-way,night 23:00,child seat,269,300,300,300,294.87,300,true,false,IN_BAND_DIFFERENCE,
FD-prod(8c6f920) lookup-down,UPRISING,Pacific Harbour,minivan,airport -> destination (arrival),return,day 10:00,none,269,450,450,450,444.14,450,true,false,IN_BAND_DIFFERENCE,
FD-prod(8c6f920) lookup-down,UPRISING,Pacific Harbour,minivan,airport -> destination (arrival),return,night 23:00,none,269,540,540,540,532.76,540,true,false,IN_BAND_DIFFERENCE,
FD-prod(8c6f920) lookup-down,UPRISING,Pacific Harbour,minivan,airport -> destination (arrival),return,day 10:00,child seat,269,457,457,457,451.14,457,true,false,IN_BAND_DIFFERENCE,
FD-prod(8c6f920) lookup-down,UPRISING,Pacific Harbour,minivan,airport -> destination (arrival),return,night 23:00,child seat,269,547,547,547,539.76,547,true,false,IN_BAND_DIFFERENCE,
FD-prod(8c6f920) lookup-down,UPRISING,Pacific Harbour,minibus,airport -> destination (arrival),one-way,day 10:00,none,299,269,269,269,269.56,269,true,false,IN_BAND_DIFFERENCE,
FD-prod(8c6f920) lookup-down,UPRISING,Pacific Harbour,minibus,airport -> destination (arrival),one-way,night 23:00,none,299,324,324,324,323.47,324,true,false,IN_BAND_DIFFERENCE,
FD-prod(8c6f920) lookup-down,UPRISING,Pacific Harbour,minibus,airport -> destination (arrival),one-way,day 10:00,child seat,299,276,276,276,276.56,276,true,false,IN_BAND_DIFFERENCE,
FD-prod(8c6f920) lookup-down,UPRISING,Pacific Harbour,minibus,airport -> destination (arrival),one-way,night 23:00,child seat,299,331,331,331,330.47,331,true,false,IN_BAND_DIFFERENCE,
FD-prod(8c6f920) lookup-down,UPRISING,Pacific Harbour,minibus,airport -> destination (arrival),return,day 10:00,none,299,499,499,499,499.19,499,true,false,IN_BAND_DIFFERENCE,
FD-prod(8c6f920) lookup-down,UPRISING,Pacific Harbour,minibus,airport -> destination (arrival),return,night 23:00,none,299,598,598,598,598.02,598,true,false,IN_BAND_DIFFERENCE,
FD-prod(8c6f920) lookup-down,UPRISING,Pacific Harbour,minibus,airport -> destination (arrival),return,day 10:00,child seat,299,507,507,507,506.19,507,true,false,IN_BAND_DIFFERENCE,
FD-prod(8c6f920) lookup-down,UPRISING,Pacific Harbour,minibus,airport -> destination (arrival),return,night 23:00,child seat,299,606,606,606,606.02,606,true,false,IN_BAND_DIFFERENCE,
FD-prod(8c6f920) lookup-down,NANUKU_RESORT,Pacific Harbour,sedan,airport -> destination (arrival),one-way,day 10:00,none,199,179,179,179,178.95,179,true,false,IN_BAND_DIFFERENCE,
FD-prod(8c6f920) lookup-down,NANUKU_RESORT,Pacific Harbour,sedan,airport -> destination (arrival),one-way,night 23:00,none,199,216,216,216,214.74,216,true,false,IN_BAND_DIFFERENCE,
FD-prod(8c6f920) lookup-down,NANUKU_RESORT,Pacific Harbour,sedan,airport -> destination (arrival),one-way,day 10:00,child seat,199,186,186,186,185.95,186,true,false,IN_BAND_DIFFERENCE,
FD-prod(8c6f920) lookup-down,NANUKU_RESORT,Pacific Harbour,sedan,airport -> destination (arrival),one-way,night 23:00,child seat,199,223,223,223,221.74,223,true,false,IN_BAND_DIFFERENCE,
FD-prod(8c6f920) lookup-down,NANUKU_RESORT,Pacific Harbour,sedan,airport -> destination (arrival),return,day 10:00,none,199,333,333,333,331.06,333,true,false,IN_BAND_DIFFERENCE,
FD-prod(8c6f920) lookup-down,NANUKU_RESORT,Pacific Harbour,sedan,airport -> destination (arrival),return,night 23:00,none,199,400,400,400,397.67,400,true,false,IN_BAND_DIFFERENCE,
FD-prod(8c6f920) lookup-down,NANUKU_RESORT,Pacific Harbour,sedan,airport -> destination (arrival),return,day 10:00,child seat,199,340,340,340,338.06,340,true,false,IN_BAND_DIFFERENCE,
FD-prod(8c6f920) lookup-down,NANUKU_RESORT,Pacific Harbour,sedan,airport -> destination (arrival),return,night 23:00,child seat,199,408,408,408,404.67,408,true,false,IN_BAND_DIFFERENCE,
FD-prod(8c6f920) lookup-down,NANUKU_RESORT,Pacific Harbour,minivan,airport -> destination (arrival),one-way,day 10:00,none,269,242,242,242,239.56,242,true,false,IN_BAND_DIFFERENCE,
FD-prod(8c6f920) lookup-down,NANUKU_RESORT,Pacific Harbour,minivan,airport -> destination (arrival),one-way,night 23:00,none,269,292,292,292,287.87,292,true,false,IN_BAND_DIFFERENCE,
FD-prod(8c6f920) lookup-down,NANUKU_RESORT,Pacific Harbour,minivan,airport -> destination (arrival),one-way,day 10:00,child seat,269,249,249,249,247.56,249,true,false,IN_BAND_DIFFERENCE,
FD-prod(8c6f920) lookup-down,NANUKU_RESORT,Pacific Harbour,minivan,airport -> destination (arrival),one-way,night 23:00,child seat,269,300,300,300,294.87,300,true,false,IN_BAND_DIFFERENCE,
FD-prod(8c6f920) lookup-down,NANUKU_RESORT,Pacific Harbour,minivan,airport -> destination (arrival),return,day 10:00,none,269,450,450,450,444.14,450,true,false,IN_BAND_DIFFERENCE,
FD-prod(8c6f920) lookup-down,NANUKU_RESORT,Pacific Harbour,minivan,airport -> destination (arrival),return,night 23:00,none,269,540,540,540,532.76,540,true,false,IN_BAND_DIFFERENCE,
FD-prod(8c6f920) lookup-down,NANUKU_RESORT,Pacific Harbour,minivan,airport -> destination (arrival),return,day 10:00,child seat,269,457,457,457,451.14,457,true,false,IN_BAND_DIFFERENCE,
FD-prod(8c6f920) lookup-down,NANUKU_RESORT,Pacific Harbour,minivan,airport -> destination (arrival),return,night 23:00,child seat,269,547,547,547,539.76,547,true,false,IN_BAND_DIFFERENCE,
FD-prod(8c6f920) lookup-down,NANUKU_RESORT,Pacific Harbour,minibus,airport -> destination (arrival),one-way,day 10:00,none,299,269,269,269,269.56,269,true,false,IN_BAND_DIFFERENCE,
FD-prod(8c6f920) lookup-down,NANUKU_RESORT,Pacific Harbour,minibus,airport -> destination (arrival),one-way,night 23:00,none,299,324,324,324,323.47,324,true,false,IN_BAND_DIFFERENCE,
FD-prod(8c6f920) lookup-down,NANUKU_RESORT,Pacific Harbour,minibus,airport -> destination (arrival),one-way,day 10:00,child seat,299,276,276,276,276.56,276,true,false,IN_BAND_DIFFERENCE,
FD-prod(8c6f920) lookup-down,NANUKU_RESORT,Pacific Harbour,minibus,airport -> destination (arrival),one-way,night 23:00,child seat,299,331,331,331,330.47,331,true,false,IN_BAND_DIFFERENCE,
FD-prod(8c6f920) lookup-down,NANUKU_RESORT,Pacific Harbour,minibus,airport -> destination (arrival),return,day 10:00,none,299,499,499,499,499.19,499,true,false,IN_BAND_DIFFERENCE,
FD-prod(8c6f920) lookup-down,NANUKU_RESORT,Pacific Harbour,minibus,airport -> destination (arrival),return,night 23:00,none,299,598,598,598,598.02,598,true,false,IN_BAND_DIFFERENCE,
FD-prod(8c6f920) lookup-down,NANUKU_RESORT,Pacific Harbour,minibus,airport -> destination (arrival),return,day 10:00,child seat,299,507,507,507,506.19,507,true,false,IN_BAND_DIFFERENCE,
FD-prod(8c6f920) lookup-down,NANUKU_RESORT,Pacific Harbour,minibus,airport -> destination (arrival),return,night 23:00,child seat,299,606,606,606,606.02,606,true,false,IN_BAND_DIFFERENCE,
FD-prod(8c6f920) lookup-down,BA_HOTEL,Ba,sedan,airport -> destination (arrival),one-way,day 10:00,none,169,152,152,152,154.45,152,true,false,IN_BAND_DIFFERENCE,
FD-prod(8c6f920) lookup-down,BA_HOTEL,Ba,sedan,airport -> destination (arrival),one-way,night 23:00,none,169,184,184,184,184.74,184,true,false,IN_BAND_DIFFERENCE,
FD-prod(8c6f920) lookup-down,BA_HOTEL,Ba,sedan,airport -> destination (arrival),one-way,day 10:00,child seat,169,159,159,159,161.45,159,true,false,IN_BAND_DIFFERENCE,
FD-prod(8c6f920) lookup-down,BA_HOTEL,Ba,sedan,airport -> destination (arrival),one-way,night 23:00,child seat,169,192,192,192,192.74,192,true,false,IN_BAND_DIFFERENCE,
FD-prod(8c6f920) lookup-down,BA_HOTEL,Ba,sedan,airport -> destination (arrival),return,day 10:00,none,169,283,283,283,285.18,283,true,false,IN_BAND_DIFFERENCE,
FD-prod(8c6f920) lookup-down,BA_HOTEL,Ba,sedan,airport -> destination (arrival),return,night 23:00,none,169,342,342,342,342.62,342,true,false,IN_BAND_DIFFERENCE,
FD-prod(8c6f920) lookup-down,BA_HOTEL,Ba,sedan,airport -> destination (arrival),return,day 10:00,child seat,169,291,291,291,292.18,291,true,false,IN_BAND_DIFFERENCE,
FD-prod(8c6f920) lookup-down,BA_HOTEL,Ba,sedan,airport -> destination (arrival),return,night 23:00,child seat,169,349,349,349,349.62,349,true,false,IN_BAND_DIFFERENCE,
FD-prod(8c6f920) lookup-down,BA_HOTEL,Ba,minivan,airport -> destination (arrival),one-way,day 10:00,none,199,179,179,179,194.05,179,true,false,IN_BAND_DIFFERENCE,
FD-prod(8c6f920) lookup-down,BA_HOTEL,Ba,minivan,airport -> destination (arrival),one-way,night 23:00,none,199,216,216,216,233.26,216,true,false,IN_BAND_DIFFERENCE,
FD-prod(8c6f920) lookup-down,BA_HOTEL,Ba,minivan,airport -> destination (arrival),one-way,day 10:00,child seat,199,186,186,186,202.05,186,true,false,IN_BAND_DIFFERENCE,
FD-prod(8c6f920) lookup-down,BA_HOTEL,Ba,minivan,airport -> destination (arrival),one-way,night 23:00,child seat,199,223,223,223,240.26,223,true,false,IN_BAND_DIFFERENCE,
FD-prod(8c6f920) lookup-down,BA_HOTEL,Ba,minivan,airport -> destination (arrival),return,day 10:00,none,199,333,333,333,359.69,333,true,false,IN_BAND_DIFFERENCE,
FD-prod(8c6f920) lookup-down,BA_HOTEL,Ba,minivan,airport -> destination (arrival),return,night 23:00,none,199,400,400,400,431.63,400,true,false,IN_BAND_DIFFERENCE,
FD-prod(8c6f920) lookup-down,BA_HOTEL,Ba,minivan,airport -> destination (arrival),return,day 10:00,child seat,199,340,340,340,366.69,340,true,false,IN_BAND_DIFFERENCE,
FD-prod(8c6f920) lookup-down,BA_HOTEL,Ba,minivan,airport -> destination (arrival),return,night 23:00,child seat,199,408,408,408,438.63,408,true,false,IN_BAND_DIFFERENCE,
FD-prod(8c6f920) lookup-down,BA_HOTEL,Ba,minibus,airport -> destination (arrival),one-way,day 10:00,none,249,224,224,224,242.12,224,true,false,IN_BAND_DIFFERENCE,
FD-prod(8c6f920) lookup-down,BA_HOTEL,Ba,minibus,airport -> destination (arrival),one-way,night 23:00,none,249,270,270,270,290.94,270,true,false,IN_BAND_DIFFERENCE,
FD-prod(8c6f920) lookup-down,BA_HOTEL,Ba,minibus,airport -> destination (arrival),one-way,day 10:00,child seat,249,231,231,231,249.12,231,true,false,IN_BAND_DIFFERENCE,
FD-prod(8c6f920) lookup-down,BA_HOTEL,Ba,minibus,airport -> destination (arrival),one-way,night 23:00,child seat,249,277,277,277,297.94,277,true,false,IN_BAND_DIFFERENCE,
FD-prod(8c6f920) lookup-down,BA_HOTEL,Ba,minibus,airport -> destination (arrival),return,day 10:00,none,249,418,418,418,447.87,418,true,false,IN_BAND_DIFFERENCE,
FD-prod(8c6f920) lookup-down,BA_HOTEL,Ba,minibus,airport -> destination (arrival),return,night 23:00,none,249,499,499,499,537.45,499,true,false,IN_BAND_DIFFERENCE,
FD-prod(8c6f920) lookup-down,BA_HOTEL,Ba,minibus,airport -> destination (arrival),return,day 10:00,child seat,249,426,426,426,454.87,426,true,false,IN_BAND_DIFFERENCE,
FD-prod(8c6f920) lookup-down,BA_HOTEL,Ba,minibus,airport -> destination (arrival),return,night 23:00,child seat,249,507,507,507,544.45,507,true,false,IN_BAND_DIFFERENCE,
FD-prod(8c6f920) lookup-down,VOLIVOLI_BEACH,Rakiraki,sedan,airport -> destination (arrival),one-way,day 10:00,none,249,224,224,224,220.59,224,true,false,IN_BAND_DIFFERENCE,
FD-prod(8c6f920) lookup-down,VOLIVOLI_BEACH,Rakiraki,sedan,airport -> destination (arrival),one-way,night 23:00,none,249,270,270,270,265.71,270,true,false,IN_BAND_DIFFERENCE,
FD-prod(8c6f920) lookup-down,VOLIVOLI_BEACH,Rakiraki,sedan,airport -> destination (arrival),one-way,day 10:00,child seat,249,231,231,231,228.59,231,true,false,IN_BAND_DIFFERENCE,
FD-prod(8c6f920) lookup-down,VOLIVOLI_BEACH,Rakiraki,sedan,airport -> destination (arrival),one-way,night 23:00,child seat,249,277,277,277,272.71,277,true,false,IN_BAND_DIFFERENCE,
FD-prod(8c6f920) lookup-down,VOLIVOLI_BEACH,Rakiraki,sedan,airport -> destination (arrival),return,day 10:00,none,249,418,418,418,409.34,418,true,false,IN_BAND_DIFFERENCE,
FD-prod(8c6f920) lookup-down,VOLIVOLI_BEACH,Rakiraki,sedan,airport -> destination (arrival),return,night 23:00,none,249,499,499,499,490.21,499,true,false,IN_BAND_DIFFERENCE,
FD-prod(8c6f920) lookup-down,VOLIVOLI_BEACH,Rakiraki,sedan,airport -> destination (arrival),return,day 10:00,child seat,249,426,426,426,416.34,426,true,false,IN_BAND_DIFFERENCE,
FD-prod(8c6f920) lookup-down,VOLIVOLI_BEACH,Rakiraki,sedan,airport -> destination (arrival),return,night 23:00,child seat,249,507,507,507,498.21,507,true,false,IN_BAND_DIFFERENCE,
FD-prod(8c6f920) lookup-down,VOLIVOLI_BEACH,Rakiraki,minivan,airport -> destination (arrival),one-way,day 10:00,none,299,269,269,269,290.72,269,true,false,IN_BAND_DIFFERENCE,
FD-prod(8c6f920) lookup-down,VOLIVOLI_BEACH,Rakiraki,minivan,airport -> destination (arrival),one-way,night 23:00,none,299,324,324,324,348.26,324,true,false,IN_BAND_DIFFERENCE,
FD-prod(8c6f920) lookup-down,VOLIVOLI_BEACH,Rakiraki,minivan,airport -> destination (arrival),one-way,day 10:00,child seat,299,276,276,276,297.72,276,true,false,IN_BAND_DIFFERENCE,
FD-prod(8c6f920) lookup-down,VOLIVOLI_BEACH,Rakiraki,minivan,airport -> destination (arrival),one-way,night 23:00,child seat,299,331,331,331,355.26,331,true,false,IN_BAND_DIFFERENCE,
FD-prod(8c6f920) lookup-down,VOLIVOLI_BEACH,Rakiraki,minivan,airport -> destination (arrival),return,day 10:00,none,299,499,499,499,537.03,499,true,false,IN_BAND_DIFFERENCE,
FD-prod(8c6f920) lookup-down,VOLIVOLI_BEACH,Rakiraki,minivan,airport -> destination (arrival),return,night 23:00,none,299,598,598,598,644.44,598,true,false,IN_BAND_DIFFERENCE,
FD-prod(8c6f920) lookup-down,VOLIVOLI_BEACH,Rakiraki,minivan,airport -> destination (arrival),return,day 10:00,child seat,299,507,507,507,544.03,507,true,false,IN_BAND_DIFFERENCE,
FD-prod(8c6f920) lookup-down,VOLIVOLI_BEACH,Rakiraki,minivan,airport -> destination (arrival),return,night 23:00,child seat,299,606,606,606,652.44,606,true,false,IN_BAND_DIFFERENCE,
FD-prod(8c6f920) lookup-down,VOLIVOLI_BEACH,Rakiraki,minibus,airport -> destination (arrival),one-way,day 10:00,none,349,314,314,314,335.44,314,true,false,IN_BAND_DIFFERENCE,
FD-prod(8c6f920) lookup-down,VOLIVOLI_BEACH,Rakiraki,minibus,airport -> destination (arrival),one-way,night 23:00,none,349,378,378,378,401.93,378,true,false,IN_BAND_DIFFERENCE,
FD-prod(8c6f920) lookup-down,VOLIVOLI_BEACH,Rakiraki,minibus,airport -> destination (arrival),one-way,day 10:00,child seat,349,321,321,321,342.44,321,true,false,IN_BAND_DIFFERENCE,
FD-prod(8c6f920) lookup-down,VOLIVOLI_BEACH,Rakiraki,minibus,airport -> destination (arrival),one-way,night 23:00,child seat,349,385,385,385,409.93,385,true,false,IN_BAND_DIFFERENCE,
FD-prod(8c6f920) lookup-down,VOLIVOLI_BEACH,Rakiraki,minibus,airport -> destination (arrival),return,day 10:00,none,349,585,585,585,620.01,585,true,false,IN_BAND_DIFFERENCE,
FD-prod(8c6f920) lookup-down,VOLIVOLI_BEACH,Rakiraki,minibus,airport -> destination (arrival),return,night 23:00,none,349,697,697,697,743.82,697,true,false,IN_BAND_DIFFERENCE,
FD-prod(8c6f920) lookup-down,VOLIVOLI_BEACH,Rakiraki,minibus,airport -> destination (arrival),return,day 10:00,child seat,349,592,592,592,627.01,592,true,false,IN_BAND_DIFFERENCE,
FD-prod(8c6f920) lookup-down,VOLIVOLI_BEACH,Rakiraki,minibus,airport -> destination (arrival),return,night 23:00,child seat,349,705,705,705,751.82,705,true,false,IN_BAND_DIFFERENCE,
FD-prod(8c6f920) lookup-down,GRAND_PACIFIC,Suva,sedan,airport -> destination (arrival),one-way,day 10:00,none,319,287,287,287,283.75,287,true,false,IN_BAND_DIFFERENCE,
FD-prod(8c6f920) lookup-down,GRAND_PACIFIC,Suva,sedan,airport -> destination (arrival),one-way,night 23:00,none,319,346,346,346,339.7,346,true,false,IN_BAND_DIFFERENCE,
FD-prod(8c6f920) lookup-down,GRAND_PACIFIC,Suva,sedan,airport -> destination (arrival),one-way,day 10:00,child seat,319,294,294,294,290.75,294,true,false,IN_BAND_DIFFERENCE,
FD-prod(8c6f920) lookup-down,GRAND_PACIFIC,Suva,sedan,airport -> destination (arrival),one-way,night 23:00,child seat,319,354,354,354,346.7,354,true,false,IN_BAND_DIFFERENCE,
FD-prod(8c6f920) lookup-down,GRAND_PACIFIC,Suva,sedan,airport -> destination (arrival),return,day 10:00,none,319,535,535,535,524.29,535,true,false,IN_BAND_DIFFERENCE,
FD-prod(8c6f920) lookup-down,GRAND_PACIFIC,Suva,sedan,airport -> destination (arrival),return,night 23:00,none,319,639,639,639,628.75,639,true,false,IN_BAND_DIFFERENCE,
FD-prod(8c6f920) lookup-down,GRAND_PACIFIC,Suva,sedan,airport -> destination (arrival),return,day 10:00,child seat,319,543,543,543,531.29,543,true,false,IN_BAND_DIFFERENCE,
FD-prod(8c6f920) lookup-down,GRAND_PACIFIC,Suva,sedan,airport -> destination (arrival),return,night 23:00,child seat,319,646,646,646,635.75,646,true,false,IN_BAND_DIFFERENCE,
FD-prod(8c6f920) lookup-down,GRAND_PACIFIC,Suva,minivan,airport -> destination (arrival),one-way,day 10:00,none,369,332,332,332,321.92,332,true,false,IN_BAND_DIFFERENCE,
FD-prod(8c6f920) lookup-down,GRAND_PACIFIC,Suva,minivan,airport -> destination (arrival),one-way,night 23:00,none,369,400,400,400,386.5,400,true,false,IN_BAND_DIFFERENCE,
FD-prod(8c6f920) lookup-down,GRAND_PACIFIC,Suva,minivan,airport -> destination (arrival),one-way,day 10:00,child seat,369,339,339,339,328.92,339,true,false,IN_BAND_DIFFERENCE,
FD-prod(8c6f920) lookup-down,GRAND_PACIFIC,Suva,minivan,airport -> destination (arrival),one-way,night 23:00,child seat,369,408,408,408,393.5,408,true,false,IN_BAND_DIFFERENCE,
FD-prod(8c6f920) lookup-down,GRAND_PACIFIC,Suva,minivan,airport -> destination (arrival),return,day 10:00,none,369,616,616,616,596.15,616,true,false,IN_BAND_DIFFERENCE,
FD-prod(8c6f920) lookup-down,GRAND_PACIFIC,Suva,minivan,airport -> destination (arrival),return,night 23:00,none,369,738,738,738,715.58,738,true,false,IN_BAND_DIFFERENCE,
FD-prod(8c6f920) lookup-down,GRAND_PACIFIC,Suva,minivan,airport -> destination (arrival),return,day 10:00,child seat,369,624,624,624,603.15,624,true,false,IN_BAND_DIFFERENCE,
FD-prod(8c6f920) lookup-down,GRAND_PACIFIC,Suva,minivan,airport -> destination (arrival),return,night 23:00,child seat,369,745,745,745,722.58,745,true,false,IN_BAND_DIFFERENCE,
FD-prod(8c6f920) lookup-down,GRAND_PACIFIC,Suva,minibus,airport -> destination (arrival),one-way,day 10:00,none,499,449,449,449,445.75,449,true,false,IN_BAND_DIFFERENCE,
FD-prod(8c6f920) lookup-down,GRAND_PACIFIC,Suva,minibus,airport -> destination (arrival),one-way,night 23:00,none,499,540,540,540,534.7,540,true,false,IN_BAND_DIFFERENCE,
FD-prod(8c6f920) lookup-down,GRAND_PACIFIC,Suva,minibus,airport -> destination (arrival),one-way,day 10:00,child seat,499,456,456,456,452.75,456,true,false,IN_BAND_DIFFERENCE,
FD-prod(8c6f920) lookup-down,GRAND_PACIFIC,Suva,minibus,airport -> destination (arrival),one-way,night 23:00,child seat,499,547,547,547,541.7,547,true,false,IN_BAND_DIFFERENCE,
FD-prod(8c6f920) lookup-down,GRAND_PACIFIC,Suva,minibus,airport -> destination (arrival),return,day 10:00,none,499,832,832,832,823.29,832,true,false,IN_BAND_DIFFERENCE,
FD-prod(8c6f920) lookup-down,GRAND_PACIFIC,Suva,minibus,airport -> destination (arrival),return,night 23:00,none,499,999,999,999,988.35,999,true,false,IN_BAND_DIFFERENCE,
FD-prod(8c6f920) lookup-down,GRAND_PACIFIC,Suva,minibus,airport -> destination (arrival),return,day 10:00,child seat,499,840,840,840,831.29,840,true,false,IN_BAND_DIFFERENCE,
FD-prod(8c6f920) lookup-down,GRAND_PACIFIC,Suva,minibus,airport -> destination (arrival),return,night 23:00,child seat,499,1006,1006,1006,995.35,1006,true,false,IN_BAND_DIFFERENCE,
FD-prod(8c6f920) lookup-down,TANOA_PLAZA_SUVA,Suva,sedan,airport -> destination (arrival),one-way,day 10:00,none,319,287,287,287,283.75,287,true,false,IN_BAND_DIFFERENCE,
FD-prod(8c6f920) lookup-down,TANOA_PLAZA_SUVA,Suva,sedan,airport -> destination (arrival),one-way,night 23:00,none,319,346,346,346,339.7,346,true,false,IN_BAND_DIFFERENCE,
FD-prod(8c6f920) lookup-down,TANOA_PLAZA_SUVA,Suva,sedan,airport -> destination (arrival),one-way,day 10:00,child seat,319,294,294,294,290.75,294,true,false,IN_BAND_DIFFERENCE,
FD-prod(8c6f920) lookup-down,TANOA_PLAZA_SUVA,Suva,sedan,airport -> destination (arrival),one-way,night 23:00,child seat,319,354,354,354,346.7,354,true,false,IN_BAND_DIFFERENCE,
FD-prod(8c6f920) lookup-down,TANOA_PLAZA_SUVA,Suva,sedan,airport -> destination (arrival),return,day 10:00,none,319,535,535,535,524.29,535,true,false,IN_BAND_DIFFERENCE,
FD-prod(8c6f920) lookup-down,TANOA_PLAZA_SUVA,Suva,sedan,airport -> destination (arrival),return,night 23:00,none,319,639,639,639,628.75,639,true,false,IN_BAND_DIFFERENCE,
FD-prod(8c6f920) lookup-down,TANOA_PLAZA_SUVA,Suva,sedan,airport -> destination (arrival),return,day 10:00,child seat,319,543,543,543,531.29,543,true,false,IN_BAND_DIFFERENCE,
FD-prod(8c6f920) lookup-down,TANOA_PLAZA_SUVA,Suva,sedan,airport -> destination (arrival),return,night 23:00,child seat,319,646,646,646,635.75,646,true,false,IN_BAND_DIFFERENCE,
FD-prod(8c6f920) lookup-down,TANOA_PLAZA_SUVA,Suva,minivan,airport -> destination (arrival),one-way,day 10:00,none,369,332,332,332,321.92,332,true,false,IN_BAND_DIFFERENCE,
FD-prod(8c6f920) lookup-down,TANOA_PLAZA_SUVA,Suva,minivan,airport -> destination (arrival),one-way,night 23:00,none,369,400,400,400,386.5,400,true,false,IN_BAND_DIFFERENCE,
FD-prod(8c6f920) lookup-down,TANOA_PLAZA_SUVA,Suva,minivan,airport -> destination (arrival),one-way,day 10:00,child seat,369,339,339,339,328.92,339,true,false,IN_BAND_DIFFERENCE,
FD-prod(8c6f920) lookup-down,TANOA_PLAZA_SUVA,Suva,minivan,airport -> destination (arrival),one-way,night 23:00,child seat,369,408,408,408,393.5,408,true,false,IN_BAND_DIFFERENCE,
FD-prod(8c6f920) lookup-down,TANOA_PLAZA_SUVA,Suva,minivan,airport -> destination (arrival),return,day 10:00,none,369,616,616,616,596.15,616,true,false,IN_BAND_DIFFERENCE,
FD-prod(8c6f920) lookup-down,TANOA_PLAZA_SUVA,Suva,minivan,airport -> destination (arrival),return,night 23:00,none,369,738,738,738,715.58,738,true,false,IN_BAND_DIFFERENCE,
FD-prod(8c6f920) lookup-down,TANOA_PLAZA_SUVA,Suva,minivan,airport -> destination (arrival),return,day 10:00,child seat,369,624,624,624,603.15,624,true,false,IN_BAND_DIFFERENCE,
FD-prod(8c6f920) lookup-down,TANOA_PLAZA_SUVA,Suva,minivan,airport -> destination (arrival),return,night 23:00,child seat,369,745,745,745,722.58,745,true,false,IN_BAND_DIFFERENCE,
FD-prod(8c6f920) lookup-down,TANOA_PLAZA_SUVA,Suva,minibus,airport -> destination (arrival),one-way,day 10:00,none,499,449,449,449,445.75,449,true,false,IN_BAND_DIFFERENCE,
FD-prod(8c6f920) lookup-down,TANOA_PLAZA_SUVA,Suva,minibus,airport -> destination (arrival),one-way,night 23:00,none,499,540,540,540,534.7,540,true,false,IN_BAND_DIFFERENCE,
FD-prod(8c6f920) lookup-down,TANOA_PLAZA_SUVA,Suva,minibus,airport -> destination (arrival),one-way,day 10:00,child seat,499,456,456,456,452.75,456,true,false,IN_BAND_DIFFERENCE,
FD-prod(8c6f920) lookup-down,TANOA_PLAZA_SUVA,Suva,minibus,airport -> destination (arrival),one-way,night 23:00,child seat,499,547,547,547,541.7,547,true,false,IN_BAND_DIFFERENCE,
FD-prod(8c6f920) lookup-down,TANOA_PLAZA_SUVA,Suva,minibus,airport -> destination (arrival),return,day 10:00,none,499,832,832,832,823.29,832,true,false,IN_BAND_DIFFERENCE,
FD-prod(8c6f920) lookup-down,TANOA_PLAZA_SUVA,Suva,minibus,airport -> destination (arrival),return,night 23:00,none,499,999,999,999,988.35,999,true,false,IN_BAND_DIFFERENCE,
FD-prod(8c6f920) lookup-down,TANOA_PLAZA_SUVA,Suva,minibus,airport -> destination (arrival),return,day 10:00,child seat,499,840,840,840,831.29,840,true,false,IN_BAND_DIFFERENCE,
FD-prod(8c6f920) lookup-down,TANOA_PLAZA_SUVA,Suva,minibus,airport -> destination (arrival),return,night 23:00,child seat,499,1006,1006,1006,995.35,1006,true,false,IN_BAND_DIFFERENCE,
FD-prod(8c6f920) lookup-down,NAUSORI_AIRPORT,Nausori,sedan,airport -> destination (arrival),one-way,day 10:00,none,369,332,332,332,321.35,332,true,false,IN_BAND_DIFFERENCE,
FD-prod(8c6f920) lookup-down,NAUSORI_AIRPORT,Nausori,sedan,airport -> destination (arrival),one-way,night 23:00,none,369,400,400,400,385.82,400,true,false,IN_BAND_DIFFERENCE,
FD-prod(8c6f920) lookup-down,NAUSORI_AIRPORT,Nausori,sedan,airport -> destination (arrival),one-way,day 10:00,child seat,369,339,339,339,328.35,339,true,false,IN_BAND_DIFFERENCE,
FD-prod(8c6f920) lookup-down,NAUSORI_AIRPORT,Nausori,sedan,airport -> destination (arrival),one-way,night 23:00,child seat,369,408,408,408,392.82,408,true,false,IN_BAND_DIFFERENCE,
FD-prod(8c6f920) lookup-down,NAUSORI_AIRPORT,Nausori,sedan,airport -> destination (arrival),return,day 10:00,none,369,616,616,616,595.1,616,true,false,IN_BAND_DIFFERENCE,
FD-prod(8c6f920) lookup-down,NAUSORI_AIRPORT,Nausori,sedan,airport -> destination (arrival),return,night 23:00,none,369,738,738,738,714.32,738,true,false,IN_BAND_DIFFERENCE,
FD-prod(8c6f920) lookup-down,NAUSORI_AIRPORT,Nausori,sedan,airport -> destination (arrival),return,day 10:00,child seat,369,624,624,624,602.1,624,true,false,IN_BAND_DIFFERENCE,
FD-prod(8c6f920) lookup-down,NAUSORI_AIRPORT,Nausori,sedan,airport -> destination (arrival),return,night 23:00,child seat,369,745,745,745,721.32,745,true,false,IN_BAND_DIFFERENCE,
FD-prod(8c6f920) lookup-down,NAUSORI_AIRPORT,Nausori,minivan,airport -> destination (arrival),one-way,day 10:00,none,499,449,449,449,421.69,449,true,false,IN_BAND_DIFFERENCE,
FD-prod(8c6f920) lookup-down,NAUSORI_AIRPORT,Nausori,minivan,airport -> destination (arrival),one-way,night 23:00,none,499,540,540,540,506.43,540,true,false,IN_BAND_DIFFERENCE,
FD-prod(8c6f920) lookup-down,NAUSORI_AIRPORT,Nausori,minivan,airport -> destination (arrival),one-way,day 10:00,child seat,499,456,456,456,428.69,456,true,false,IN_BAND_DIFFERENCE,
FD-prod(8c6f920) lookup-down,NAUSORI_AIRPORT,Nausori,minivan,airport -> destination (arrival),one-way,night 23:00,child seat,499,547,547,547,513.43,547,true,false,IN_BAND_DIFFERENCE,
FD-prod(8c6f920) lookup-down,NAUSORI_AIRPORT,Nausori,minivan,airport -> destination (arrival),return,day 10:00,none,499,832,832,832,780.08,832,true,false,IN_BAND_DIFFERENCE,
FD-prod(8c6f920) lookup-down,NAUSORI_AIRPORT,Nausori,minivan,airport -> destination (arrival),return,night 23:00,none,499,999,999,999,936.49,999,true,false,IN_BAND_DIFFERENCE,
FD-prod(8c6f920) lookup-down,NAUSORI_AIRPORT,Nausori,minivan,airport -> destination (arrival),return,day 10:00,child seat,499,840,840,840,787.08,840,true,false,IN_BAND_DIFFERENCE,
FD-prod(8c6f920) lookup-down,NAUSORI_AIRPORT,Nausori,minivan,airport -> destination (arrival),return,night 23:00,child seat,499,1006,1006,1006,943.49,1006,true,false,IN_BAND_DIFFERENCE,
FD-prod(8c6f920) lookup-down,NAUSORI_AIRPORT,Nausori,minibus,airport -> destination (arrival),one-way,day 10:00,none,549,494,494,494,483.35,494,true,false,IN_BAND_DIFFERENCE,
FD-prod(8c6f920) lookup-down,NAUSORI_AIRPORT,Nausori,minibus,airport -> destination (arrival),one-way,night 23:00,none,549,594,594,594,580.82,594,true,false,IN_BAND_DIFFERENCE,
FD-prod(8c6f920) lookup-down,NAUSORI_AIRPORT,Nausori,minibus,airport -> destination (arrival),one-way,day 10:00,child seat,549,501,501,501,490.35,501,true,false,IN_BAND_DIFFERENCE,
FD-prod(8c6f920) lookup-down,NAUSORI_AIRPORT,Nausori,minibus,airport -> destination (arrival),one-way,night 23:00,child seat,549,601,601,601,587.82,601,true,false,IN_BAND_DIFFERENCE,
FD-prod(8c6f920) lookup-down,NAUSORI_AIRPORT,Nausori,minibus,airport -> destination (arrival),return,day 10:00,none,549,918,918,918,895.1,918,true,false,IN_BAND_DIFFERENCE,
FD-prod(8c6f920) lookup-down,NAUSORI_AIRPORT,Nausori,minibus,airport -> destination (arrival),return,night 23:00,none,549,1098,1098,1098,1073.92,1098,true,false,IN_BAND_DIFFERENCE,
FD-prod(8c6f920) lookup-down,NAUSORI_AIRPORT,Nausori,minibus,airport -> destination (arrival),return,day 10:00,child seat,549,925,925,925,902.1,925,true,false,IN_BAND_DIFFERENCE,
FD-prod(8c6f920) lookup-down,NAUSORI_AIRPORT,Nausori,minibus,airport -> destination (arrival),return,night 23:00,child seat,549,1105,1105,1105,1080.92,1105,true,false,IN_BAND_DIFFERENCE,
FD-candidate lookup-down,NADI_DOWNTOWN,Nadi,sedan,airport -> destination (arrival),one-way,day 10:00,none,19,19,19,19,30.15,,false,false,CONSENT_REQUIRED,refused; Worker fare 30.15
FD-candidate lookup-down,NADI_DOWNTOWN,Nadi,sedan,airport -> destination (arrival),one-way,night 23:00,none,19,25,25,25,36.18,,false,false,CONSENT_REQUIRED,refused; Worker fare 36.18
FD-candidate lookup-down,NADI_DOWNTOWN,Nadi,sedan,airport -> destination (arrival),one-way,day 10:00,child seat,19,27,27,27,38.15,,false,false,CONSENT_REQUIRED,refused; Worker fare 38.15
FD-candidate lookup-down,NADI_DOWNTOWN,Nadi,sedan,airport -> destination (arrival),one-way,night 23:00,child seat,19,33,33,33,44.18,,false,false,CONSENT_REQUIRED,refused; Worker fare 44.18
FD-candidate lookup-down,NADI_DOWNTOWN,Nadi,sedan,airport -> destination (arrival),return,day 10:00,none,19,40,40,40,49.78,40,true,false,IN_BAND_DIFFERENCE,
FD-candidate lookup-down,NADI_DOWNTOWN,Nadi,sedan,airport -> destination (arrival),return,night 23:00,none,19,45,45,45,59.93,,false,false,CONSENT_REQUIRED,refused; Worker fare 59.93
FD-candidate lookup-down,NADI_DOWNTOWN,Nadi,sedan,airport -> destination (arrival),return,day 10:00,child seat,19,48,48,48,57.78,48,true,false,IN_BAND_DIFFERENCE,
FD-candidate lookup-down,NADI_DOWNTOWN,Nadi,sedan,airport -> destination (arrival),return,night 23:00,child seat,19,48,48,48,67.93,,false,false,CONSENT_REQUIRED,refused; Worker fare 67.93
FD-candidate lookup-down,NADI_DOWNTOWN,Nadi,minivan,airport -> destination (arrival),one-way,day 10:00,none,49,49,49,49,46.42,49,true,false,IN_BAND_DIFFERENCE,
FD-candidate lookup-down,NADI_DOWNTOWN,Nadi,minivan,airport -> destination (arrival),one-way,night 23:00,none,49,54,54,54,55.7,54,true,false,IN_BAND_DIFFERENCE,
FD-candidate lookup-down,NADI_DOWNTOWN,Nadi,minivan,airport -> destination (arrival),one-way,day 10:00,child seat,49,51,51,51,53.42,51,true,false,IN_BAND_DIFFERENCE,
FD-candidate lookup-down,NADI_DOWNTOWN,Nadi,minivan,airport -> destination (arrival),one-way,night 23:00,child seat,49,61,61,61,62.7,61,true,false,IN_BAND_DIFFERENCE,
FD-candidate lookup-down,NADI_DOWNTOWN,Nadi,minivan,airport -> destination (arrival),return,day 10:00,none,49,85,85,85,85.13,85,true,false,IN_BAND_DIFFERENCE,
FD-candidate lookup-down,NADI_DOWNTOWN,Nadi,minivan,airport -> destination (arrival),return,night 23:00,none,49,99,99,99,103.15,99,true,false,IN_BAND_DIFFERENCE,
FD-candidate lookup-down,NADI_DOWNTOWN,Nadi,minivan,airport -> destination (arrival),return,day 10:00,child seat,49,93,93,93,93.13,93,true,false,IN_BAND_DIFFERENCE,
FD-candidate lookup-down,NADI_DOWNTOWN,Nadi,minivan,airport -> destination (arrival),return,night 23:00,child seat,49,106,106,106,110.15,106,true,false,IN_BAND_DIFFERENCE,
FD-candidate lookup-down,NADI_DOWNTOWN,Nadi,minibus,airport -> destination (arrival),one-way,day 10:00,none,79,71,71,71,71.46,71,true,false,IN_BAND_DIFFERENCE,
FD-candidate lookup-down,NADI_DOWNTOWN,Nadi,minibus,airport -> destination (arrival),one-way,night 23:00,none,79,85,85,85,85.35,85,true,false,IN_BAND_DIFFERENCE,
FD-candidate lookup-down,NADI_DOWNTOWN,Nadi,minibus,airport -> destination (arrival),one-way,day 10:00,child seat,79,78,78,78,78.46,78,true,false,IN_BAND_DIFFERENCE,
FD-candidate lookup-down,NADI_DOWNTOWN,Nadi,minibus,airport -> destination (arrival),one-way,night 23:00,child seat,79,93,93,93,93.35,93,true,false,IN_BAND_DIFFERENCE,
FD-candidate lookup-down,NADI_DOWNTOWN,Nadi,minibus,airport -> destination (arrival),return,day 10:00,none,79,135,135,135,132,135,true,false,IN_BAND_DIFFERENCE,
FD-candidate lookup-down,NADI_DOWNTOWN,Nadi,minibus,airport -> destination (arrival),return,night 23:00,none,79,162,162,162,158.4,162,true,false,IN_BAND_DIFFERENCE,
FD-candidate lookup-down,NADI_DOWNTOWN,Nadi,minibus,airport -> destination (arrival),return,day 10:00,child seat,79,142,142,142,139,142,true,false,IN_BAND_DIFFERENCE,
FD-candidate lookup-down,NADI_DOWNTOWN,Nadi,minibus,airport -> destination (arrival),return,night 23:00,child seat,79,169,169,169,166.4,169,true,false,IN_BAND_DIFFERENCE,
FD-candidate lookup-down,TANOA_INTERNATIONAL,Nadi Airport,sedan,airport -> destination (arrival),one-way,day 10:00,none,15,15,15,15,,,,false,ZONE_NOT_IN_PRICING_DATA,
FD-candidate lookup-down,TANOA_INTERNATIONAL,Nadi Airport,sedan,airport -> destination (arrival),one-way,night 23:00,none,15,20,20,20,,,,false,ZONE_NOT_IN_PRICING_DATA,
FD-candidate lookup-down,TANOA_INTERNATIONAL,Nadi Airport,sedan,airport -> destination (arrival),one-way,day 10:00,child seat,15,23,23,23,,,,false,ZONE_NOT_IN_PRICING_DATA,
FD-candidate lookup-down,TANOA_INTERNATIONAL,Nadi Airport,sedan,airport -> destination (arrival),one-way,night 23:00,child seat,15,28,28,28,,,,false,ZONE_NOT_IN_PRICING_DATA,
FD-candidate lookup-down,TANOA_INTERNATIONAL,Nadi Airport,sedan,airport -> destination (arrival),return,day 10:00,none,15,30,30,30,,,,false,ZONE_NOT_IN_PRICING_DATA,
FD-candidate lookup-down,TANOA_INTERNATIONAL,Nadi Airport,sedan,airport -> destination (arrival),return,night 23:00,none,15,35,35,35,,,,false,ZONE_NOT_IN_PRICING_DATA,
FD-candidate lookup-down,TANOA_INTERNATIONAL,Nadi Airport,sedan,airport -> destination (arrival),return,day 10:00,child seat,15,38,38,38,,,,false,ZONE_NOT_IN_PRICING_DATA,
FD-candidate lookup-down,TANOA_INTERNATIONAL,Nadi Airport,sedan,airport -> destination (arrival),return,night 23:00,child seat,15,43,43,43,,,,false,ZONE_NOT_IN_PRICING_DATA,
FD-candidate lookup-down,TANOA_INTERNATIONAL,Nadi Airport,minivan,airport -> destination (arrival),one-way,day 10:00,none,25,25,25,25,,,,false,ZONE_NOT_IN_PRICING_DATA,
FD-candidate lookup-down,TANOA_INTERNATIONAL,Nadi Airport,minivan,airport -> destination (arrival),one-way,night 23:00,none,25,30,30,30,,,,false,ZONE_NOT_IN_PRICING_DATA,
FD-candidate lookup-down,TANOA_INTERNATIONAL,Nadi Airport,minivan,airport -> destination (arrival),one-way,day 10:00,child seat,25,33,33,33,,,,false,ZONE_NOT_IN_PRICING_DATA,
FD-candidate lookup-down,TANOA_INTERNATIONAL,Nadi Airport,minivan,airport -> destination (arrival),one-way,night 23:00,child seat,25,38,38,38,,,,false,ZONE_NOT_IN_PRICING_DATA,
FD-candidate lookup-down,TANOA_INTERNATIONAL,Nadi Airport,minivan,airport -> destination (arrival),return,day 10:00,none,25,50,50,50,,,,false,ZONE_NOT_IN_PRICING_DATA,
FD-candidate lookup-down,TANOA_INTERNATIONAL,Nadi Airport,minivan,airport -> destination (arrival),return,night 23:00,none,25,54,54,54,,,,false,ZONE_NOT_IN_PRICING_DATA,
FD-candidate lookup-down,TANOA_INTERNATIONAL,Nadi Airport,minivan,airport -> destination (arrival),return,day 10:00,child seat,25,52,52,52,,,,false,ZONE_NOT_IN_PRICING_DATA,
FD-candidate lookup-down,TANOA_INTERNATIONAL,Nadi Airport,minivan,airport -> destination (arrival),return,night 23:00,child seat,25,61,61,61,,,,false,ZONE_NOT_IN_PRICING_DATA,
FD-candidate lookup-down,TANOA_INTERNATIONAL,Nadi Airport,minibus,airport -> destination (arrival),one-way,day 10:00,none,45,45,45,45,,,,false,ZONE_NOT_IN_PRICING_DATA,
FD-candidate lookup-down,TANOA_INTERNATIONAL,Nadi Airport,minibus,airport -> destination (arrival),one-way,night 23:00,none,45,49,49,49,,,,false,ZONE_NOT_IN_PRICING_DATA,
FD-candidate lookup-down,TANOA_INTERNATIONAL,Nadi Airport,minibus,airport -> destination (arrival),one-way,day 10:00,child seat,45,48,48,48,,,,false,ZONE_NOT_IN_PRICING_DATA,
FD-candidate lookup-down,TANOA_INTERNATIONAL,Nadi Airport,minibus,airport -> destination (arrival),one-way,night 23:00,child seat,45,57,57,57,,,,false,ZONE_NOT_IN_PRICING_DATA,
FD-candidate lookup-down,TANOA_INTERNATIONAL,Nadi Airport,minibus,airport -> destination (arrival),return,day 10:00,none,45,76,76,76,,,,false,ZONE_NOT_IN_PRICING_DATA,
FD-candidate lookup-down,TANOA_INTERNATIONAL,Nadi Airport,minibus,airport -> destination (arrival),return,night 23:00,none,45,90,90,90,,,,false,ZONE_NOT_IN_PRICING_DATA,
FD-candidate lookup-down,TANOA_INTERNATIONAL,Nadi Airport,minibus,airport -> destination (arrival),return,day 10:00,child seat,45,84,84,84,,,,false,ZONE_NOT_IN_PRICING_DATA,
FD-candidate lookup-down,TANOA_INTERNATIONAL,Nadi Airport,minibus,airport -> destination (arrival),return,night 23:00,child seat,45,97,97,97,,,,false,ZONE_NOT_IN_PRICING_DATA,
FD-candidate lookup-down,MERCURE_NADI,Nadi,sedan,airport -> destination (arrival),one-way,day 10:00,none,19,19,19,19,30.15,,false,false,CONSENT_REQUIRED,refused; Worker fare 30.15
FD-candidate lookup-down,MERCURE_NADI,Nadi,sedan,airport -> destination (arrival),one-way,night 23:00,none,19,25,25,25,36.18,,false,false,CONSENT_REQUIRED,refused; Worker fare 36.18
FD-candidate lookup-down,MERCURE_NADI,Nadi,sedan,airport -> destination (arrival),one-way,day 10:00,child seat,19,27,27,27,38.15,,false,false,CONSENT_REQUIRED,refused; Worker fare 38.15
FD-candidate lookup-down,MERCURE_NADI,Nadi,sedan,airport -> destination (arrival),one-way,night 23:00,child seat,19,33,33,33,44.18,,false,false,CONSENT_REQUIRED,refused; Worker fare 44.18
FD-candidate lookup-down,MERCURE_NADI,Nadi,sedan,airport -> destination (arrival),return,day 10:00,none,19,40,40,40,49.78,40,true,false,IN_BAND_DIFFERENCE,
FD-candidate lookup-down,MERCURE_NADI,Nadi,sedan,airport -> destination (arrival),return,night 23:00,none,19,45,45,45,59.93,,false,false,CONSENT_REQUIRED,refused; Worker fare 59.93
FD-candidate lookup-down,MERCURE_NADI,Nadi,sedan,airport -> destination (arrival),return,day 10:00,child seat,19,48,48,48,57.78,48,true,false,IN_BAND_DIFFERENCE,
FD-candidate lookup-down,MERCURE_NADI,Nadi,sedan,airport -> destination (arrival),return,night 23:00,child seat,19,48,48,48,67.93,,false,false,CONSENT_REQUIRED,refused; Worker fare 67.93
FD-candidate lookup-down,MERCURE_NADI,Nadi,minivan,airport -> destination (arrival),one-way,day 10:00,none,49,49,49,49,46.42,49,true,false,IN_BAND_DIFFERENCE,
FD-candidate lookup-down,MERCURE_NADI,Nadi,minivan,airport -> destination (arrival),one-way,night 23:00,none,49,54,54,54,55.7,54,true,false,IN_BAND_DIFFERENCE,
FD-candidate lookup-down,MERCURE_NADI,Nadi,minivan,airport -> destination (arrival),one-way,day 10:00,child seat,49,51,51,51,53.42,51,true,false,IN_BAND_DIFFERENCE,
FD-candidate lookup-down,MERCURE_NADI,Nadi,minivan,airport -> destination (arrival),one-way,night 23:00,child seat,49,61,61,61,62.7,61,true,false,IN_BAND_DIFFERENCE,
FD-candidate lookup-down,MERCURE_NADI,Nadi,minivan,airport -> destination (arrival),return,day 10:00,none,49,85,85,85,85.13,85,true,false,IN_BAND_DIFFERENCE,
FD-candidate lookup-down,MERCURE_NADI,Nadi,minivan,airport -> destination (arrival),return,night 23:00,none,49,99,99,99,103.15,99,true,false,IN_BAND_DIFFERENCE,
FD-candidate lookup-down,MERCURE_NADI,Nadi,minivan,airport -> destination (arrival),return,day 10:00,child seat,49,93,93,93,93.13,93,true,false,IN_BAND_DIFFERENCE,
FD-candidate lookup-down,MERCURE_NADI,Nadi,minivan,airport -> destination (arrival),return,night 23:00,child seat,49,106,106,106,110.15,106,true,false,IN_BAND_DIFFERENCE,
FD-candidate lookup-down,MERCURE_NADI,Nadi,minibus,airport -> destination (arrival),one-way,day 10:00,none,79,71,71,71,71.46,71,true,false,IN_BAND_DIFFERENCE,
FD-candidate lookup-down,MERCURE_NADI,Nadi,minibus,airport -> destination (arrival),one-way,night 23:00,none,79,85,85,85,85.35,85,true,false,IN_BAND_DIFFERENCE,
FD-candidate lookup-down,MERCURE_NADI,Nadi,minibus,airport -> destination (arrival),one-way,day 10:00,child seat,79,78,78,78,78.46,78,true,false,IN_BAND_DIFFERENCE,
FD-candidate lookup-down,MERCURE_NADI,Nadi,minibus,airport -> destination (arrival),one-way,night 23:00,child seat,79,93,93,93,93.35,93,true,false,IN_BAND_DIFFERENCE,
FD-candidate lookup-down,MERCURE_NADI,Nadi,minibus,airport -> destination (arrival),return,day 10:00,none,79,135,135,135,132,135,true,false,IN_BAND_DIFFERENCE,
FD-candidate lookup-down,MERCURE_NADI,Nadi,minibus,airport -> destination (arrival),return,night 23:00,none,79,162,162,162,158.4,162,true,false,IN_BAND_DIFFERENCE,
FD-candidate lookup-down,MERCURE_NADI,Nadi,minibus,airport -> destination (arrival),return,day 10:00,child seat,79,142,142,142,139,142,true,false,IN_BAND_DIFFERENCE,
FD-candidate lookup-down,MERCURE_NADI,Nadi,minibus,airport -> destination (arrival),return,night 23:00,child seat,79,169,169,169,166.4,169,true,false,IN_BAND_DIFFERENCE,
FD-candidate lookup-down,WAILOALOA_BEACH,Wailoaloa,sedan,airport -> destination (arrival),one-way,day 10:00,none,39,39,39,39,30.36,39,true,false,IN_BAND_DIFFERENCE,
FD-candidate lookup-down,WAILOALOA_BEACH,Wailoaloa,sedan,airport -> destination (arrival),one-way,night 23:00,none,39,50,50,50,36.43,,false,false,CONSENT_REQUIRED,refused; Worker fare 36.43
FD-candidate lookup-down,WAILOALOA_BEACH,Wailoaloa,sedan,airport -> destination (arrival),one-way,day 10:00,child seat,39,47,47,47,38.36,47,true,false,IN_BAND_DIFFERENCE,
FD-candidate lookup-down,WAILOALOA_BEACH,Wailoaloa,sedan,airport -> destination (arrival),one-way,night 23:00,child seat,39,52,52,52,44.43,52,true,false,IN_BAND_DIFFERENCE,
FD-candidate lookup-down,WAILOALOA_BEACH,Wailoaloa,sedan,airport -> destination (arrival),return,day 10:00,none,39,67,67,67,50.17,,false,false,CONSENT_REQUIRED,refused; Worker fare 50.17
FD-candidate lookup-down,WAILOALOA_BEACH,Wailoaloa,sedan,airport -> destination (arrival),return,night 23:00,none,39,81,81,81,60.4,,false,false,CONSENT_REQUIRED,refused; Worker fare 60.4
FD-candidate lookup-down,WAILOALOA_BEACH,Wailoaloa,sedan,airport -> destination (arrival),return,day 10:00,child seat,39,75,75,75,58.17,75,true,false,IN_BAND_DIFFERENCE,
FD-candidate lookup-down,WAILOALOA_BEACH,Wailoaloa,sedan,airport -> destination (arrival),return,night 23:00,child seat,39,88,88,88,67.4,,false,false,CONSENT_REQUIRED,refused; Worker fare 67.4
FD-candidate lookup-down,WAILOALOA_BEACH,Wailoaloa,minivan,airport -> destination (arrival),one-way,day 10:00,none,59,53,53,53,46.63,53,true,false,IN_BAND_DIFFERENCE,
FD-candidate lookup-down,WAILOALOA_BEACH,Wailoaloa,minivan,airport -> destination (arrival),one-way,night 23:00,none,59,67,67,67,55.96,67,true,false,IN_BAND_DIFFERENCE,
FD-candidate lookup-down,WAILOALOA_BEACH,Wailoaloa,minivan,airport -> destination (arrival),one-way,day 10:00,child seat,59,60,60,60,53.63,60,true,false,IN_BAND_DIFFERENCE,
FD-candidate lookup-down,WAILOALOA_BEACH,Wailoaloa,minivan,airport -> destination (arrival),one-way,night 23:00,child seat,59,75,75,75,62.96,75,true,false,IN_BAND_DIFFERENCE,
FD-candidate lookup-down,WAILOALOA_BEACH,Wailoaloa,minivan,airport -> destination (arrival),return,day 10:00,none,59,99,99,99,85.52,99,true,false,IN_BAND_DIFFERENCE,
FD-candidate lookup-down,WAILOALOA_BEACH,Wailoaloa,minivan,airport -> destination (arrival),return,night 23:00,none,59,121,121,121,103.62,121,true,false,IN_BAND_DIFFERENCE,
FD-candidate lookup-down,WAILOALOA_BEACH,Wailoaloa,minivan,airport -> destination (arrival),return,day 10:00,child seat,59,106,106,106,93.52,106,true,false,IN_BAND_DIFFERENCE,
FD-candidate lookup-down,WAILOALOA_BEACH,Wailoaloa,minivan,airport -> destination (arrival),return,night 23:00,child seat,59,129,129,129,110.62,129,true,false,IN_BAND_DIFFERENCE,
FD-candidate lookup-down,WAILOALOA_BEACH,Wailoaloa,minibus,airport -> destination (arrival),one-way,day 10:00,none,89,80,80,80,71.7,80,true,false,IN_BAND_DIFFERENCE,
FD-candidate lookup-down,WAILOALOA_BEACH,Wailoaloa,minibus,airport -> destination (arrival),one-way,night 23:00,none,89,99,99,99,85.64,99,true,false,IN_BAND_DIFFERENCE,
FD-candidate lookup-down,WAILOALOA_BEACH,Wailoaloa,minibus,airport -> destination (arrival),one-way,day 10:00,child seat,89,87,87,87,78.7,87,true,false,IN_BAND_DIFFERENCE,
FD-candidate lookup-down,WAILOALOA_BEACH,Wailoaloa,minibus,airport -> destination (arrival),one-way,night 23:00,child seat,89,106,106,106,93.64,106,true,false,IN_BAND_DIFFERENCE,
FD-candidate lookup-down,WAILOALOA_BEACH,Wailoaloa,minibus,airport -> destination (arrival),return,day 10:00,none,89,148,148,148,132.45,148,true,false,IN_BAND_DIFFERENCE,
FD-candidate lookup-down,WAILOALOA_BEACH,Wailoaloa,minibus,airport -> destination (arrival),return,night 23:00,none,89,180,180,180,158.93,180,true,false,IN_BAND_DIFFERENCE,
FD-candidate lookup-down,WAILOALOA_BEACH,Wailoaloa,minibus,airport -> destination (arrival),return,day 10:00,child seat,89,156,156,156,139.45,156,true,false,IN_BAND_DIFFERENCE,
FD-candidate lookup-down,WAILOALOA_BEACH,Wailoaloa,minibus,airport -> destination (arrival),return,night 23:00,child seat,89,187,187,187,166.93,187,true,false,IN_BAND_DIFFERENCE,
FD-candidate lookup-down,CROWNE_PLAZA_NADI_BAY,Wailoaloa,sedan,airport -> destination (arrival),one-way,day 10:00,none,39,39,39,39,30.36,39,true,false,IN_BAND_DIFFERENCE,
FD-candidate lookup-down,CROWNE_PLAZA_NADI_BAY,Wailoaloa,sedan,airport -> destination (arrival),one-way,night 23:00,none,39,50,50,50,36.43,,false,false,CONSENT_REQUIRED,refused; Worker fare 36.43
FD-candidate lookup-down,CROWNE_PLAZA_NADI_BAY,Wailoaloa,sedan,airport -> destination (arrival),one-way,day 10:00,child seat,39,47,47,47,38.36,47,true,false,IN_BAND_DIFFERENCE,
FD-candidate lookup-down,CROWNE_PLAZA_NADI_BAY,Wailoaloa,sedan,airport -> destination (arrival),one-way,night 23:00,child seat,39,52,52,52,44.43,52,true,false,IN_BAND_DIFFERENCE,
FD-candidate lookup-down,CROWNE_PLAZA_NADI_BAY,Wailoaloa,sedan,airport -> destination (arrival),return,day 10:00,none,39,67,67,67,50.17,,false,false,CONSENT_REQUIRED,refused; Worker fare 50.17
FD-candidate lookup-down,CROWNE_PLAZA_NADI_BAY,Wailoaloa,sedan,airport -> destination (arrival),return,night 23:00,none,39,81,81,81,60.4,,false,false,CONSENT_REQUIRED,refused; Worker fare 60.4
FD-candidate lookup-down,CROWNE_PLAZA_NADI_BAY,Wailoaloa,sedan,airport -> destination (arrival),return,day 10:00,child seat,39,75,75,75,58.17,75,true,false,IN_BAND_DIFFERENCE,
FD-candidate lookup-down,CROWNE_PLAZA_NADI_BAY,Wailoaloa,sedan,airport -> destination (arrival),return,night 23:00,child seat,39,88,88,88,67.4,,false,false,CONSENT_REQUIRED,refused; Worker fare 67.4
FD-candidate lookup-down,CROWNE_PLAZA_NADI_BAY,Wailoaloa,minivan,airport -> destination (arrival),one-way,day 10:00,none,59,53,53,53,46.63,53,true,false,IN_BAND_DIFFERENCE,
FD-candidate lookup-down,CROWNE_PLAZA_NADI_BAY,Wailoaloa,minivan,airport -> destination (arrival),one-way,night 23:00,none,59,67,67,67,55.96,67,true,false,IN_BAND_DIFFERENCE,
FD-candidate lookup-down,CROWNE_PLAZA_NADI_BAY,Wailoaloa,minivan,airport -> destination (arrival),one-way,day 10:00,child seat,59,60,60,60,53.63,60,true,false,IN_BAND_DIFFERENCE,
FD-candidate lookup-down,CROWNE_PLAZA_NADI_BAY,Wailoaloa,minivan,airport -> destination (arrival),one-way,night 23:00,child seat,59,75,75,75,62.96,75,true,false,IN_BAND_DIFFERENCE,
FD-candidate lookup-down,CROWNE_PLAZA_NADI_BAY,Wailoaloa,minivan,airport -> destination (arrival),return,day 10:00,none,59,99,99,99,85.52,99,true,false,IN_BAND_DIFFERENCE,
FD-candidate lookup-down,CROWNE_PLAZA_NADI_BAY,Wailoaloa,minivan,airport -> destination (arrival),return,night 23:00,none,59,121,121,121,103.62,121,true,false,IN_BAND_DIFFERENCE,
FD-candidate lookup-down,CROWNE_PLAZA_NADI_BAY,Wailoaloa,minivan,airport -> destination (arrival),return,day 10:00,child seat,59,106,106,106,93.52,106,true,false,IN_BAND_DIFFERENCE,
FD-candidate lookup-down,CROWNE_PLAZA_NADI_BAY,Wailoaloa,minivan,airport -> destination (arrival),return,night 23:00,child seat,59,129,129,129,110.62,129,true,false,IN_BAND_DIFFERENCE,
FD-candidate lookup-down,CROWNE_PLAZA_NADI_BAY,Wailoaloa,minibus,airport -> destination (arrival),one-way,day 10:00,none,89,80,80,80,71.7,80,true,false,IN_BAND_DIFFERENCE,
FD-candidate lookup-down,CROWNE_PLAZA_NADI_BAY,Wailoaloa,minibus,airport -> destination (arrival),one-way,night 23:00,none,89,99,99,99,85.64,99,true,false,IN_BAND_DIFFERENCE,
FD-candidate lookup-down,CROWNE_PLAZA_NADI_BAY,Wailoaloa,minibus,airport -> destination (arrival),one-way,day 10:00,child seat,89,87,87,87,78.7,87,true,false,IN_BAND_DIFFERENCE,
FD-candidate lookup-down,CROWNE_PLAZA_NADI_BAY,Wailoaloa,minibus,airport -> destination (arrival),one-way,night 23:00,child seat,89,106,106,106,93.64,106,true,false,IN_BAND_DIFFERENCE,
FD-candidate lookup-down,CROWNE_PLAZA_NADI_BAY,Wailoaloa,minibus,airport -> destination (arrival),return,day 10:00,none,89,148,148,148,132.45,148,true,false,IN_BAND_DIFFERENCE,
FD-candidate lookup-down,CROWNE_PLAZA_NADI_BAY,Wailoaloa,minibus,airport -> destination (arrival),return,night 23:00,none,89,180,180,180,158.93,180,true,false,IN_BAND_DIFFERENCE,
FD-candidate lookup-down,CROWNE_PLAZA_NADI_BAY,Wailoaloa,minibus,airport -> destination (arrival),return,day 10:00,child seat,89,156,156,156,139.45,156,true,false,IN_BAND_DIFFERENCE,
FD-candidate lookup-down,CROWNE_PLAZA_NADI_BAY,Wailoaloa,minibus,airport -> destination (arrival),return,night 23:00,child seat,89,187,187,187,166.93,187,true,false,IN_BAND_DIFFERENCE,
FD-candidate lookup-down,HILTON_DENARAU,Denarau,sedan,airport -> destination (arrival),one-way,day 10:00,none,49,49,49,49,47.87,49,true,false,IN_BAND_DIFFERENCE,
FD-candidate lookup-down,HILTON_DENARAU,Denarau,sedan,airport -> destination (arrival),one-way,night 23:00,none,49,54,54,54,51.44,54,true,false,IN_BAND_DIFFERENCE,
FD-candidate lookup-down,HILTON_DENARAU,Denarau,sedan,airport -> destination (arrival),one-way,day 10:00,child seat,49,51,51,51,49.87,51,true,false,IN_BAND_DIFFERENCE,
FD-candidate lookup-down,HILTON_DENARAU,Denarau,sedan,airport -> destination (arrival),one-way,night 23:00,child seat,49,61,61,61,58.44,61,true,false,IN_BAND_DIFFERENCE,
FD-candidate lookup-down,HILTON_DENARAU,Denarau,sedan,airport -> destination (arrival),return,day 10:00,none,49,85,85,85,79.56,85,true,false,IN_BAND_DIFFERENCE,
FD-candidate lookup-down,HILTON_DENARAU,Denarau,sedan,airport -> destination (arrival),return,night 23:00,none,49,99,99,99,95.27,99,true,false,IN_BAND_DIFFERENCE,
FD-candidate lookup-down,HILTON_DENARAU,Denarau,sedan,airport -> destination (arrival),return,day 10:00,child seat,49,93,93,93,86.56,93,true,false,IN_BAND_DIFFERENCE,
FD-candidate lookup-down,HILTON_DENARAU,Denarau,sedan,airport -> destination (arrival),return,night 23:00,child seat,49,106,106,106,103.27,106,true,false,IN_BAND_DIFFERENCE,
FD-candidate lookup-down,HILTON_DENARAU,Denarau,minivan,airport -> destination (arrival),one-way,day 10:00,none,69,62,62,62,62.08,62,true,false,IN_BAND_DIFFERENCE,
FD-candidate lookup-down,HILTON_DENARAU,Denarau,minivan,airport -> destination (arrival),one-way,night 23:00,none,69,76,76,76,74.9,76,true,false,IN_BAND_DIFFERENCE,
FD-candidate lookup-down,HILTON_DENARAU,Denarau,minivan,airport -> destination (arrival),one-way,day 10:00,child seat,69,69,69,69,69.08,69,true,false,IN_BAND_DIFFERENCE,
FD-candidate lookup-down,HILTON_DENARAU,Denarau,minivan,airport -> destination (arrival),one-way,night 23:00,child seat,69,84,84,84,81.9,84,true,false,IN_BAND_DIFFERENCE,
FD-candidate lookup-down,HILTON_DENARAU,Denarau,minivan,airport -> destination (arrival),return,day 10:00,none,69,117,117,117,114.8,117,true,false,IN_BAND_DIFFERENCE,
FD-candidate lookup-down,HILTON_DENARAU,Denarau,minivan,airport -> destination (arrival),return,night 23:00,none,69,139,139,139,138.36,139,true,false,IN_BAND_DIFFERENCE,
FD-candidate lookup-down,HILTON_DENARAU,Denarau,minivan,airport -> destination (arrival),return,day 10:00,child seat,69,124,124,124,121.8,124,true,false,IN_BAND_DIFFERENCE,
FD-candidate lookup-down,HILTON_DENARAU,Denarau,minivan,airport -> destination (arrival),return,night 23:00,child seat,69,147,147,147,145.36,147,true,false,IN_BAND_DIFFERENCE,
FD-candidate lookup-down,HILTON_DENARAU,Denarau,minibus,airport -> destination (arrival),one-way,day 10:00,none,99,89,89,89,89.84,89,true,false,IN_BAND_DIFFERENCE,
FD-candidate lookup-down,HILTON_DENARAU,Denarau,minibus,airport -> destination (arrival),one-way,night 23:00,none,99,108,108,108,107.81,108,true,false,IN_BAND_DIFFERENCE,
FD-candidate lookup-down,HILTON_DENARAU,Denarau,minibus,airport -> destination (arrival),one-way,day 10:00,child seat,99,96,96,96,96.84,96,true,false,IN_BAND_DIFFERENCE,
FD-candidate lookup-down,HILTON_DENARAU,Denarau,minibus,airport -> destination (arrival),one-way,night 23:00,child seat,99,115,115,115,114.81,115,true,false,IN_BAND_DIFFERENCE,
FD-candidate lookup-down,HILTON_DENARAU,Denarau,minibus,airport -> destination (arrival),return,day 10:00,none,99,166,166,166,166.7,166,true,false,IN_BAND_DIFFERENCE,
FD-candidate lookup-down,HILTON_DENARAU,Denarau,minibus,airport -> destination (arrival),return,night 23:00,none,99,198,198,198,199.64,198,true,false,IN_BAND_DIFFERENCE,
FD-candidate lookup-down,HILTON_DENARAU,Denarau,minibus,airport -> destination (arrival),return,day 10:00,child seat,99,174,174,174,173.7,174,true,false,IN_BAND_DIFFERENCE,
FD-candidate lookup-down,HILTON_DENARAU,Denarau,minibus,airport -> destination (arrival),return,night 23:00,child seat,99,205,205,205,206.64,205,true,false,IN_BAND_DIFFERENCE,
FD-candidate lookup-down,SOFITEL_DENARAU,Denarau,sedan,airport -> destination (arrival),one-way,day 10:00,none,49,49,49,49,47.87,49,true,false,IN_BAND_DIFFERENCE,
FD-candidate lookup-down,SOFITEL_DENARAU,Denarau,sedan,airport -> destination (arrival),one-way,night 23:00,none,49,54,54,54,51.44,54,true,false,IN_BAND_DIFFERENCE,
FD-candidate lookup-down,SOFITEL_DENARAU,Denarau,sedan,airport -> destination (arrival),one-way,day 10:00,child seat,49,51,51,51,49.87,51,true,false,IN_BAND_DIFFERENCE,
FD-candidate lookup-down,SOFITEL_DENARAU,Denarau,sedan,airport -> destination (arrival),one-way,night 23:00,child seat,49,61,61,61,58.44,61,true,false,IN_BAND_DIFFERENCE,
FD-candidate lookup-down,SOFITEL_DENARAU,Denarau,sedan,airport -> destination (arrival),return,day 10:00,none,49,85,85,85,79.56,85,true,false,IN_BAND_DIFFERENCE,
FD-candidate lookup-down,SOFITEL_DENARAU,Denarau,sedan,airport -> destination (arrival),return,night 23:00,none,49,99,99,99,95.27,99,true,false,IN_BAND_DIFFERENCE,
FD-candidate lookup-down,SOFITEL_DENARAU,Denarau,sedan,airport -> destination (arrival),return,day 10:00,child seat,49,93,93,93,86.56,93,true,false,IN_BAND_DIFFERENCE,
FD-candidate lookup-down,SOFITEL_DENARAU,Denarau,sedan,airport -> destination (arrival),return,night 23:00,child seat,49,106,106,106,103.27,106,true,false,IN_BAND_DIFFERENCE,
FD-candidate lookup-down,SOFITEL_DENARAU,Denarau,minivan,airport -> destination (arrival),one-way,day 10:00,none,69,62,62,62,62.08,62,true,false,IN_BAND_DIFFERENCE,
FD-candidate lookup-down,SOFITEL_DENARAU,Denarau,minivan,airport -> destination (arrival),one-way,night 23:00,none,69,76,76,76,74.9,76,true,false,IN_BAND_DIFFERENCE,
FD-candidate lookup-down,SOFITEL_DENARAU,Denarau,minivan,airport -> destination (arrival),one-way,day 10:00,child seat,69,69,69,69,69.08,69,true,false,IN_BAND_DIFFERENCE,
FD-candidate lookup-down,SOFITEL_DENARAU,Denarau,minivan,airport -> destination (arrival),one-way,night 23:00,child seat,69,84,84,84,81.9,84,true,false,IN_BAND_DIFFERENCE,
FD-candidate lookup-down,SOFITEL_DENARAU,Denarau,minivan,airport -> destination (arrival),return,day 10:00,none,69,117,117,117,114.8,117,true,false,IN_BAND_DIFFERENCE,
FD-candidate lookup-down,SOFITEL_DENARAU,Denarau,minivan,airport -> destination (arrival),return,night 23:00,none,69,139,139,139,138.36,139,true,false,IN_BAND_DIFFERENCE,
FD-candidate lookup-down,SOFITEL_DENARAU,Denarau,minivan,airport -> destination (arrival),return,day 10:00,child seat,69,124,124,124,121.8,124,true,false,IN_BAND_DIFFERENCE,
FD-candidate lookup-down,SOFITEL_DENARAU,Denarau,minivan,airport -> destination (arrival),return,night 23:00,child seat,69,147,147,147,145.36,147,true,false,IN_BAND_DIFFERENCE,
FD-candidate lookup-down,SOFITEL_DENARAU,Denarau,minibus,airport -> destination (arrival),one-way,day 10:00,none,99,89,89,89,89.84,89,true,false,IN_BAND_DIFFERENCE,
FD-candidate lookup-down,SOFITEL_DENARAU,Denarau,minibus,airport -> destination (arrival),one-way,night 23:00,none,99,108,108,108,107.81,108,true,false,IN_BAND_DIFFERENCE,
FD-candidate lookup-down,SOFITEL_DENARAU,Denarau,minibus,airport -> destination (arrival),one-way,day 10:00,child seat,99,96,96,96,96.84,96,true,false,IN_BAND_DIFFERENCE,
FD-candidate lookup-down,SOFITEL_DENARAU,Denarau,minibus,airport -> destination (arrival),one-way,night 23:00,child seat,99,115,115,115,114.81,115,true,false,IN_BAND_DIFFERENCE,
FD-candidate lookup-down,SOFITEL_DENARAU,Denarau,minibus,airport -> destination (arrival),return,day 10:00,none,99,166,166,166,166.7,166,true,false,IN_BAND_DIFFERENCE,
FD-candidate lookup-down,SOFITEL_DENARAU,Denarau,minibus,airport -> destination (arrival),return,night 23:00,none,99,198,198,198,199.64,198,true,false,IN_BAND_DIFFERENCE,
FD-candidate lookup-down,SOFITEL_DENARAU,Denarau,minibus,airport -> destination (arrival),return,day 10:00,child seat,99,174,174,174,173.7,174,true,false,IN_BAND_DIFFERENCE,
FD-candidate lookup-down,SOFITEL_DENARAU,Denarau,minibus,airport -> destination (arrival),return,night 23:00,child seat,99,205,205,205,206.64,205,true,false,IN_BAND_DIFFERENCE,
FD-candidate lookup-down,PORT_DENARAU_MARINA,Denarau,sedan,airport -> destination (arrival),one-way,day 10:00,none,49,49,49,49,47.87,49,true,false,IN_BAND_DIFFERENCE,
FD-candidate lookup-down,PORT_DENARAU_MARINA,Denarau,sedan,airport -> destination (arrival),one-way,night 23:00,none,49,54,54,54,51.44,54,true,false,IN_BAND_DIFFERENCE,
FD-candidate lookup-down,PORT_DENARAU_MARINA,Denarau,sedan,airport -> destination (arrival),one-way,day 10:00,child seat,49,51,51,51,49.87,51,true,false,IN_BAND_DIFFERENCE,
FD-candidate lookup-down,PORT_DENARAU_MARINA,Denarau,sedan,airport -> destination (arrival),one-way,night 23:00,child seat,49,61,61,61,58.44,61,true,false,IN_BAND_DIFFERENCE,
FD-candidate lookup-down,PORT_DENARAU_MARINA,Denarau,sedan,airport -> destination (arrival),return,day 10:00,none,49,85,85,85,79.56,85,true,false,IN_BAND_DIFFERENCE,
FD-candidate lookup-down,PORT_DENARAU_MARINA,Denarau,sedan,airport -> destination (arrival),return,night 23:00,none,49,99,99,99,95.27,99,true,false,IN_BAND_DIFFERENCE,
FD-candidate lookup-down,PORT_DENARAU_MARINA,Denarau,sedan,airport -> destination (arrival),return,day 10:00,child seat,49,93,93,93,86.56,93,true,false,IN_BAND_DIFFERENCE,
FD-candidate lookup-down,PORT_DENARAU_MARINA,Denarau,sedan,airport -> destination (arrival),return,night 23:00,child seat,49,106,106,106,103.27,106,true,false,IN_BAND_DIFFERENCE,
FD-candidate lookup-down,PORT_DENARAU_MARINA,Denarau,minivan,airport -> destination (arrival),one-way,day 10:00,none,69,62,62,62,62.08,62,true,false,IN_BAND_DIFFERENCE,
FD-candidate lookup-down,PORT_DENARAU_MARINA,Denarau,minivan,airport -> destination (arrival),one-way,night 23:00,none,69,76,76,76,74.9,76,true,false,IN_BAND_DIFFERENCE,
FD-candidate lookup-down,PORT_DENARAU_MARINA,Denarau,minivan,airport -> destination (arrival),one-way,day 10:00,child seat,69,69,69,69,69.08,69,true,false,IN_BAND_DIFFERENCE,
FD-candidate lookup-down,PORT_DENARAU_MARINA,Denarau,minivan,airport -> destination (arrival),one-way,night 23:00,child seat,69,84,84,84,81.9,84,true,false,IN_BAND_DIFFERENCE,
FD-candidate lookup-down,PORT_DENARAU_MARINA,Denarau,minivan,airport -> destination (arrival),return,day 10:00,none,69,117,117,117,114.8,117,true,false,IN_BAND_DIFFERENCE,
FD-candidate lookup-down,PORT_DENARAU_MARINA,Denarau,minivan,airport -> destination (arrival),return,night 23:00,none,69,139,139,139,138.36,139,true,false,IN_BAND_DIFFERENCE,
FD-candidate lookup-down,PORT_DENARAU_MARINA,Denarau,minivan,airport -> destination (arrival),return,day 10:00,child seat,69,124,124,124,121.8,124,true,false,IN_BAND_DIFFERENCE,
FD-candidate lookup-down,PORT_DENARAU_MARINA,Denarau,minivan,airport -> destination (arrival),return,night 23:00,child seat,69,147,147,147,145.36,147,true,false,IN_BAND_DIFFERENCE,
FD-candidate lookup-down,PORT_DENARAU_MARINA,Denarau,minibus,airport -> destination (arrival),one-way,day 10:00,none,99,89,89,89,89.84,89,true,false,IN_BAND_DIFFERENCE,
FD-candidate lookup-down,PORT_DENARAU_MARINA,Denarau,minibus,airport -> destination (arrival),one-way,night 23:00,none,99,108,108,108,107.81,108,true,false,IN_BAND_DIFFERENCE,
FD-candidate lookup-down,PORT_DENARAU_MARINA,Denarau,minibus,airport -> destination (arrival),one-way,day 10:00,child seat,99,96,96,96,96.84,96,true,false,IN_BAND_DIFFERENCE,
FD-candidate lookup-down,PORT_DENARAU_MARINA,Denarau,minibus,airport -> destination (arrival),one-way,night 23:00,child seat,99,115,115,115,114.81,115,true,false,IN_BAND_DIFFERENCE,
FD-candidate lookup-down,PORT_DENARAU_MARINA,Denarau,minibus,airport -> destination (arrival),return,day 10:00,none,99,166,166,166,166.7,166,true,false,IN_BAND_DIFFERENCE,
FD-candidate lookup-down,PORT_DENARAU_MARINA,Denarau,minibus,airport -> destination (arrival),return,night 23:00,none,99,198,198,198,199.64,198,true,false,IN_BAND_DIFFERENCE,
FD-candidate lookup-down,PORT_DENARAU_MARINA,Denarau,minibus,airport -> destination (arrival),return,day 10:00,child seat,99,174,174,174,173.7,174,true,false,IN_BAND_DIFFERENCE,
FD-candidate lookup-down,PORT_DENARAU_MARINA,Denarau,minibus,airport -> destination (arrival),return,night 23:00,child seat,99,205,205,205,206.64,205,true,false,IN_BAND_DIFFERENCE,
FD-candidate lookup-down,DOUBLETREE_SONAISALI,Sonaisali,sedan,airport -> destination (arrival),one-way,day 10:00,none,69,62,62,62,70.83,62,true,false,IN_BAND_DIFFERENCE,
FD-candidate lookup-down,DOUBLETREE_SONAISALI,Sonaisali,sedan,airport -> destination (arrival),one-way,night 23:00,none,69,76,76,76,85.6,76,true,false,IN_BAND_DIFFERENCE,
FD-candidate lookup-down,DOUBLETREE_SONAISALI,Sonaisali,sedan,airport -> destination (arrival),one-way,day 10:00,child seat,69,69,69,69,77.83,69,true,false,IN_BAND_DIFFERENCE,
FD-candidate lookup-down,DOUBLETREE_SONAISALI,Sonaisali,sedan,airport -> destination (arrival),one-way,night 23:00,child seat,69,84,84,84,92.6,84,true,false,IN_BAND_DIFFERENCE,
FD-candidate lookup-down,DOUBLETREE_SONAISALI,Sonaisali,sedan,airport -> destination (arrival),return,day 10:00,none,69,117,117,117,130.84,117,true,false,IN_BAND_DIFFERENCE,
FD-candidate lookup-down,DOUBLETREE_SONAISALI,Sonaisali,sedan,airport -> destination (arrival),return,night 23:00,none,69,139,139,139,157,139,true,false,IN_BAND_DIFFERENCE,
FD-candidate lookup-down,DOUBLETREE_SONAISALI,Sonaisali,sedan,airport -> destination (arrival),return,day 10:00,child seat,69,124,124,124,138.84,124,true,false,IN_BAND_DIFFERENCE,
FD-candidate lookup-down,DOUBLETREE_SONAISALI,Sonaisali,sedan,airport -> destination (arrival),return,night 23:00,child seat,69,147,147,147,165,147,true,false,IN_BAND_DIFFERENCE,
FD-candidate lookup-down,DOUBLETREE_SONAISALI,Sonaisali,minivan,airport -> destination (arrival),one-way,day 10:00,none,89,80,80,80,91.46,80,true,false,IN_BAND_DIFFERENCE,
FD-candidate lookup-down,DOUBLETREE_SONAISALI,Sonaisali,minivan,airport -> destination (arrival),one-way,night 23:00,none,89,99,99,99,109.75,99,true,false,IN_BAND_DIFFERENCE,
FD-candidate lookup-down,DOUBLETREE_SONAISALI,Sonaisali,minivan,airport -> destination (arrival),one-way,day 10:00,child seat,89,87,87,87,98.46,87,true,false,IN_BAND_DIFFERENCE,
FD-candidate lookup-down,DOUBLETREE_SONAISALI,Sonaisali,minivan,airport -> destination (arrival),one-way,night 23:00,child seat,89,106,106,106,116.75,106,true,false,IN_BAND_DIFFERENCE,
FD-candidate lookup-down,DOUBLETREE_SONAISALI,Sonaisali,minivan,airport -> destination (arrival),return,day 10:00,none,89,148,148,148,168.7,148,true,false,IN_BAND_DIFFERENCE,
FD-candidate lookup-down,DOUBLETREE_SONAISALI,Sonaisali,minivan,airport -> destination (arrival),return,night 23:00,none,89,180,180,180,202.24,180,true,false,IN_BAND_DIFFERENCE,
FD-candidate lookup-down,DOUBLETREE_SONAISALI,Sonaisali,minivan,airport -> destination (arrival),return,day 10:00,child seat,89,156,156,156,175.7,156,true,false,IN_BAND_DIFFERENCE,
FD-candidate lookup-down,DOUBLETREE_SONAISALI,Sonaisali,minivan,airport -> destination (arrival),return,night 23:00,child seat,89,187,187,187,210.24,187,true,false,IN_BAND_DIFFERENCE,
FD-candidate lookup-down,DOUBLETREE_SONAISALI,Sonaisali,minibus,airport -> destination (arrival),one-way,day 10:00,none,119,107,107,107,118.46,107,true,false,IN_BAND_DIFFERENCE,
FD-candidate lookup-down,DOUBLETREE_SONAISALI,Sonaisali,minibus,airport -> destination (arrival),one-way,night 23:00,none,119,130,130,130,141.75,130,true,false,IN_BAND_DIFFERENCE,
FD-candidate lookup-down,DOUBLETREE_SONAISALI,Sonaisali,minibus,airport -> destination (arrival),one-way,day 10:00,child seat,119,114,114,114,125.46,114,true,false,IN_BAND_DIFFERENCE,
FD-candidate lookup-down,DOUBLETREE_SONAISALI,Sonaisali,minibus,airport -> destination (arrival),one-way,night 23:00,child seat,119,138,138,138,148.75,138,true,false,IN_BAND_DIFFERENCE,
FD-candidate lookup-down,DOUBLETREE_SONAISALI,Sonaisali,minibus,airport -> destination (arrival),return,day 10:00,none,119,202,202,202,219.2,202,true,false,IN_BAND_DIFFERENCE,
FD-candidate lookup-down,DOUBLETREE_SONAISALI,Sonaisali,minibus,airport -> destination (arrival),return,night 23:00,none,119,238,238,238,262.84,238,true,false,IN_BAND_DIFFERENCE,
FD-candidate lookup-down,DOUBLETREE_SONAISALI,Sonaisali,minibus,airport -> destination (arrival),return,day 10:00,child seat,119,210,210,210,226.2,210,true,false,IN_BAND_DIFFERENCE,
FD-candidate lookup-down,DOUBLETREE_SONAISALI,Sonaisali,minibus,airport -> destination (arrival),return,night 23:00,child seat,119,246,246,246,269.84,246,true,false,IN_BAND_DIFFERENCE,
FD-candidate lookup-down,FIRST_LANDING,Vuda Point,sedan,airport -> destination (arrival),one-way,day 10:00,none,79,71,71,71,67.5,71,true,false,IN_BAND_DIFFERENCE,
FD-candidate lookup-down,FIRST_LANDING,Vuda Point,sedan,airport -> destination (arrival),one-way,night 23:00,none,79,85,85,85,80.4,85,true,false,IN_BAND_DIFFERENCE,
FD-candidate lookup-down,FIRST_LANDING,Vuda Point,sedan,airport -> destination (arrival),one-way,day 10:00,child seat,79,78,78,78,74.5,78,true,false,IN_BAND_DIFFERENCE,
FD-candidate lookup-down,FIRST_LANDING,Vuda Point,sedan,airport -> destination (arrival),one-way,night 23:00,child seat,79,93,93,93,87.4,93,true,false,IN_BAND_DIFFERENCE,
FD-candidate lookup-down,FIRST_LANDING,Vuda Point,sedan,airport -> destination (arrival),return,day 10:00,none,79,135,135,135,123.83,135,true,false,IN_BAND_DIFFERENCE,
FD-candidate lookup-down,FIRST_LANDING,Vuda Point,sedan,airport -> destination (arrival),return,night 23:00,none,79,162,162,162,148.39,162,true,false,IN_BAND_DIFFERENCE,
FD-candidate lookup-down,FIRST_LANDING,Vuda Point,sedan,airport -> destination (arrival),return,day 10:00,child seat,79,142,142,142,130.83,142,true,false,IN_BAND_DIFFERENCE,
FD-candidate lookup-down,FIRST_LANDING,Vuda Point,sedan,airport -> destination (arrival),return,night 23:00,child seat,79,169,169,169,156.39,169,true,false,IN_BAND_DIFFERENCE,
FD-candidate lookup-down,FIRST_LANDING,Vuda Point,minivan,airport -> destination (arrival),one-way,day 10:00,none,99,89,89,89,85.23,89,true,false,IN_BAND_DIFFERENCE,
FD-candidate lookup-down,FIRST_LANDING,Vuda Point,minivan,airport -> destination (arrival),one-way,night 23:00,none,99,108,108,108,102.08,108,true,false,IN_BAND_DIFFERENCE,
FD-candidate lookup-down,FIRST_LANDING,Vuda Point,minivan,airport -> destination (arrival),one-way,day 10:00,child seat,99,96,96,96,92.23,96,true,false,IN_BAND_DIFFERENCE,
FD-candidate lookup-down,FIRST_LANDING,Vuda Point,minivan,airport -> destination (arrival),one-way,night 23:00,child seat,99,115,115,115,109.08,115,true,false,IN_BAND_DIFFERENCE,
FD-candidate lookup-down,FIRST_LANDING,Vuda Point,minivan,airport -> destination (arrival),return,day 10:00,none,99,166,166,166,157.33,166,true,false,IN_BAND_DIFFERENCE,
FD-candidate lookup-down,FIRST_LANDING,Vuda Point,minivan,airport -> destination (arrival),return,night 23:00,none,99,198,198,198,188.19,198,true,false,IN_BAND_DIFFERENCE,
FD-candidate lookup-down,FIRST_LANDING,Vuda Point,minivan,airport -> destination (arrival),return,day 10:00,child seat,99,174,174,174,164.33,174,true,false,IN_BAND_DIFFERENCE,
FD-candidate lookup-down,FIRST_LANDING,Vuda Point,minivan,airport -> destination (arrival),return,night 23:00,child seat,99,205,205,205,195.19,205,true,false,IN_BAND_DIFFERENCE,
FD-candidate lookup-down,FIRST_LANDING,Vuda Point,minibus,airport -> destination (arrival),one-way,day 10:00,none,129,116,116,116,112.23,116,true,false,IN_BAND_DIFFERENCE,
FD-candidate lookup-down,FIRST_LANDING,Vuda Point,minibus,airport -> destination (arrival),one-way,night 23:00,none,129,139,139,139,134.08,139,true,false,IN_BAND_DIFFERENCE,
FD-candidate lookup-down,FIRST_LANDING,Vuda Point,minibus,airport -> destination (arrival),one-way,day 10:00,child seat,129,123,123,123,119.23,123,true,false,IN_BAND_DIFFERENCE,
FD-candidate lookup-down,FIRST_LANDING,Vuda Point,minibus,airport -> destination (arrival),one-way,night 23:00,child seat,129,147,147,147,141.08,147,true,false,IN_BAND_DIFFERENCE,
FD-candidate lookup-down,FIRST_LANDING,Vuda Point,minibus,airport -> destination (arrival),return,day 10:00,none,129,216,216,216,206.83,216,true,false,IN_BAND_DIFFERENCE,
FD-candidate lookup-down,FIRST_LANDING,Vuda Point,minibus,airport -> destination (arrival),return,night 23:00,none,129,261,261,261,247.79,261,true,false,IN_BAND_DIFFERENCE,
FD-candidate lookup-down,FIRST_LANDING,Vuda Point,minibus,airport -> destination (arrival),return,day 10:00,child seat,129,223,223,223,213.83,223,true,false,IN_BAND_DIFFERENCE,
FD-candidate lookup-down,FIRST_LANDING,Vuda Point,minibus,airport -> destination (arrival),return,night 23:00,child seat,129,268,268,268,255.79,268,true,false,IN_BAND_DIFFERENCE,
FD-candidate lookup-down,VUDA_MARINA,Vuda Point,sedan,airport -> destination (arrival),one-way,day 10:00,none,79,71,71,71,67.5,71,true,false,IN_BAND_DIFFERENCE,
FD-candidate lookup-down,VUDA_MARINA,Vuda Point,sedan,airport -> destination (arrival),one-way,night 23:00,none,79,85,85,85,80.4,85,true,false,IN_BAND_DIFFERENCE,
FD-candidate lookup-down,VUDA_MARINA,Vuda Point,sedan,airport -> destination (arrival),one-way,day 10:00,child seat,79,78,78,78,74.5,78,true,false,IN_BAND_DIFFERENCE,
FD-candidate lookup-down,VUDA_MARINA,Vuda Point,sedan,airport -> destination (arrival),one-way,night 23:00,child seat,79,93,93,93,87.4,93,true,false,IN_BAND_DIFFERENCE,
FD-candidate lookup-down,VUDA_MARINA,Vuda Point,sedan,airport -> destination (arrival),return,day 10:00,none,79,135,135,135,123.83,135,true,false,IN_BAND_DIFFERENCE,
FD-candidate lookup-down,VUDA_MARINA,Vuda Point,sedan,airport -> destination (arrival),return,night 23:00,none,79,162,162,162,148.39,162,true,false,IN_BAND_DIFFERENCE,
FD-candidate lookup-down,VUDA_MARINA,Vuda Point,sedan,airport -> destination (arrival),return,day 10:00,child seat,79,142,142,142,130.83,142,true,false,IN_BAND_DIFFERENCE,
FD-candidate lookup-down,VUDA_MARINA,Vuda Point,sedan,airport -> destination (arrival),return,night 23:00,child seat,79,169,169,169,156.39,169,true,false,IN_BAND_DIFFERENCE,
FD-candidate lookup-down,VUDA_MARINA,Vuda Point,minivan,airport -> destination (arrival),one-way,day 10:00,none,99,89,89,89,85.23,89,true,false,IN_BAND_DIFFERENCE,
FD-candidate lookup-down,VUDA_MARINA,Vuda Point,minivan,airport -> destination (arrival),one-way,night 23:00,none,99,108,108,108,102.08,108,true,false,IN_BAND_DIFFERENCE,
FD-candidate lookup-down,VUDA_MARINA,Vuda Point,minivan,airport -> destination (arrival),one-way,day 10:00,child seat,99,96,96,96,92.23,96,true,false,IN_BAND_DIFFERENCE,
FD-candidate lookup-down,VUDA_MARINA,Vuda Point,minivan,airport -> destination (arrival),one-way,night 23:00,child seat,99,115,115,115,109.08,115,true,false,IN_BAND_DIFFERENCE,
FD-candidate lookup-down,VUDA_MARINA,Vuda Point,minivan,airport -> destination (arrival),return,day 10:00,none,99,166,166,166,157.33,166,true,false,IN_BAND_DIFFERENCE,
FD-candidate lookup-down,VUDA_MARINA,Vuda Point,minivan,airport -> destination (arrival),return,night 23:00,none,99,198,198,198,188.19,198,true,false,IN_BAND_DIFFERENCE,
FD-candidate lookup-down,VUDA_MARINA,Vuda Point,minivan,airport -> destination (arrival),return,day 10:00,child seat,99,174,174,174,164.33,174,true,false,IN_BAND_DIFFERENCE,
FD-candidate lookup-down,VUDA_MARINA,Vuda Point,minivan,airport -> destination (arrival),return,night 23:00,child seat,99,205,205,205,195.19,205,true,false,IN_BAND_DIFFERENCE,
FD-candidate lookup-down,VUDA_MARINA,Vuda Point,minibus,airport -> destination (arrival),one-way,day 10:00,none,129,116,116,116,112.23,116,true,false,IN_BAND_DIFFERENCE,
FD-candidate lookup-down,VUDA_MARINA,Vuda Point,minibus,airport -> destination (arrival),one-way,night 23:00,none,129,139,139,139,134.08,139,true,false,IN_BAND_DIFFERENCE,
FD-candidate lookup-down,VUDA_MARINA,Vuda Point,minibus,airport -> destination (arrival),one-way,day 10:00,child seat,129,123,123,123,119.23,123,true,false,IN_BAND_DIFFERENCE,
FD-candidate lookup-down,VUDA_MARINA,Vuda Point,minibus,airport -> destination (arrival),one-way,night 23:00,child seat,129,147,147,147,141.08,147,true,false,IN_BAND_DIFFERENCE,
FD-candidate lookup-down,VUDA_MARINA,Vuda Point,minibus,airport -> destination (arrival),return,day 10:00,none,129,216,216,216,206.83,216,true,false,IN_BAND_DIFFERENCE,
FD-candidate lookup-down,VUDA_MARINA,Vuda Point,minibus,airport -> destination (arrival),return,night 23:00,none,129,261,261,261,247.79,261,true,false,IN_BAND_DIFFERENCE,
FD-candidate lookup-down,VUDA_MARINA,Vuda Point,minibus,airport -> destination (arrival),return,day 10:00,child seat,129,223,223,223,213.83,223,true,false,IN_BAND_DIFFERENCE,
FD-candidate lookup-down,VUDA_MARINA,Vuda Point,minibus,airport -> destination (arrival),return,night 23:00,child seat,129,268,268,268,255.79,268,true,false,IN_BAND_DIFFERENCE,
FD-candidate lookup-down,LAUTOKA_HOTEL,Lautoka,sedan,airport -> destination (arrival),one-way,day 10:00,none,89,80,80,80,76.07,80,true,false,IN_BAND_DIFFERENCE,
FD-candidate lookup-down,LAUTOKA_HOTEL,Lautoka,sedan,airport -> destination (arrival),one-way,night 23:00,none,89,99,99,99,90.88,99,true,false,IN_BAND_DIFFERENCE,
FD-candidate lookup-down,LAUTOKA_HOTEL,Lautoka,sedan,airport -> destination (arrival),one-way,day 10:00,child seat,89,87,87,87,83.07,87,true,false,IN_BAND_DIFFERENCE,
FD-candidate lookup-down,LAUTOKA_HOTEL,Lautoka,sedan,airport -> destination (arrival),one-way,night 23:00,child seat,89,106,106,106,97.88,106,true,false,IN_BAND_DIFFERENCE,
FD-candidate lookup-down,LAUTOKA_HOTEL,Lautoka,sedan,airport -> destination (arrival),return,day 10:00,none,89,148,148,148,139.53,148,true,false,IN_BAND_DIFFERENCE,
FD-candidate lookup-down,LAUTOKA_HOTEL,Lautoka,sedan,airport -> destination (arrival),return,night 23:00,none,89,180,180,180,167.64,180,true,false,IN_BAND_DIFFERENCE,
FD-candidate lookup-down,LAUTOKA_HOTEL,Lautoka,sedan,airport -> destination (arrival),return,day 10:00,child seat,89,156,156,156,147.53,156,true,false,IN_BAND_DIFFERENCE,
FD-candidate lookup-down,LAUTOKA_HOTEL,Lautoka,sedan,airport -> destination (arrival),return,night 23:00,child seat,89,187,187,187,175.64,187,true,false,IN_BAND_DIFFERENCE,
FD-candidate lookup-down,LAUTOKA_HOTEL,Lautoka,minivan,airport -> destination (arrival),one-way,day 10:00,none,119,107,107,107,99.22,107,true,false,IN_BAND_DIFFERENCE,
FD-candidate lookup-down,LAUTOKA_HOTEL,Lautoka,minivan,airport -> destination (arrival),one-way,night 23:00,none,119,130,130,130,119.26,130,true,false,IN_BAND_DIFFERENCE,
FD-candidate lookup-down,LAUTOKA_HOTEL,Lautoka,minivan,airport -> destination (arrival),one-way,day 10:00,child seat,119,114,114,114,106.22,114,true,false,IN_BAND_DIFFERENCE,
FD-candidate lookup-down,LAUTOKA_HOTEL,Lautoka,minivan,airport -> destination (arrival),one-way,night 23:00,child seat,119,138,138,138,126.26,138,true,false,IN_BAND_DIFFERENCE,
FD-candidate lookup-down,LAUTOKA_HOTEL,Lautoka,minivan,airport -> destination (arrival),return,day 10:00,none,119,202,202,202,183.91,202,true,false,IN_BAND_DIFFERENCE,
FD-candidate lookup-down,LAUTOKA_HOTEL,Lautoka,minivan,airport -> destination (arrival),return,night 23:00,none,119,238,238,238,220.69,238,true,false,IN_BAND_DIFFERENCE,
FD-candidate lookup-down,LAUTOKA_HOTEL,Lautoka,minivan,airport -> destination (arrival),return,day 10:00,child seat,119,210,210,210,190.91,210,true,false,IN_BAND_DIFFERENCE,
FD-candidate lookup-down,LAUTOKA_HOTEL,Lautoka,minivan,airport -> destination (arrival),return,night 23:00,child seat,119,246,246,246,227.69,246,true,false,IN_BAND_DIFFERENCE,
FD-candidate lookup-down,LAUTOKA_HOTEL,Lautoka,minibus,airport -> destination (arrival),one-way,day 10:00,none,149,134,134,134,126.22,134,true,false,IN_BAND_DIFFERENCE,
FD-candidate lookup-down,LAUTOKA_HOTEL,Lautoka,minibus,airport -> destination (arrival),one-way,night 23:00,none,149,162,162,162,151.26,162,true,false,IN_BAND_DIFFERENCE,
FD-candidate lookup-down,LAUTOKA_HOTEL,Lautoka,minibus,airport -> destination (arrival),one-way,day 10:00,child seat,149,141,141,141,133.22,141,true,false,IN_BAND_DIFFERENCE,
FD-candidate lookup-down,LAUTOKA_HOTEL,Lautoka,minibus,airport -> destination (arrival),one-way,night 23:00,child seat,149,169,169,169,158.26,169,true,false,IN_BAND_DIFFERENCE,
FD-candidate lookup-down,LAUTOKA_HOTEL,Lautoka,minibus,airport -> destination (arrival),return,day 10:00,none,149,252,252,252,233.41,252,true,false,IN_BAND_DIFFERENCE,
FD-candidate lookup-down,LAUTOKA_HOTEL,Lautoka,minibus,airport -> destination (arrival),return,night 23:00,none,149,301,301,301,280.29,301,true,false,IN_BAND_DIFFERENCE,
FD-candidate lookup-down,LAUTOKA_HOTEL,Lautoka,minibus,airport -> destination (arrival),return,day 10:00,child seat,149,259,259,259,240.41,259,true,false,IN_BAND_DIFFERENCE,
FD-candidate lookup-down,LAUTOKA_HOTEL,Lautoka,minibus,airport -> destination (arrival),return,night 23:00,child seat,149,309,309,309,287.29,309,true,false,IN_BAND_DIFFERENCE,
FD-candidate lookup-down,TANOA_LAUTOKA,Lautoka,sedan,airport -> destination (arrival),one-way,day 10:00,none,89,80,80,80,76.07,80,true,false,IN_BAND_DIFFERENCE,
FD-candidate lookup-down,TANOA_LAUTOKA,Lautoka,sedan,airport -> destination (arrival),one-way,night 23:00,none,89,99,99,99,90.88,99,true,false,IN_BAND_DIFFERENCE,
FD-candidate lookup-down,TANOA_LAUTOKA,Lautoka,sedan,airport -> destination (arrival),one-way,day 10:00,child seat,89,87,87,87,83.07,87,true,false,IN_BAND_DIFFERENCE,
FD-candidate lookup-down,TANOA_LAUTOKA,Lautoka,sedan,airport -> destination (arrival),one-way,night 23:00,child seat,89,106,106,106,97.88,106,true,false,IN_BAND_DIFFERENCE,
FD-candidate lookup-down,TANOA_LAUTOKA,Lautoka,sedan,airport -> destination (arrival),return,day 10:00,none,89,148,148,148,139.53,148,true,false,IN_BAND_DIFFERENCE,
FD-candidate lookup-down,TANOA_LAUTOKA,Lautoka,sedan,airport -> destination (arrival),return,night 23:00,none,89,180,180,180,167.64,180,true,false,IN_BAND_DIFFERENCE,
FD-candidate lookup-down,TANOA_LAUTOKA,Lautoka,sedan,airport -> destination (arrival),return,day 10:00,child seat,89,156,156,156,147.53,156,true,false,IN_BAND_DIFFERENCE,
FD-candidate lookup-down,TANOA_LAUTOKA,Lautoka,sedan,airport -> destination (arrival),return,night 23:00,child seat,89,187,187,187,175.64,187,true,false,IN_BAND_DIFFERENCE,
FD-candidate lookup-down,TANOA_LAUTOKA,Lautoka,minivan,airport -> destination (arrival),one-way,day 10:00,none,119,107,107,107,99.22,107,true,false,IN_BAND_DIFFERENCE,
FD-candidate lookup-down,TANOA_LAUTOKA,Lautoka,minivan,airport -> destination (arrival),one-way,night 23:00,none,119,130,130,130,119.26,130,true,false,IN_BAND_DIFFERENCE,
FD-candidate lookup-down,TANOA_LAUTOKA,Lautoka,minivan,airport -> destination (arrival),one-way,day 10:00,child seat,119,114,114,114,106.22,114,true,false,IN_BAND_DIFFERENCE,
FD-candidate lookup-down,TANOA_LAUTOKA,Lautoka,minivan,airport -> destination (arrival),one-way,night 23:00,child seat,119,138,138,138,126.26,138,true,false,IN_BAND_DIFFERENCE,
FD-candidate lookup-down,TANOA_LAUTOKA,Lautoka,minivan,airport -> destination (arrival),return,day 10:00,none,119,202,202,202,183.91,202,true,false,IN_BAND_DIFFERENCE,
FD-candidate lookup-down,TANOA_LAUTOKA,Lautoka,minivan,airport -> destination (arrival),return,night 23:00,none,119,238,238,238,220.69,238,true,false,IN_BAND_DIFFERENCE,
FD-candidate lookup-down,TANOA_LAUTOKA,Lautoka,minivan,airport -> destination (arrival),return,day 10:00,child seat,119,210,210,210,190.91,210,true,false,IN_BAND_DIFFERENCE,
FD-candidate lookup-down,TANOA_LAUTOKA,Lautoka,minivan,airport -> destination (arrival),return,night 23:00,child seat,119,246,246,246,227.69,246,true,false,IN_BAND_DIFFERENCE,
FD-candidate lookup-down,TANOA_LAUTOKA,Lautoka,minibus,airport -> destination (arrival),one-way,day 10:00,none,149,134,134,134,126.22,134,true,false,IN_BAND_DIFFERENCE,
FD-candidate lookup-down,TANOA_LAUTOKA,Lautoka,minibus,airport -> destination (arrival),one-way,night 23:00,none,149,162,162,162,151.26,162,true,false,IN_BAND_DIFFERENCE,
FD-candidate lookup-down,TANOA_LAUTOKA,Lautoka,minibus,airport -> destination (arrival),one-way,day 10:00,child seat,149,141,141,141,133.22,141,true,false,IN_BAND_DIFFERENCE,
FD-candidate lookup-down,TANOA_LAUTOKA,Lautoka,minibus,airport -> destination (arrival),one-way,night 23:00,child seat,149,169,169,169,158.26,169,true,false,IN_BAND_DIFFERENCE,
FD-candidate lookup-down,TANOA_LAUTOKA,Lautoka,minibus,airport -> destination (arrival),return,day 10:00,none,149,252,252,252,233.41,252,true,false,IN_BAND_DIFFERENCE,
FD-candidate lookup-down,TANOA_LAUTOKA,Lautoka,minibus,airport -> destination (arrival),return,night 23:00,none,149,301,301,301,280.29,301,true,false,IN_BAND_DIFFERENCE,
FD-candidate lookup-down,TANOA_LAUTOKA,Lautoka,minibus,airport -> destination (arrival),return,day 10:00,child seat,149,259,259,259,240.41,259,true,false,IN_BAND_DIFFERENCE,
FD-candidate lookup-down,TANOA_LAUTOKA,Lautoka,minibus,airport -> destination (arrival),return,night 23:00,child seat,149,309,309,309,287.29,309,true,false,IN_BAND_DIFFERENCE,
FD-candidate lookup-down,LAUTOKA_CRUISE,Lautoka,sedan,airport -> destination (arrival),one-way,day 10:00,none,89,80,80,80,76.07,80,true,false,IN_BAND_DIFFERENCE,
FD-candidate lookup-down,LAUTOKA_CRUISE,Lautoka,sedan,airport -> destination (arrival),one-way,night 23:00,none,89,99,99,99,90.88,99,true,false,IN_BAND_DIFFERENCE,
FD-candidate lookup-down,LAUTOKA_CRUISE,Lautoka,sedan,airport -> destination (arrival),one-way,day 10:00,child seat,89,87,87,87,83.07,87,true,false,IN_BAND_DIFFERENCE,
FD-candidate lookup-down,LAUTOKA_CRUISE,Lautoka,sedan,airport -> destination (arrival),one-way,night 23:00,child seat,89,106,106,106,97.88,106,true,false,IN_BAND_DIFFERENCE,
FD-candidate lookup-down,LAUTOKA_CRUISE,Lautoka,sedan,airport -> destination (arrival),return,day 10:00,none,89,148,148,148,139.53,148,true,false,IN_BAND_DIFFERENCE,
FD-candidate lookup-down,LAUTOKA_CRUISE,Lautoka,sedan,airport -> destination (arrival),return,night 23:00,none,89,180,180,180,167.64,180,true,false,IN_BAND_DIFFERENCE,
FD-candidate lookup-down,LAUTOKA_CRUISE,Lautoka,sedan,airport -> destination (arrival),return,day 10:00,child seat,89,156,156,156,147.53,156,true,false,IN_BAND_DIFFERENCE,
FD-candidate lookup-down,LAUTOKA_CRUISE,Lautoka,sedan,airport -> destination (arrival),return,night 23:00,child seat,89,187,187,187,175.64,187,true,false,IN_BAND_DIFFERENCE,
FD-candidate lookup-down,LAUTOKA_CRUISE,Lautoka,minivan,airport -> destination (arrival),one-way,day 10:00,none,119,107,107,107,99.22,107,true,false,IN_BAND_DIFFERENCE,
FD-candidate lookup-down,LAUTOKA_CRUISE,Lautoka,minivan,airport -> destination (arrival),one-way,night 23:00,none,119,130,130,130,119.26,130,true,false,IN_BAND_DIFFERENCE,
FD-candidate lookup-down,LAUTOKA_CRUISE,Lautoka,minivan,airport -> destination (arrival),one-way,day 10:00,child seat,119,114,114,114,106.22,114,true,false,IN_BAND_DIFFERENCE,
FD-candidate lookup-down,LAUTOKA_CRUISE,Lautoka,minivan,airport -> destination (arrival),one-way,night 23:00,child seat,119,138,138,138,126.26,138,true,false,IN_BAND_DIFFERENCE,
FD-candidate lookup-down,LAUTOKA_CRUISE,Lautoka,minivan,airport -> destination (arrival),return,day 10:00,none,119,202,202,202,183.91,202,true,false,IN_BAND_DIFFERENCE,
FD-candidate lookup-down,LAUTOKA_CRUISE,Lautoka,minivan,airport -> destination (arrival),return,night 23:00,none,119,238,238,238,220.69,238,true,false,IN_BAND_DIFFERENCE,
FD-candidate lookup-down,LAUTOKA_CRUISE,Lautoka,minivan,airport -> destination (arrival),return,day 10:00,child seat,119,210,210,210,190.91,210,true,false,IN_BAND_DIFFERENCE,
FD-candidate lookup-down,LAUTOKA_CRUISE,Lautoka,minivan,airport -> destination (arrival),return,night 23:00,child seat,119,246,246,246,227.69,246,true,false,IN_BAND_DIFFERENCE,
FD-candidate lookup-down,LAUTOKA_CRUISE,Lautoka,minibus,airport -> destination (arrival),one-way,day 10:00,none,149,134,134,134,126.22,134,true,false,IN_BAND_DIFFERENCE,
FD-candidate lookup-down,LAUTOKA_CRUISE,Lautoka,minibus,airport -> destination (arrival),one-way,night 23:00,none,149,162,162,162,151.26,162,true,false,IN_BAND_DIFFERENCE,
FD-candidate lookup-down,LAUTOKA_CRUISE,Lautoka,minibus,airport -> destination (arrival),one-way,day 10:00,child seat,149,141,141,141,133.22,141,true,false,IN_BAND_DIFFERENCE,
FD-candidate lookup-down,LAUTOKA_CRUISE,Lautoka,minibus,airport -> destination (arrival),one-way,night 23:00,child seat,149,169,169,169,158.26,169,true,false,IN_BAND_DIFFERENCE,
FD-candidate lookup-down,LAUTOKA_CRUISE,Lautoka,minibus,airport -> destination (arrival),return,day 10:00,none,149,252,252,252,233.41,252,true,false,IN_BAND_DIFFERENCE,
FD-candidate lookup-down,LAUTOKA_CRUISE,Lautoka,minibus,airport -> destination (arrival),return,night 23:00,none,149,301,301,301,280.29,301,true,false,IN_BAND_DIFFERENCE,
FD-candidate lookup-down,LAUTOKA_CRUISE,Lautoka,minibus,airport -> destination (arrival),return,day 10:00,child seat,149,259,259,259,240.41,259,true,false,IN_BAND_DIFFERENCE,
FD-candidate lookup-down,LAUTOKA_CRUISE,Lautoka,minibus,airport -> destination (arrival),return,night 23:00,child seat,149,309,309,309,287.29,309,true,false,IN_BAND_DIFFERENCE,
FD-candidate lookup-down,MARRIOTT_MOMI,Momi Bay,sedan,airport -> destination (arrival),one-way,day 10:00,none,99,89,89,89,85.29,89,true,false,IN_BAND_DIFFERENCE,
FD-candidate lookup-down,MARRIOTT_MOMI,Momi Bay,sedan,airport -> destination (arrival),one-way,night 23:00,none,99,108,108,108,102.15,108,true,false,IN_BAND_DIFFERENCE,
FD-candidate lookup-down,MARRIOTT_MOMI,Momi Bay,sedan,airport -> destination (arrival),one-way,day 10:00,child seat,99,96,96,96,92.29,96,true,false,IN_BAND_DIFFERENCE,
FD-candidate lookup-down,MARRIOTT_MOMI,Momi Bay,sedan,airport -> destination (arrival),one-way,night 23:00,child seat,99,115,115,115,109.15,115,true,false,IN_BAND_DIFFERENCE,
FD-candidate lookup-down,MARRIOTT_MOMI,Momi Bay,sedan,airport -> destination (arrival),return,day 10:00,none,99,166,166,166,157.44,166,true,false,IN_BAND_DIFFERENCE,
FD-candidate lookup-down,MARRIOTT_MOMI,Momi Bay,sedan,airport -> destination (arrival),return,night 23:00,none,99,198,198,198,188.32,198,true,false,IN_BAND_DIFFERENCE,
FD-candidate lookup-down,MARRIOTT_MOMI,Momi Bay,sedan,airport -> destination (arrival),return,day 10:00,child seat,99,174,174,174,164.44,174,true,false,IN_BAND_DIFFERENCE,
FD-candidate lookup-down,MARRIOTT_MOMI,Momi Bay,sedan,airport -> destination (arrival),return,night 23:00,child seat,99,205,205,205,195.32,205,true,false,IN_BAND_DIFFERENCE,
FD-candidate lookup-down,MARRIOTT_MOMI,Momi Bay,minivan,airport -> destination (arrival),one-way,day 10:00,none,149,134,134,134,132.42,134,true,false,IN_BAND_DIFFERENCE,
FD-candidate lookup-down,MARRIOTT_MOMI,Momi Bay,minivan,airport -> destination (arrival),one-way,night 23:00,none,149,162,162,162,158.9,162,true,false,IN_BAND_DIFFERENCE,
FD-candidate lookup-down,MARRIOTT_MOMI,Momi Bay,minivan,airport -> destination (arrival),one-way,day 10:00,child seat,149,141,141,141,139.42,141,true,false,IN_BAND_DIFFERENCE,
FD-candidate lookup-down,MARRIOTT_MOMI,Momi Bay,minivan,airport -> destination (arrival),one-way,night 23:00,child seat,149,169,169,169,166.9,169,true,false,IN_BAND_DIFFERENCE,
FD-candidate lookup-down,MARRIOTT_MOMI,Momi Bay,minivan,airport -> destination (arrival),return,day 10:00,none,149,252,252,252,245.73,252,true,false,IN_BAND_DIFFERENCE,
FD-candidate lookup-down,MARRIOTT_MOMI,Momi Bay,minivan,airport -> destination (arrival),return,night 23:00,none,149,301,301,301,294.27,301,true,false,IN_BAND_DIFFERENCE,
FD-candidate lookup-down,MARRIOTT_MOMI,Momi Bay,minivan,airport -> destination (arrival),return,day 10:00,child seat,149,259,259,259,252.73,259,true,false,IN_BAND_DIFFERENCE,
FD-candidate lookup-down,MARRIOTT_MOMI,Momi Bay,minivan,airport -> destination (arrival),return,night 23:00,child seat,149,309,309,309,301.27,309,true,false,IN_BAND_DIFFERENCE,
FD-candidate lookup-down,MARRIOTT_MOMI,Momi Bay,minibus,airport -> destination (arrival),one-way,day 10:00,none,175.92,157.92,157.92,157.92,157.92,157.92,true,false,MATCH,
FD-candidate lookup-down,MARRIOTT_MOMI,Momi Bay,minibus,airport -> destination (arrival),one-way,night 23:00,none,175.92,193,193,193,190.1,193,true,false,IN_BAND_DIFFERENCE,
FD-candidate lookup-down,MARRIOTT_MOMI,Momi Bay,minibus,airport -> destination (arrival),one-way,day 10:00,child seat,175.92,165.92,165.92,165.92,165.92,165.92,true,false,MATCH,
FD-candidate lookup-down,MARRIOTT_MOMI,Momi Bay,minibus,airport -> destination (arrival),one-way,night 23:00,child seat,175.92,201,201,201,197.1,201,true,false,IN_BAND_DIFFERENCE,
FD-candidate lookup-down,MARRIOTT_MOMI,Momi Bay,minibus,airport -> destination (arrival),return,day 10:00,none,175.92,297,297,297,292.45,297,true,false,IN_BAND_DIFFERENCE,
FD-candidate lookup-down,MARRIOTT_MOMI,Momi Bay,minibus,airport -> destination (arrival),return,night 23:00,none,175.92,355,355,355,351.54,355,true,false,IN_BAND_DIFFERENCE,
FD-candidate lookup-down,MARRIOTT_MOMI,Momi Bay,minibus,airport -> destination (arrival),return,day 10:00,child seat,175.92,304,304,304,300.45,304,true,false,IN_BAND_DIFFERENCE,
FD-candidate lookup-down,MARRIOTT_MOMI,Momi Bay,minibus,airport -> destination (arrival),return,night 23:00,child seat,175.92,363,363,363,358.54,363,true,false,IN_BAND_DIFFERENCE,
FD-candidate lookup-down,INTERCONTINENTAL_NATADOLA,Natadola,sedan,airport -> destination (arrival),one-way,day 10:00,none,99,89,89,89,105.43,89,true,false,IN_BAND_DIFFERENCE,
FD-candidate lookup-down,INTERCONTINENTAL_NATADOLA,Natadola,sedan,airport -> destination (arrival),one-way,night 23:00,none,99,108,108,108,126.92,108,true,false,IN_BAND_DIFFERENCE,
FD-candidate lookup-down,INTERCONTINENTAL_NATADOLA,Natadola,sedan,airport -> destination (arrival),one-way,day 10:00,child seat,99,96,96,96,112.43,96,true,false,IN_BAND_DIFFERENCE,
FD-candidate lookup-down,INTERCONTINENTAL_NATADOLA,Natadola,sedan,airport -> destination (arrival),one-way,night 23:00,child seat,99,115,115,115,133.92,115,true,false,IN_BAND_DIFFERENCE,
FD-candidate lookup-down,INTERCONTINENTAL_NATADOLA,Natadola,sedan,airport -> destination (arrival),return,day 10:00,none,99,166,166,166,195.25,166,true,false,IN_BAND_DIFFERENCE,
FD-candidate lookup-down,INTERCONTINENTAL_NATADOLA,Natadola,sedan,airport -> destination (arrival),return,night 23:00,none,99,198,198,198,234.69,198,true,false,IN_BAND_DIFFERENCE,
FD-candidate lookup-down,INTERCONTINENTAL_NATADOLA,Natadola,sedan,airport -> destination (arrival),return,day 10:00,child seat,99,174,174,174,202.25,174,true,false,IN_BAND_DIFFERENCE,
FD-candidate lookup-down,INTERCONTINENTAL_NATADOLA,Natadola,sedan,airport -> destination (arrival),return,night 23:00,child seat,99,205,205,205,241.69,205,true,false,IN_BAND_DIFFERENCE,
FD-candidate lookup-down,INTERCONTINENTAL_NATADOLA,Natadola,minivan,airport -> destination (arrival),one-way,day 10:00,none,149,134,134,134,139.13,134,true,false,IN_BAND_DIFFERENCE,
FD-candidate lookup-down,INTERCONTINENTAL_NATADOLA,Natadola,minivan,airport -> destination (arrival),one-way,night 23:00,none,149,162,162,162,167.16,162,true,false,IN_BAND_DIFFERENCE,
FD-candidate lookup-down,INTERCONTINENTAL_NATADOLA,Natadola,minivan,airport -> destination (arrival),one-way,day 10:00,child seat,149,141,141,141,147.13,141,true,false,IN_BAND_DIFFERENCE,
FD-candidate lookup-down,INTERCONTINENTAL_NATADOLA,Natadola,minivan,airport -> destination (arrival),one-way,night 23:00,child seat,149,169,169,169,175.16,169,true,false,IN_BAND_DIFFERENCE,
FD-candidate lookup-down,INTERCONTINENTAL_NATADOLA,Natadola,minivan,airport -> destination (arrival),return,day 10:00,none,149,252,252,252,257.99,252,true,false,IN_BAND_DIFFERENCE,
FD-candidate lookup-down,INTERCONTINENTAL_NATADOLA,Natadola,minivan,airport -> destination (arrival),return,night 23:00,none,149,301,301,301,310.39,301,true,false,IN_BAND_DIFFERENCE,
FD-candidate lookup-down,INTERCONTINENTAL_NATADOLA,Natadola,minivan,airport -> destination (arrival),return,day 10:00,child seat,149,259,259,259,265.99,259,true,false,IN_BAND_DIFFERENCE,
FD-candidate lookup-down,INTERCONTINENTAL_NATADOLA,Natadola,minivan,airport -> destination (arrival),return,night 23:00,child seat,149,309,309,309,317.39,309,true,false,IN_BAND_DIFFERENCE,
FD-candidate lookup-down,INTERCONTINENTAL_NATADOLA,Natadola,minibus,airport -> destination (arrival),one-way,day 10:00,none,179,161,161,161,172.31,161,true,false,IN_BAND_DIFFERENCE,
FD-candidate lookup-down,INTERCONTINENTAL_NATADOLA,Natadola,minibus,airport -> destination (arrival),one-way,night 23:00,none,179,193,193,193,206.57,193,true,false,IN_BAND_DIFFERENCE,
FD-candidate lookup-down,INTERCONTINENTAL_NATADOLA,Natadola,minibus,airport -> destination (arrival),one-way,day 10:00,child seat,179,168,168,168,179.31,168,true,false,IN_BAND_DIFFERENCE,
FD-candidate lookup-down,INTERCONTINENTAL_NATADOLA,Natadola,minibus,airport -> destination (arrival),one-way,night 23:00,child seat,179,201,201,201,213.57,201,true,false,IN_BAND_DIFFERENCE,
FD-candidate lookup-down,INTERCONTINENTAL_NATADOLA,Natadola,minibus,airport -> destination (arrival),return,day 10:00,none,179,301,301,301,318.92,301,true,false,IN_BAND_DIFFERENCE,
FD-candidate lookup-down,INTERCONTINENTAL_NATADOLA,Natadola,minibus,airport -> destination (arrival),return,night 23:00,none,179,360,360,360,382.71,360,true,false,IN_BAND_DIFFERENCE,
FD-candidate lookup-down,INTERCONTINENTAL_NATADOLA,Natadola,minibus,airport -> destination (arrival),return,day 10:00,child seat,179,309,309,309,325.92,309,true,false,IN_BAND_DIFFERENCE,
FD-candidate lookup-down,INTERCONTINENTAL_NATADOLA,Natadola,minibus,airport -> destination (arrival),return,night 23:00,child seat,179,367,367,367,389.71,367,true,false,IN_BAND_DIFFERENCE,
FD-candidate lookup-down,ROBINSON_CRUSOE,Natadola,sedan,airport -> destination (arrival),one-way,day 10:00,none,99,89,89,89,105.43,89,true,false,IN_BAND_DIFFERENCE,
FD-candidate lookup-down,ROBINSON_CRUSOE,Natadola,sedan,airport -> destination (arrival),one-way,night 23:00,none,99,108,108,108,126.92,108,true,false,IN_BAND_DIFFERENCE,
FD-candidate lookup-down,ROBINSON_CRUSOE,Natadola,sedan,airport -> destination (arrival),one-way,day 10:00,child seat,99,96,96,96,112.43,96,true,false,IN_BAND_DIFFERENCE,
FD-candidate lookup-down,ROBINSON_CRUSOE,Natadola,sedan,airport -> destination (arrival),one-way,night 23:00,child seat,99,115,115,115,133.92,115,true,false,IN_BAND_DIFFERENCE,
FD-candidate lookup-down,ROBINSON_CRUSOE,Natadola,sedan,airport -> destination (arrival),return,day 10:00,none,99,166,166,166,195.25,166,true,false,IN_BAND_DIFFERENCE,
FD-candidate lookup-down,ROBINSON_CRUSOE,Natadola,sedan,airport -> destination (arrival),return,night 23:00,none,99,198,198,198,234.69,198,true,false,IN_BAND_DIFFERENCE,
FD-candidate lookup-down,ROBINSON_CRUSOE,Natadola,sedan,airport -> destination (arrival),return,day 10:00,child seat,99,174,174,174,202.25,174,true,false,IN_BAND_DIFFERENCE,
FD-candidate lookup-down,ROBINSON_CRUSOE,Natadola,sedan,airport -> destination (arrival),return,night 23:00,child seat,99,205,205,205,241.69,205,true,false,IN_BAND_DIFFERENCE,
FD-candidate lookup-down,ROBINSON_CRUSOE,Natadola,minivan,airport -> destination (arrival),one-way,day 10:00,none,149,134,134,134,139.13,134,true,false,IN_BAND_DIFFERENCE,
FD-candidate lookup-down,ROBINSON_CRUSOE,Natadola,minivan,airport -> destination (arrival),one-way,night 23:00,none,149,162,162,162,167.16,162,true,false,IN_BAND_DIFFERENCE,
FD-candidate lookup-down,ROBINSON_CRUSOE,Natadola,minivan,airport -> destination (arrival),one-way,day 10:00,child seat,149,141,141,141,147.13,141,true,false,IN_BAND_DIFFERENCE,
FD-candidate lookup-down,ROBINSON_CRUSOE,Natadola,minivan,airport -> destination (arrival),one-way,night 23:00,child seat,149,169,169,169,175.16,169,true,false,IN_BAND_DIFFERENCE,
FD-candidate lookup-down,ROBINSON_CRUSOE,Natadola,minivan,airport -> destination (arrival),return,day 10:00,none,149,252,252,252,257.99,252,true,false,IN_BAND_DIFFERENCE,
FD-candidate lookup-down,ROBINSON_CRUSOE,Natadola,minivan,airport -> destination (arrival),return,night 23:00,none,149,301,301,301,310.39,301,true,false,IN_BAND_DIFFERENCE,
FD-candidate lookup-down,ROBINSON_CRUSOE,Natadola,minivan,airport -> destination (arrival),return,day 10:00,child seat,149,259,259,259,265.99,259,true,false,IN_BAND_DIFFERENCE,
FD-candidate lookup-down,ROBINSON_CRUSOE,Natadola,minivan,airport -> destination (arrival),return,night 23:00,child seat,149,309,309,309,317.39,309,true,false,IN_BAND_DIFFERENCE,
FD-candidate lookup-down,ROBINSON_CRUSOE,Natadola,minibus,airport -> destination (arrival),one-way,day 10:00,none,179,161,161,161,172.31,161,true,false,IN_BAND_DIFFERENCE,
FD-candidate lookup-down,ROBINSON_CRUSOE,Natadola,minibus,airport -> destination (arrival),one-way,night 23:00,none,179,193,193,193,206.57,193,true,false,IN_BAND_DIFFERENCE,
FD-candidate lookup-down,ROBINSON_CRUSOE,Natadola,minibus,airport -> destination (arrival),one-way,day 10:00,child seat,179,168,168,168,179.31,168,true,false,IN_BAND_DIFFERENCE,
FD-candidate lookup-down,ROBINSON_CRUSOE,Natadola,minibus,airport -> destination (arrival),one-way,night 23:00,child seat,179,201,201,201,213.57,201,true,false,IN_BAND_DIFFERENCE,
FD-candidate lookup-down,ROBINSON_CRUSOE,Natadola,minibus,airport -> destination (arrival),return,day 10:00,none,179,301,301,301,318.92,301,true,false,IN_BAND_DIFFERENCE,
FD-candidate lookup-down,ROBINSON_CRUSOE,Natadola,minibus,airport -> destination (arrival),return,night 23:00,none,179,360,360,360,382.71,360,true,false,IN_BAND_DIFFERENCE,
FD-candidate lookup-down,ROBINSON_CRUSOE,Natadola,minibus,airport -> destination (arrival),return,day 10:00,child seat,179,309,309,309,325.92,309,true,false,IN_BAND_DIFFERENCE,
FD-candidate lookup-down,ROBINSON_CRUSOE,Natadola,minibus,airport -> destination (arrival),return,night 23:00,child seat,179,367,367,367,389.71,367,true,false,IN_BAND_DIFFERENCE,
FD-candidate lookup-down,SIGATOKA_SAND_DUNES,Sigatoka,sedan,airport -> destination (arrival),one-way,day 10:00,none,129,116,116,116,124.49,116,true,false,IN_BAND_DIFFERENCE,
FD-candidate lookup-down,SIGATOKA_SAND_DUNES,Sigatoka,sedan,airport -> destination (arrival),one-way,night 23:00,none,129,139,139,139,149.19,139,true,false,IN_BAND_DIFFERENCE,
FD-candidate lookup-down,SIGATOKA_SAND_DUNES,Sigatoka,sedan,airport -> destination (arrival),one-way,day 10:00,child seat,129,123,123,123,131.49,123,true,false,IN_BAND_DIFFERENCE,
FD-candidate lookup-down,SIGATOKA_SAND_DUNES,Sigatoka,sedan,airport -> destination (arrival),one-way,night 23:00,child seat,129,147,147,147,157.19,147,true,false,IN_BAND_DIFFERENCE,
FD-candidate lookup-down,SIGATOKA_SAND_DUNES,Sigatoka,sedan,airport -> destination (arrival),return,day 10:00,none,129,216,216,216,230.21,216,true,false,IN_BAND_DIFFERENCE,
FD-candidate lookup-down,SIGATOKA_SAND_DUNES,Sigatoka,sedan,airport -> destination (arrival),return,night 23:00,none,129,261,261,261,276.45,261,true,false,IN_BAND_DIFFERENCE,
FD-candidate lookup-down,SIGATOKA_SAND_DUNES,Sigatoka,sedan,airport -> destination (arrival),return,day 10:00,child seat,129,223,223,223,238.21,223,true,false,IN_BAND_DIFFERENCE,
FD-candidate lookup-down,SIGATOKA_SAND_DUNES,Sigatoka,sedan,airport -> destination (arrival),return,night 23:00,child seat,129,268,268,268,283.45,268,true,false,IN_BAND_DIFFERENCE,
FD-candidate lookup-down,SIGATOKA_SAND_DUNES,Sigatoka,minivan,airport -> destination (arrival),one-way,day 10:00,none,159,143,143,143,146.14,143,true,false,IN_BAND_DIFFERENCE,
FD-candidate lookup-down,SIGATOKA_SAND_DUNES,Sigatoka,minivan,airport -> destination (arrival),one-way,night 23:00,none,159,175,175,175,175.57,175,true,false,IN_BAND_DIFFERENCE,
FD-candidate lookup-down,SIGATOKA_SAND_DUNES,Sigatoka,minivan,airport -> destination (arrival),one-way,day 10:00,child seat,159,150,150,150,153.14,150,true,false,IN_BAND_DIFFERENCE,
FD-candidate lookup-down,SIGATOKA_SAND_DUNES,Sigatoka,minivan,airport -> destination (arrival),one-way,night 23:00,child seat,159,183,183,183,182.57,183,true,false,IN_BAND_DIFFERENCE,
FD-candidate lookup-down,SIGATOKA_SAND_DUNES,Sigatoka,minivan,airport -> destination (arrival),return,day 10:00,none,159,265,265,265,269.96,265,true,false,IN_BAND_DIFFERENCE,
FD-candidate lookup-down,SIGATOKA_SAND_DUNES,Sigatoka,minivan,airport -> destination (arrival),return,night 23:00,none,159,319,319,319,323.95,319,true,false,IN_BAND_DIFFERENCE,
FD-candidate lookup-down,SIGATOKA_SAND_DUNES,Sigatoka,minivan,airport -> destination (arrival),return,day 10:00,child seat,159,273,273,273,276.96,273,true,false,IN_BAND_DIFFERENCE,
FD-candidate lookup-down,SIGATOKA_SAND_DUNES,Sigatoka,minivan,airport -> destination (arrival),return,night 23:00,child seat,159,327,327,327,330.95,327,true,false,IN_BAND_DIFFERENCE,
FD-candidate lookup-down,SIGATOKA_SAND_DUNES,Sigatoka,minibus,airport -> destination (arrival),one-way,day 10:00,none,199,179,179,179,184.31,179,true,false,IN_BAND_DIFFERENCE,
FD-candidate lookup-down,SIGATOKA_SAND_DUNES,Sigatoka,minibus,airport -> destination (arrival),one-way,night 23:00,none,199,216,216,216,221.37,216,true,false,IN_BAND_DIFFERENCE,
FD-candidate lookup-down,SIGATOKA_SAND_DUNES,Sigatoka,minibus,airport -> destination (arrival),one-way,day 10:00,child seat,199,186,186,186,192.31,186,true,false,IN_BAND_DIFFERENCE,
FD-candidate lookup-down,SIGATOKA_SAND_DUNES,Sigatoka,minibus,airport -> destination (arrival),one-way,night 23:00,child seat,199,223,223,223,229.37,223,true,false,IN_BAND_DIFFERENCE,
FD-candidate lookup-down,SIGATOKA_SAND_DUNES,Sigatoka,minibus,airport -> destination (arrival),return,day 10:00,none,199,333,333,333,341.82,333,true,false,IN_BAND_DIFFERENCE,
FD-candidate lookup-down,SIGATOKA_SAND_DUNES,Sigatoka,minibus,airport -> destination (arrival),return,night 23:00,none,199,400,400,400,409.79,400,true,false,IN_BAND_DIFFERENCE,
FD-candidate lookup-down,SIGATOKA_SAND_DUNES,Sigatoka,minibus,airport -> destination (arrival),return,day 10:00,child seat,199,340,340,340,348.82,340,true,false,IN_BAND_DIFFERENCE,
FD-candidate lookup-down,SIGATOKA_SAND_DUNES,Sigatoka,minibus,airport -> destination (arrival),return,night 23:00,child seat,199,408,408,408,417.79,408,true,false,IN_BAND_DIFFERENCE,
FD-candidate lookup-down,BEDARRA_INN,Sigatoka,sedan,airport -> destination (arrival),one-way,day 10:00,none,129,116,116,116,124.49,116,true,false,IN_BAND_DIFFERENCE,
FD-candidate lookup-down,BEDARRA_INN,Sigatoka,sedan,airport -> destination (arrival),one-way,night 23:00,none,129,139,139,139,149.19,139,true,false,IN_BAND_DIFFERENCE,
FD-candidate lookup-down,BEDARRA_INN,Sigatoka,sedan,airport -> destination (arrival),one-way,day 10:00,child seat,129,123,123,123,131.49,123,true,false,IN_BAND_DIFFERENCE,
FD-candidate lookup-down,BEDARRA_INN,Sigatoka,sedan,airport -> destination (arrival),one-way,night 23:00,child seat,129,147,147,147,157.19,147,true,false,IN_BAND_DIFFERENCE,
FD-candidate lookup-down,BEDARRA_INN,Sigatoka,sedan,airport -> destination (arrival),return,day 10:00,none,129,216,216,216,230.21,216,true,false,IN_BAND_DIFFERENCE,
FD-candidate lookup-down,BEDARRA_INN,Sigatoka,sedan,airport -> destination (arrival),return,night 23:00,none,129,261,261,261,276.45,261,true,false,IN_BAND_DIFFERENCE,
FD-candidate lookup-down,BEDARRA_INN,Sigatoka,sedan,airport -> destination (arrival),return,day 10:00,child seat,129,223,223,223,238.21,223,true,false,IN_BAND_DIFFERENCE,
FD-candidate lookup-down,BEDARRA_INN,Sigatoka,sedan,airport -> destination (arrival),return,night 23:00,child seat,129,268,268,268,283.45,268,true,false,IN_BAND_DIFFERENCE,
FD-candidate lookup-down,BEDARRA_INN,Sigatoka,minivan,airport -> destination (arrival),one-way,day 10:00,none,159,143,143,143,146.14,143,true,false,IN_BAND_DIFFERENCE,
FD-candidate lookup-down,BEDARRA_INN,Sigatoka,minivan,airport -> destination (arrival),one-way,night 23:00,none,159,175,175,175,175.57,175,true,false,IN_BAND_DIFFERENCE,
FD-candidate lookup-down,BEDARRA_INN,Sigatoka,minivan,airport -> destination (arrival),one-way,day 10:00,child seat,159,150,150,150,153.14,150,true,false,IN_BAND_DIFFERENCE,
FD-candidate lookup-down,BEDARRA_INN,Sigatoka,minivan,airport -> destination (arrival),one-way,night 23:00,child seat,159,183,183,183,182.57,183,true,false,IN_BAND_DIFFERENCE,
FD-candidate lookup-down,BEDARRA_INN,Sigatoka,minivan,airport -> destination (arrival),return,day 10:00,none,159,265,265,265,269.96,265,true,false,IN_BAND_DIFFERENCE,
FD-candidate lookup-down,BEDARRA_INN,Sigatoka,minivan,airport -> destination (arrival),return,night 23:00,none,159,319,319,319,323.95,319,true,false,IN_BAND_DIFFERENCE,
FD-candidate lookup-down,BEDARRA_INN,Sigatoka,minivan,airport -> destination (arrival),return,day 10:00,child seat,159,273,273,273,276.96,273,true,false,IN_BAND_DIFFERENCE,
FD-candidate lookup-down,BEDARRA_INN,Sigatoka,minivan,airport -> destination (arrival),return,night 23:00,child seat,159,327,327,327,330.95,327,true,false,IN_BAND_DIFFERENCE,
FD-candidate lookup-down,BEDARRA_INN,Sigatoka,minibus,airport -> destination (arrival),one-way,day 10:00,none,199,179,179,179,184.31,179,true,false,IN_BAND_DIFFERENCE,
FD-candidate lookup-down,BEDARRA_INN,Sigatoka,minibus,airport -> destination (arrival),one-way,night 23:00,none,199,216,216,216,221.37,216,true,false,IN_BAND_DIFFERENCE,
FD-candidate lookup-down,BEDARRA_INN,Sigatoka,minibus,airport -> destination (arrival),one-way,day 10:00,child seat,199,186,186,186,192.31,186,true,false,IN_BAND_DIFFERENCE,
FD-candidate lookup-down,BEDARRA_INN,Sigatoka,minibus,airport -> destination (arrival),one-way,night 23:00,child seat,199,223,223,223,229.37,223,true,false,IN_BAND_DIFFERENCE,
FD-candidate lookup-down,BEDARRA_INN,Sigatoka,minibus,airport -> destination (arrival),return,day 10:00,none,199,333,333,333,341.82,333,true,false,IN_BAND_DIFFERENCE,
FD-candidate lookup-down,BEDARRA_INN,Sigatoka,minibus,airport -> destination (arrival),return,night 23:00,none,199,400,400,400,409.79,400,true,false,IN_BAND_DIFFERENCE,
FD-candidate lookup-down,BEDARRA_INN,Sigatoka,minibus,airport -> destination (arrival),return,day 10:00,child seat,199,340,340,340,348.82,340,true,false,IN_BAND_DIFFERENCE,
FD-candidate lookup-down,BEDARRA_INN,Sigatoka,minibus,airport -> destination (arrival),return,night 23:00,child seat,199,408,408,408,417.79,408,true,false,IN_BAND_DIFFERENCE,
FD-candidate lookup-down,KULA_ECO,Sigatoka,sedan,airport -> destination (arrival),one-way,day 10:00,none,129,116,116,116,124.49,116,true,false,IN_BAND_DIFFERENCE,
FD-candidate lookup-down,KULA_ECO,Sigatoka,sedan,airport -> destination (arrival),one-way,night 23:00,none,129,139,139,139,149.19,139,true,false,IN_BAND_DIFFERENCE,
FD-candidate lookup-down,KULA_ECO,Sigatoka,sedan,airport -> destination (arrival),one-way,day 10:00,child seat,129,123,123,123,131.49,123,true,false,IN_BAND_DIFFERENCE,
FD-candidate lookup-down,KULA_ECO,Sigatoka,sedan,airport -> destination (arrival),one-way,night 23:00,child seat,129,147,147,147,157.19,147,true,false,IN_BAND_DIFFERENCE,
FD-candidate lookup-down,KULA_ECO,Sigatoka,sedan,airport -> destination (arrival),return,day 10:00,none,129,216,216,216,230.21,216,true,false,IN_BAND_DIFFERENCE,
FD-candidate lookup-down,KULA_ECO,Sigatoka,sedan,airport -> destination (arrival),return,night 23:00,none,129,261,261,261,276.45,261,true,false,IN_BAND_DIFFERENCE,
FD-candidate lookup-down,KULA_ECO,Sigatoka,sedan,airport -> destination (arrival),return,day 10:00,child seat,129,223,223,223,238.21,223,true,false,IN_BAND_DIFFERENCE,
FD-candidate lookup-down,KULA_ECO,Sigatoka,sedan,airport -> destination (arrival),return,night 23:00,child seat,129,268,268,268,283.45,268,true,false,IN_BAND_DIFFERENCE,
FD-candidate lookup-down,KULA_ECO,Sigatoka,minivan,airport -> destination (arrival),one-way,day 10:00,none,159,143,143,143,146.14,143,true,false,IN_BAND_DIFFERENCE,
FD-candidate lookup-down,KULA_ECO,Sigatoka,minivan,airport -> destination (arrival),one-way,night 23:00,none,159,175,175,175,175.57,175,true,false,IN_BAND_DIFFERENCE,
FD-candidate lookup-down,KULA_ECO,Sigatoka,minivan,airport -> destination (arrival),one-way,day 10:00,child seat,159,150,150,150,153.14,150,true,false,IN_BAND_DIFFERENCE,
FD-candidate lookup-down,KULA_ECO,Sigatoka,minivan,airport -> destination (arrival),one-way,night 23:00,child seat,159,183,183,183,182.57,183,true,false,IN_BAND_DIFFERENCE,
FD-candidate lookup-down,KULA_ECO,Sigatoka,minivan,airport -> destination (arrival),return,day 10:00,none,159,265,265,265,269.96,265,true,false,IN_BAND_DIFFERENCE,
FD-candidate lookup-down,KULA_ECO,Sigatoka,minivan,airport -> destination (arrival),return,night 23:00,none,159,319,319,319,323.95,319,true,false,IN_BAND_DIFFERENCE,
FD-candidate lookup-down,KULA_ECO,Sigatoka,minivan,airport -> destination (arrival),return,day 10:00,child seat,159,273,273,273,276.96,273,true,false,IN_BAND_DIFFERENCE,
FD-candidate lookup-down,KULA_ECO,Sigatoka,minivan,airport -> destination (arrival),return,night 23:00,child seat,159,327,327,327,330.95,327,true,false,IN_BAND_DIFFERENCE,
FD-candidate lookup-down,KULA_ECO,Sigatoka,minibus,airport -> destination (arrival),one-way,day 10:00,none,199,179,179,179,184.31,179,true,false,IN_BAND_DIFFERENCE,
FD-candidate lookup-down,KULA_ECO,Sigatoka,minibus,airport -> destination (arrival),one-way,night 23:00,none,199,216,216,216,221.37,216,true,false,IN_BAND_DIFFERENCE,
FD-candidate lookup-down,KULA_ECO,Sigatoka,minibus,airport -> destination (arrival),one-way,day 10:00,child seat,199,186,186,186,192.31,186,true,false,IN_BAND_DIFFERENCE,
FD-candidate lookup-down,KULA_ECO,Sigatoka,minibus,airport -> destination (arrival),one-way,night 23:00,child seat,199,223,223,223,229.37,223,true,false,IN_BAND_DIFFERENCE,
FD-candidate lookup-down,KULA_ECO,Sigatoka,minibus,airport -> destination (arrival),return,day 10:00,none,199,333,333,333,341.82,333,true,false,IN_BAND_DIFFERENCE,
FD-candidate lookup-down,KULA_ECO,Sigatoka,minibus,airport -> destination (arrival),return,night 23:00,none,199,400,400,400,409.79,400,true,false,IN_BAND_DIFFERENCE,
FD-candidate lookup-down,KULA_ECO,Sigatoka,minibus,airport -> destination (arrival),return,day 10:00,child seat,199,340,340,340,348.82,340,true,false,IN_BAND_DIFFERENCE,
FD-candidate lookup-down,KULA_ECO,Sigatoka,minibus,airport -> destination (arrival),return,night 23:00,child seat,199,408,408,408,417.79,408,true,false,IN_BAND_DIFFERENCE,
FD-candidate lookup-down,SHANGRI_LA_YANUCA,Coral Coast,sedan,airport -> destination (arrival),one-way,day 10:00,none,129,116,116,116,127.96,116,true,false,IN_BAND_DIFFERENCE,
FD-candidate lookup-down,SHANGRI_LA_YANUCA,Coral Coast,sedan,airport -> destination (arrival),one-way,night 23:00,none,129,139,139,139,153.35,139,true,false,IN_BAND_DIFFERENCE,
FD-candidate lookup-down,SHANGRI_LA_YANUCA,Coral Coast,sedan,airport -> destination (arrival),one-way,day 10:00,child seat,129,123,123,123,134.96,123,true,false,IN_BAND_DIFFERENCE,
FD-candidate lookup-down,SHANGRI_LA_YANUCA,Coral Coast,sedan,airport -> destination (arrival),one-way,night 23:00,child seat,129,147,147,147,160.35,147,true,false,IN_BAND_DIFFERENCE,
FD-candidate lookup-down,SHANGRI_LA_YANUCA,Coral Coast,sedan,airport -> destination (arrival),return,day 10:00,none,129,216,216,216,236.63,216,true,false,IN_BAND_DIFFERENCE,
FD-candidate lookup-down,SHANGRI_LA_YANUCA,Coral Coast,sedan,airport -> destination (arrival),return,night 23:00,none,129,261,261,261,283.15,261,true,false,IN_BAND_DIFFERENCE,
FD-candidate lookup-down,SHANGRI_LA_YANUCA,Coral Coast,sedan,airport -> destination (arrival),return,day 10:00,child seat,129,223,223,223,243.63,223,true,false,IN_BAND_DIFFERENCE,
FD-candidate lookup-down,SHANGRI_LA_YANUCA,Coral Coast,sedan,airport -> destination (arrival),return,night 23:00,child seat,129,268,268,268,291.15,268,true,false,IN_BAND_DIFFERENCE,
FD-candidate lookup-down,SHANGRI_LA_YANUCA,Coral Coast,minivan,airport -> destination (arrival),one-way,day 10:00,none,159,143,143,143,158.81,143,true,false,IN_BAND_DIFFERENCE,
FD-candidate lookup-down,SHANGRI_LA_YANUCA,Coral Coast,minivan,airport -> destination (arrival),one-way,night 23:00,none,159,175,175,175,191.17,175,true,false,IN_BAND_DIFFERENCE,
FD-candidate lookup-down,SHANGRI_LA_YANUCA,Coral Coast,minivan,airport -> destination (arrival),one-way,day 10:00,child seat,159,150,150,150,166.81,150,true,false,IN_BAND_DIFFERENCE,
FD-candidate lookup-down,SHANGRI_LA_YANUCA,Coral Coast,minivan,airport -> destination (arrival),one-way,night 23:00,child seat,159,183,183,183,198.17,183,true,false,IN_BAND_DIFFERENCE,
FD-candidate lookup-down,SHANGRI_LA_YANUCA,Coral Coast,minivan,airport -> destination (arrival),return,day 10:00,none,159,265,265,265,294.1,265,true,false,IN_BAND_DIFFERENCE,
FD-candidate lookup-down,SHANGRI_LA_YANUCA,Coral Coast,minivan,airport -> destination (arrival),return,night 23:00,none,159,319,319,319,353.52,319,true,false,IN_BAND_DIFFERENCE,
FD-candidate lookup-down,SHANGRI_LA_YANUCA,Coral Coast,minivan,airport -> destination (arrival),return,day 10:00,child seat,159,273,273,273,301.1,273,true,false,IN_BAND_DIFFERENCE,
FD-candidate lookup-down,SHANGRI_LA_YANUCA,Coral Coast,minivan,airport -> destination (arrival),return,night 23:00,child seat,159,327,327,327,360.52,327,true,false,IN_BAND_DIFFERENCE,
FD-candidate lookup-down,SHANGRI_LA_YANUCA,Coral Coast,minibus,airport -> destination (arrival),one-way,day 10:00,none,199,179,179,179,197.37,179,true,false,IN_BAND_DIFFERENCE,
FD-candidate lookup-down,SHANGRI_LA_YANUCA,Coral Coast,minibus,airport -> destination (arrival),one-way,night 23:00,none,199,216,216,216,237.24,216,true,false,IN_BAND_DIFFERENCE,
FD-candidate lookup-down,SHANGRI_LA_YANUCA,Coral Coast,minibus,airport -> destination (arrival),one-way,day 10:00,child seat,199,186,186,186,204.37,186,true,false,IN_BAND_DIFFERENCE,
FD-candidate lookup-down,SHANGRI_LA_YANUCA,Coral Coast,minibus,airport -> destination (arrival),one-way,night 23:00,child seat,199,223,223,223,244.24,223,true,false,IN_BAND_DIFFERENCE,
FD-candidate lookup-down,SHANGRI_LA_YANUCA,Coral Coast,minibus,airport -> destination (arrival),return,day 10:00,none,199,333,333,333,364.83,333,true,false,IN_BAND_DIFFERENCE,
FD-candidate lookup-down,SHANGRI_LA_YANUCA,Coral Coast,minibus,airport -> destination (arrival),return,night 23:00,none,199,400,400,400,438,400,true,false,IN_BAND_DIFFERENCE,
FD-candidate lookup-down,SHANGRI_LA_YANUCA,Coral Coast,minibus,airport -> destination (arrival),return,day 10:00,child seat,199,340,340,340,372.83,340,true,false,IN_BAND_DIFFERENCE,
FD-candidate lookup-down,SHANGRI_LA_YANUCA,Coral Coast,minibus,airport -> destination (arrival),return,night 23:00,child seat,199,408,408,408,445,408,true,false,IN_BAND_DIFFERENCE,
FD-candidate lookup-down,HIDEAWAY_RESORT,Coral Coast,sedan,airport -> destination (arrival),one-way,day 10:00,none,129,116,116,116,127.96,116,true,false,IN_BAND_DIFFERENCE,
FD-candidate lookup-down,HIDEAWAY_RESORT,Coral Coast,sedan,airport -> destination (arrival),one-way,night 23:00,none,129,139,139,139,153.35,139,true,false,IN_BAND_DIFFERENCE,
FD-candidate lookup-down,HIDEAWAY_RESORT,Coral Coast,sedan,airport -> destination (arrival),one-way,day 10:00,child seat,129,123,123,123,134.96,123,true,false,IN_BAND_DIFFERENCE,
FD-candidate lookup-down,HIDEAWAY_RESORT,Coral Coast,sedan,airport -> destination (arrival),one-way,night 23:00,child seat,129,147,147,147,160.35,147,true,false,IN_BAND_DIFFERENCE,
FD-candidate lookup-down,HIDEAWAY_RESORT,Coral Coast,sedan,airport -> destination (arrival),return,day 10:00,none,129,216,216,216,236.63,216,true,false,IN_BAND_DIFFERENCE,
FD-candidate lookup-down,HIDEAWAY_RESORT,Coral Coast,sedan,airport -> destination (arrival),return,night 23:00,none,129,261,261,261,283.15,261,true,false,IN_BAND_DIFFERENCE,
FD-candidate lookup-down,HIDEAWAY_RESORT,Coral Coast,sedan,airport -> destination (arrival),return,day 10:00,child seat,129,223,223,223,243.63,223,true,false,IN_BAND_DIFFERENCE,
FD-candidate lookup-down,HIDEAWAY_RESORT,Coral Coast,sedan,airport -> destination (arrival),return,night 23:00,child seat,129,268,268,268,291.15,268,true,false,IN_BAND_DIFFERENCE,
FD-candidate lookup-down,HIDEAWAY_RESORT,Coral Coast,minivan,airport -> destination (arrival),one-way,day 10:00,none,159,143,143,143,158.81,143,true,false,IN_BAND_DIFFERENCE,
FD-candidate lookup-down,HIDEAWAY_RESORT,Coral Coast,minivan,airport -> destination (arrival),one-way,night 23:00,none,159,175,175,175,191.17,175,true,false,IN_BAND_DIFFERENCE,
FD-candidate lookup-down,HIDEAWAY_RESORT,Coral Coast,minivan,airport -> destination (arrival),one-way,day 10:00,child seat,159,150,150,150,166.81,150,true,false,IN_BAND_DIFFERENCE,
FD-candidate lookup-down,HIDEAWAY_RESORT,Coral Coast,minivan,airport -> destination (arrival),one-way,night 23:00,child seat,159,183,183,183,198.17,183,true,false,IN_BAND_DIFFERENCE,
FD-candidate lookup-down,HIDEAWAY_RESORT,Coral Coast,minivan,airport -> destination (arrival),return,day 10:00,none,159,265,265,265,294.1,265,true,false,IN_BAND_DIFFERENCE,
FD-candidate lookup-down,HIDEAWAY_RESORT,Coral Coast,minivan,airport -> destination (arrival),return,night 23:00,none,159,319,319,319,353.52,319,true,false,IN_BAND_DIFFERENCE,
FD-candidate lookup-down,HIDEAWAY_RESORT,Coral Coast,minivan,airport -> destination (arrival),return,day 10:00,child seat,159,273,273,273,301.1,273,true,false,IN_BAND_DIFFERENCE,
FD-candidate lookup-down,HIDEAWAY_RESORT,Coral Coast,minivan,airport -> destination (arrival),return,night 23:00,child seat,159,327,327,327,360.52,327,true,false,IN_BAND_DIFFERENCE,
FD-candidate lookup-down,HIDEAWAY_RESORT,Coral Coast,minibus,airport -> destination (arrival),one-way,day 10:00,none,199,179,179,179,197.37,179,true,false,IN_BAND_DIFFERENCE,
FD-candidate lookup-down,HIDEAWAY_RESORT,Coral Coast,minibus,airport -> destination (arrival),one-way,night 23:00,none,199,216,216,216,237.24,216,true,false,IN_BAND_DIFFERENCE,
FD-candidate lookup-down,HIDEAWAY_RESORT,Coral Coast,minibus,airport -> destination (arrival),one-way,day 10:00,child seat,199,186,186,186,204.37,186,true,false,IN_BAND_DIFFERENCE,
FD-candidate lookup-down,HIDEAWAY_RESORT,Coral Coast,minibus,airport -> destination (arrival),one-way,night 23:00,child seat,199,223,223,223,244.24,223,true,false,IN_BAND_DIFFERENCE,
FD-candidate lookup-down,HIDEAWAY_RESORT,Coral Coast,minibus,airport -> destination (arrival),return,day 10:00,none,199,333,333,333,364.83,333,true,false,IN_BAND_DIFFERENCE,
FD-candidate lookup-down,HIDEAWAY_RESORT,Coral Coast,minibus,airport -> destination (arrival),return,night 23:00,none,199,400,400,400,438,400,true,false,IN_BAND_DIFFERENCE,
FD-candidate lookup-down,HIDEAWAY_RESORT,Coral Coast,minibus,airport -> destination (arrival),return,day 10:00,child seat,199,340,340,340,372.83,340,true,false,IN_BAND_DIFFERENCE,
FD-candidate lookup-down,HIDEAWAY_RESORT,Coral Coast,minibus,airport -> destination (arrival),return,night 23:00,child seat,199,408,408,408,445,408,true,false,IN_BAND_DIFFERENCE,
FD-candidate lookup-down,CRUSOES_RETREAT,Coral Coast,sedan,airport -> destination (arrival),one-way,day 10:00,none,129,116,116,116,127.96,116,true,false,IN_BAND_DIFFERENCE,
FD-candidate lookup-down,CRUSOES_RETREAT,Coral Coast,sedan,airport -> destination (arrival),one-way,night 23:00,none,129,139,139,139,153.35,139,true,false,IN_BAND_DIFFERENCE,
FD-candidate lookup-down,CRUSOES_RETREAT,Coral Coast,sedan,airport -> destination (arrival),one-way,day 10:00,child seat,129,123,123,123,134.96,123,true,false,IN_BAND_DIFFERENCE,
FD-candidate lookup-down,CRUSOES_RETREAT,Coral Coast,sedan,airport -> destination (arrival),one-way,night 23:00,child seat,129,147,147,147,160.35,147,true,false,IN_BAND_DIFFERENCE,
FD-candidate lookup-down,CRUSOES_RETREAT,Coral Coast,sedan,airport -> destination (arrival),return,day 10:00,none,129,216,216,216,236.63,216,true,false,IN_BAND_DIFFERENCE,
FD-candidate lookup-down,CRUSOES_RETREAT,Coral Coast,sedan,airport -> destination (arrival),return,night 23:00,none,129,261,261,261,283.15,261,true,false,IN_BAND_DIFFERENCE,
FD-candidate lookup-down,CRUSOES_RETREAT,Coral Coast,sedan,airport -> destination (arrival),return,day 10:00,child seat,129,223,223,223,243.63,223,true,false,IN_BAND_DIFFERENCE,
FD-candidate lookup-down,CRUSOES_RETREAT,Coral Coast,sedan,airport -> destination (arrival),return,night 23:00,child seat,129,268,268,268,291.15,268,true,false,IN_BAND_DIFFERENCE,
FD-candidate lookup-down,CRUSOES_RETREAT,Coral Coast,minivan,airport -> destination (arrival),one-way,day 10:00,none,159,143,143,143,158.81,143,true,false,IN_BAND_DIFFERENCE,
FD-candidate lookup-down,CRUSOES_RETREAT,Coral Coast,minivan,airport -> destination (arrival),one-way,night 23:00,none,159,175,175,175,191.17,175,true,false,IN_BAND_DIFFERENCE,
FD-candidate lookup-down,CRUSOES_RETREAT,Coral Coast,minivan,airport -> destination (arrival),one-way,day 10:00,child seat,159,150,150,150,166.81,150,true,false,IN_BAND_DIFFERENCE,
FD-candidate lookup-down,CRUSOES_RETREAT,Coral Coast,minivan,airport -> destination (arrival),one-way,night 23:00,child seat,159,183,183,183,198.17,183,true,false,IN_BAND_DIFFERENCE,
FD-candidate lookup-down,CRUSOES_RETREAT,Coral Coast,minivan,airport -> destination (arrival),return,day 10:00,none,159,265,265,265,294.1,265,true,false,IN_BAND_DIFFERENCE,
FD-candidate lookup-down,CRUSOES_RETREAT,Coral Coast,minivan,airport -> destination (arrival),return,night 23:00,none,159,319,319,319,353.52,319,true,false,IN_BAND_DIFFERENCE,
FD-candidate lookup-down,CRUSOES_RETREAT,Coral Coast,minivan,airport -> destination (arrival),return,day 10:00,child seat,159,273,273,273,301.1,273,true,false,IN_BAND_DIFFERENCE,
FD-candidate lookup-down,CRUSOES_RETREAT,Coral Coast,minivan,airport -> destination (arrival),return,night 23:00,child seat,159,327,327,327,360.52,327,true,false,IN_BAND_DIFFERENCE,
FD-candidate lookup-down,CRUSOES_RETREAT,Coral Coast,minibus,airport -> destination (arrival),one-way,day 10:00,none,199,179,179,179,197.37,179,true,false,IN_BAND_DIFFERENCE,
FD-candidate lookup-down,CRUSOES_RETREAT,Coral Coast,minibus,airport -> destination (arrival),one-way,night 23:00,none,199,216,216,216,237.24,216,true,false,IN_BAND_DIFFERENCE,
FD-candidate lookup-down,CRUSOES_RETREAT,Coral Coast,minibus,airport -> destination (arrival),one-way,day 10:00,child seat,199,186,186,186,204.37,186,true,false,IN_BAND_DIFFERENCE,
FD-candidate lookup-down,CRUSOES_RETREAT,Coral Coast,minibus,airport -> destination (arrival),one-way,night 23:00,child seat,199,223,223,223,244.24,223,true,false,IN_BAND_DIFFERENCE,
FD-candidate lookup-down,CRUSOES_RETREAT,Coral Coast,minibus,airport -> destination (arrival),return,day 10:00,none,199,333,333,333,364.83,333,true,false,IN_BAND_DIFFERENCE,
FD-candidate lookup-down,CRUSOES_RETREAT,Coral Coast,minibus,airport -> destination (arrival),return,night 23:00,none,199,400,400,400,438,400,true,false,IN_BAND_DIFFERENCE,
FD-candidate lookup-down,CRUSOES_RETREAT,Coral Coast,minibus,airport -> destination (arrival),return,day 10:00,child seat,199,340,340,340,372.83,340,true,false,IN_BAND_DIFFERENCE,
FD-candidate lookup-down,CRUSOES_RETREAT,Coral Coast,minibus,airport -> destination (arrival),return,night 23:00,child seat,199,408,408,408,445,408,true,false,IN_BAND_DIFFERENCE,
FD-candidate lookup-down,OUTRIGGER_FIJI,Coral Coast,sedan,airport -> destination (arrival),one-way,day 10:00,none,129,116,116,116,127.96,116,true,false,IN_BAND_DIFFERENCE,
FD-candidate lookup-down,OUTRIGGER_FIJI,Coral Coast,sedan,airport -> destination (arrival),one-way,night 23:00,none,129,139,139,139,153.35,139,true,false,IN_BAND_DIFFERENCE,
FD-candidate lookup-down,OUTRIGGER_FIJI,Coral Coast,sedan,airport -> destination (arrival),one-way,day 10:00,child seat,129,123,123,123,134.96,123,true,false,IN_BAND_DIFFERENCE,
FD-candidate lookup-down,OUTRIGGER_FIJI,Coral Coast,sedan,airport -> destination (arrival),one-way,night 23:00,child seat,129,147,147,147,160.35,147,true,false,IN_BAND_DIFFERENCE,
FD-candidate lookup-down,OUTRIGGER_FIJI,Coral Coast,sedan,airport -> destination (arrival),return,day 10:00,none,129,216,216,216,236.63,216,true,false,IN_BAND_DIFFERENCE,
FD-candidate lookup-down,OUTRIGGER_FIJI,Coral Coast,sedan,airport -> destination (arrival),return,night 23:00,none,129,261,261,261,283.15,261,true,false,IN_BAND_DIFFERENCE,
FD-candidate lookup-down,OUTRIGGER_FIJI,Coral Coast,sedan,airport -> destination (arrival),return,day 10:00,child seat,129,223,223,223,243.63,223,true,false,IN_BAND_DIFFERENCE,
FD-candidate lookup-down,OUTRIGGER_FIJI,Coral Coast,sedan,airport -> destination (arrival),return,night 23:00,child seat,129,268,268,268,291.15,268,true,false,IN_BAND_DIFFERENCE,
FD-candidate lookup-down,OUTRIGGER_FIJI,Coral Coast,minivan,airport -> destination (arrival),one-way,day 10:00,none,159,143,143,143,158.81,143,true,false,IN_BAND_DIFFERENCE,
FD-candidate lookup-down,OUTRIGGER_FIJI,Coral Coast,minivan,airport -> destination (arrival),one-way,night 23:00,none,159,175,175,175,191.17,175,true,false,IN_BAND_DIFFERENCE,
FD-candidate lookup-down,OUTRIGGER_FIJI,Coral Coast,minivan,airport -> destination (arrival),one-way,day 10:00,child seat,159,150,150,150,166.81,150,true,false,IN_BAND_DIFFERENCE,
FD-candidate lookup-down,OUTRIGGER_FIJI,Coral Coast,minivan,airport -> destination (arrival),one-way,night 23:00,child seat,159,183,183,183,198.17,183,true,false,IN_BAND_DIFFERENCE,
FD-candidate lookup-down,OUTRIGGER_FIJI,Coral Coast,minivan,airport -> destination (arrival),return,day 10:00,none,159,265,265,265,294.1,265,true,false,IN_BAND_DIFFERENCE,
FD-candidate lookup-down,OUTRIGGER_FIJI,Coral Coast,minivan,airport -> destination (arrival),return,night 23:00,none,159,319,319,319,353.52,319,true,false,IN_BAND_DIFFERENCE,
FD-candidate lookup-down,OUTRIGGER_FIJI,Coral Coast,minivan,airport -> destination (arrival),return,day 10:00,child seat,159,273,273,273,301.1,273,true,false,IN_BAND_DIFFERENCE,
FD-candidate lookup-down,OUTRIGGER_FIJI,Coral Coast,minivan,airport -> destination (arrival),return,night 23:00,child seat,159,327,327,327,360.52,327,true,false,IN_BAND_DIFFERENCE,
FD-candidate lookup-down,OUTRIGGER_FIJI,Coral Coast,minibus,airport -> destination (arrival),one-way,day 10:00,none,199,179,179,179,197.37,179,true,false,IN_BAND_DIFFERENCE,
FD-candidate lookup-down,OUTRIGGER_FIJI,Coral Coast,minibus,airport -> destination (arrival),one-way,night 23:00,none,199,216,216,216,237.24,216,true,false,IN_BAND_DIFFERENCE,
FD-candidate lookup-down,OUTRIGGER_FIJI,Coral Coast,minibus,airport -> destination (arrival),one-way,day 10:00,child seat,199,186,186,186,204.37,186,true,false,IN_BAND_DIFFERENCE,
FD-candidate lookup-down,OUTRIGGER_FIJI,Coral Coast,minibus,airport -> destination (arrival),one-way,night 23:00,child seat,199,223,223,223,244.24,223,true,false,IN_BAND_DIFFERENCE,
FD-candidate lookup-down,OUTRIGGER_FIJI,Coral Coast,minibus,airport -> destination (arrival),return,day 10:00,none,199,333,333,333,364.83,333,true,false,IN_BAND_DIFFERENCE,
FD-candidate lookup-down,OUTRIGGER_FIJI,Coral Coast,minibus,airport -> destination (arrival),return,night 23:00,none,199,400,400,400,438,400,true,false,IN_BAND_DIFFERENCE,
FD-candidate lookup-down,OUTRIGGER_FIJI,Coral Coast,minibus,airport -> destination (arrival),return,day 10:00,child seat,199,340,340,340,372.83,340,true,false,IN_BAND_DIFFERENCE,
FD-candidate lookup-down,OUTRIGGER_FIJI,Coral Coast,minibus,airport -> destination (arrival),return,night 23:00,child seat,199,408,408,408,445,408,true,false,IN_BAND_DIFFERENCE,
FD-candidate lookup-down,THE_WARWICK,Coral Coast,sedan,airport -> destination (arrival),one-way,day 10:00,none,149,134,134,134,127.96,134,true,false,IN_BAND_DIFFERENCE,
FD-candidate lookup-down,THE_WARWICK,Coral Coast,sedan,airport -> destination (arrival),one-way,night 23:00,none,149,162,162,162,153.35,162,true,false,IN_BAND_DIFFERENCE,
FD-candidate lookup-down,THE_WARWICK,Coral Coast,sedan,airport -> destination (arrival),one-way,day 10:00,child seat,149,141,141,141,134.96,141,true,false,IN_BAND_DIFFERENCE,
FD-candidate lookup-down,THE_WARWICK,Coral Coast,sedan,airport -> destination (arrival),one-way,night 23:00,child seat,149,169,169,169,160.35,169,true,false,IN_BAND_DIFFERENCE,
FD-candidate lookup-down,THE_WARWICK,Coral Coast,sedan,airport -> destination (arrival),return,day 10:00,none,149,252,252,252,236.63,252,true,false,IN_BAND_DIFFERENCE,
FD-candidate lookup-down,THE_WARWICK,Coral Coast,sedan,airport -> destination (arrival),return,night 23:00,none,149,301,301,301,283.15,301,true,false,IN_BAND_DIFFERENCE,
FD-candidate lookup-down,THE_WARWICK,Coral Coast,sedan,airport -> destination (arrival),return,day 10:00,child seat,149,259,259,259,243.63,259,true,false,IN_BAND_DIFFERENCE,
FD-candidate lookup-down,THE_WARWICK,Coral Coast,sedan,airport -> destination (arrival),return,night 23:00,child seat,149,309,309,309,291.15,309,true,false,IN_BAND_DIFFERENCE,
FD-candidate lookup-down,THE_WARWICK,Coral Coast,minivan,airport -> destination (arrival),one-way,day 10:00,none,189,170,170,170,158.81,170,true,false,IN_BAND_DIFFERENCE,
FD-candidate lookup-down,THE_WARWICK,Coral Coast,minivan,airport -> destination (arrival),one-way,night 23:00,none,189,207,207,207,191.17,207,true,false,IN_BAND_DIFFERENCE,
FD-candidate lookup-down,THE_WARWICK,Coral Coast,minivan,airport -> destination (arrival),one-way,day 10:00,child seat,189,177,177,177,166.81,177,true,false,IN_BAND_DIFFERENCE,
FD-candidate lookup-down,THE_WARWICK,Coral Coast,minivan,airport -> destination (arrival),one-way,night 23:00,child seat,189,214,214,214,198.17,214,true,false,IN_BAND_DIFFERENCE,
FD-candidate lookup-down,THE_WARWICK,Coral Coast,minivan,airport -> destination (arrival),return,day 10:00,none,189,315,315,315,294.1,315,true,false,IN_BAND_DIFFERENCE,
FD-candidate lookup-down,THE_WARWICK,Coral Coast,minivan,airport -> destination (arrival),return,night 23:00,none,189,378,378,378,353.52,378,true,false,IN_BAND_DIFFERENCE,
FD-candidate lookup-down,THE_WARWICK,Coral Coast,minivan,airport -> destination (arrival),return,day 10:00,child seat,189,322,322,322,301.1,322,true,false,IN_BAND_DIFFERENCE,
FD-candidate lookup-down,THE_WARWICK,Coral Coast,minivan,airport -> destination (arrival),return,night 23:00,child seat,189,385,385,385,360.52,385,true,false,IN_BAND_DIFFERENCE,
FD-candidate lookup-down,THE_WARWICK,Coral Coast,minibus,airport -> destination (arrival),one-way,day 10:00,none,239,215,215,215,197.37,215,true,false,IN_BAND_DIFFERENCE,
FD-candidate lookup-down,THE_WARWICK,Coral Coast,minibus,airport -> destination (arrival),one-way,night 23:00,none,239,261,261,261,237.24,261,true,false,IN_BAND_DIFFERENCE,
FD-candidate lookup-down,THE_WARWICK,Coral Coast,minibus,airport -> destination (arrival),one-way,day 10:00,child seat,239,222,222,222,204.37,222,true,false,IN_BAND_DIFFERENCE,
FD-candidate lookup-down,THE_WARWICK,Coral Coast,minibus,airport -> destination (arrival),one-way,night 23:00,child seat,239,268,268,268,244.24,268,true,false,IN_BAND_DIFFERENCE,
FD-candidate lookup-down,THE_WARWICK,Coral Coast,minibus,airport -> destination (arrival),return,day 10:00,none,239,400,400,400,364.83,400,true,false,IN_BAND_DIFFERENCE,
FD-candidate lookup-down,THE_WARWICK,Coral Coast,minibus,airport -> destination (arrival),return,night 23:00,none,239,481,481,481,438,481,true,false,IN_BAND_DIFFERENCE,
FD-candidate lookup-down,THE_WARWICK,Coral Coast,minibus,airport -> destination (arrival),return,day 10:00,child seat,239,408,408,408,372.83,408,true,false,IN_BAND_DIFFERENCE,
FD-candidate lookup-down,THE_WARWICK,Coral Coast,minibus,airport -> destination (arrival),return,night 23:00,child seat,239,489,489,489,445,489,true,false,IN_BAND_DIFFERENCE,
FD-candidate lookup-down,NAVITI_RESORT,Coral Coast,sedan,airport -> destination (arrival),one-way,day 10:00,none,149,134,134,134,127.96,134,true,false,IN_BAND_DIFFERENCE,
FD-candidate lookup-down,NAVITI_RESORT,Coral Coast,sedan,airport -> destination (arrival),one-way,night 23:00,none,149,162,162,162,153.35,162,true,false,IN_BAND_DIFFERENCE,
FD-candidate lookup-down,NAVITI_RESORT,Coral Coast,sedan,airport -> destination (arrival),one-way,day 10:00,child seat,149,141,141,141,134.96,141,true,false,IN_BAND_DIFFERENCE,
FD-candidate lookup-down,NAVITI_RESORT,Coral Coast,sedan,airport -> destination (arrival),one-way,night 23:00,child seat,149,169,169,169,160.35,169,true,false,IN_BAND_DIFFERENCE,
FD-candidate lookup-down,NAVITI_RESORT,Coral Coast,sedan,airport -> destination (arrival),return,day 10:00,none,149,252,252,252,236.63,252,true,false,IN_BAND_DIFFERENCE,
FD-candidate lookup-down,NAVITI_RESORT,Coral Coast,sedan,airport -> destination (arrival),return,night 23:00,none,149,301,301,301,283.15,301,true,false,IN_BAND_DIFFERENCE,
FD-candidate lookup-down,NAVITI_RESORT,Coral Coast,sedan,airport -> destination (arrival),return,day 10:00,child seat,149,259,259,259,243.63,259,true,false,IN_BAND_DIFFERENCE,
FD-candidate lookup-down,NAVITI_RESORT,Coral Coast,sedan,airport -> destination (arrival),return,night 23:00,child seat,149,309,309,309,291.15,309,true,false,IN_BAND_DIFFERENCE,
FD-candidate lookup-down,NAVITI_RESORT,Coral Coast,minivan,airport -> destination (arrival),one-way,day 10:00,none,189,170,170,170,158.81,170,true,false,IN_BAND_DIFFERENCE,
FD-candidate lookup-down,NAVITI_RESORT,Coral Coast,minivan,airport -> destination (arrival),one-way,night 23:00,none,189,207,207,207,191.17,207,true,false,IN_BAND_DIFFERENCE,
FD-candidate lookup-down,NAVITI_RESORT,Coral Coast,minivan,airport -> destination (arrival),one-way,day 10:00,child seat,189,177,177,177,166.81,177,true,false,IN_BAND_DIFFERENCE,
FD-candidate lookup-down,NAVITI_RESORT,Coral Coast,minivan,airport -> destination (arrival),one-way,night 23:00,child seat,189,214,214,214,198.17,214,true,false,IN_BAND_DIFFERENCE,
FD-candidate lookup-down,NAVITI_RESORT,Coral Coast,minivan,airport -> destination (arrival),return,day 10:00,none,189,315,315,315,294.1,315,true,false,IN_BAND_DIFFERENCE,
FD-candidate lookup-down,NAVITI_RESORT,Coral Coast,minivan,airport -> destination (arrival),return,night 23:00,none,189,378,378,378,353.52,378,true,false,IN_BAND_DIFFERENCE,
FD-candidate lookup-down,NAVITI_RESORT,Coral Coast,minivan,airport -> destination (arrival),return,day 10:00,child seat,189,322,322,322,301.1,322,true,false,IN_BAND_DIFFERENCE,
FD-candidate lookup-down,NAVITI_RESORT,Coral Coast,minivan,airport -> destination (arrival),return,night 23:00,child seat,189,385,385,385,360.52,385,true,false,IN_BAND_DIFFERENCE,
FD-candidate lookup-down,NAVITI_RESORT,Coral Coast,minibus,airport -> destination (arrival),one-way,day 10:00,none,239,215,215,215,197.37,215,true,false,IN_BAND_DIFFERENCE,
FD-candidate lookup-down,NAVITI_RESORT,Coral Coast,minibus,airport -> destination (arrival),one-way,night 23:00,none,239,261,261,261,237.24,261,true,false,IN_BAND_DIFFERENCE,
FD-candidate lookup-down,NAVITI_RESORT,Coral Coast,minibus,airport -> destination (arrival),one-way,day 10:00,child seat,239,222,222,222,204.37,222,true,false,IN_BAND_DIFFERENCE,
FD-candidate lookup-down,NAVITI_RESORT,Coral Coast,minibus,airport -> destination (arrival),one-way,night 23:00,child seat,239,268,268,268,244.24,268,true,false,IN_BAND_DIFFERENCE,
FD-candidate lookup-down,NAVITI_RESORT,Coral Coast,minibus,airport -> destination (arrival),return,day 10:00,none,239,400,400,400,364.83,400,true,false,IN_BAND_DIFFERENCE,
FD-candidate lookup-down,NAVITI_RESORT,Coral Coast,minibus,airport -> destination (arrival),return,night 23:00,none,239,481,481,481,438,481,true,false,IN_BAND_DIFFERENCE,
FD-candidate lookup-down,NAVITI_RESORT,Coral Coast,minibus,airport -> destination (arrival),return,day 10:00,child seat,239,408,408,408,372.83,408,true,false,IN_BAND_DIFFERENCE,
FD-candidate lookup-down,NAVITI_RESORT,Coral Coast,minibus,airport -> destination (arrival),return,night 23:00,child seat,239,489,489,489,445,489,true,false,IN_BAND_DIFFERENCE,
FD-candidate lookup-down,BEACHHOUSE_FIJI,Coral Coast,sedan,airport -> destination (arrival),one-way,day 10:00,none,169,152,152,152,127.96,152,true,false,IN_BAND_DIFFERENCE,
FD-candidate lookup-down,BEACHHOUSE_FIJI,Coral Coast,sedan,airport -> destination (arrival),one-way,night 23:00,none,169,184,184,184,153.35,184,true,false,IN_BAND_DIFFERENCE,
FD-candidate lookup-down,BEACHHOUSE_FIJI,Coral Coast,sedan,airport -> destination (arrival),one-way,day 10:00,child seat,169,159,159,159,134.96,159,true,false,IN_BAND_DIFFERENCE,
FD-candidate lookup-down,BEACHHOUSE_FIJI,Coral Coast,sedan,airport -> destination (arrival),one-way,night 23:00,child seat,169,192,192,192,160.35,192,true,false,IN_BAND_DIFFERENCE,
FD-candidate lookup-down,BEACHHOUSE_FIJI,Coral Coast,sedan,airport -> destination (arrival),return,day 10:00,none,169,283,283,283,236.63,283,true,false,IN_BAND_DIFFERENCE,
FD-candidate lookup-down,BEACHHOUSE_FIJI,Coral Coast,sedan,airport -> destination (arrival),return,night 23:00,none,169,342,342,342,283.15,342,true,false,IN_BAND_DIFFERENCE,
FD-candidate lookup-down,BEACHHOUSE_FIJI,Coral Coast,sedan,airport -> destination (arrival),return,day 10:00,child seat,169,291,291,291,243.63,291,true,false,IN_BAND_DIFFERENCE,
FD-candidate lookup-down,BEACHHOUSE_FIJI,Coral Coast,sedan,airport -> destination (arrival),return,night 23:00,child seat,169,349,349,349,291.15,349,true,false,IN_BAND_DIFFERENCE,
FD-candidate lookup-down,BEACHHOUSE_FIJI,Coral Coast,minivan,airport -> destination (arrival),one-way,day 10:00,none,199,179,179,179,158.81,179,true,false,IN_BAND_DIFFERENCE,
FD-candidate lookup-down,BEACHHOUSE_FIJI,Coral Coast,minivan,airport -> destination (arrival),one-way,night 23:00,none,199,216,216,216,191.17,216,true,false,IN_BAND_DIFFERENCE,
FD-candidate lookup-down,BEACHHOUSE_FIJI,Coral Coast,minivan,airport -> destination (arrival),one-way,day 10:00,child seat,199,186,186,186,166.81,186,true,false,IN_BAND_DIFFERENCE,
FD-candidate lookup-down,BEACHHOUSE_FIJI,Coral Coast,minivan,airport -> destination (arrival),one-way,night 23:00,child seat,199,223,223,223,198.17,223,true,false,IN_BAND_DIFFERENCE,
FD-candidate lookup-down,BEACHHOUSE_FIJI,Coral Coast,minivan,airport -> destination (arrival),return,day 10:00,none,199,333,333,333,294.1,333,true,false,IN_BAND_DIFFERENCE,
FD-candidate lookup-down,BEACHHOUSE_FIJI,Coral Coast,minivan,airport -> destination (arrival),return,night 23:00,none,199,400,400,400,353.52,400,true,false,IN_BAND_DIFFERENCE,
FD-candidate lookup-down,BEACHHOUSE_FIJI,Coral Coast,minivan,airport -> destination (arrival),return,day 10:00,child seat,199,340,340,340,301.1,340,true,false,IN_BAND_DIFFERENCE,
FD-candidate lookup-down,BEACHHOUSE_FIJI,Coral Coast,minivan,airport -> destination (arrival),return,night 23:00,child seat,199,408,408,408,360.52,408,true,false,IN_BAND_DIFFERENCE,
FD-candidate lookup-down,BEACHHOUSE_FIJI,Coral Coast,minibus,airport -> destination (arrival),one-way,day 10:00,none,259,233,233,233,197.37,233,true,false,IN_BAND_DIFFERENCE,
FD-candidate lookup-down,BEACHHOUSE_FIJI,Coral Coast,minibus,airport -> destination (arrival),one-way,night 23:00,none,259,283,283,283,237.24,283,true,false,IN_BAND_DIFFERENCE,
FD-candidate lookup-down,BEACHHOUSE_FIJI,Coral Coast,minibus,airport -> destination (arrival),one-way,day 10:00,child seat,259,240,240,240,204.37,240,true,false,IN_BAND_DIFFERENCE,
FD-candidate lookup-down,BEACHHOUSE_FIJI,Coral Coast,minibus,airport -> destination (arrival),one-way,night 23:00,child seat,259,291,291,291,244.24,291,true,false,IN_BAND_DIFFERENCE,
FD-candidate lookup-down,BEACHHOUSE_FIJI,Coral Coast,minibus,airport -> destination (arrival),return,day 10:00,none,259,432,432,432,364.83,432,true,false,IN_BAND_DIFFERENCE,
FD-candidate lookup-down,BEACHHOUSE_FIJI,Coral Coast,minibus,airport -> destination (arrival),return,night 23:00,none,259,517,517,517,438,517,true,false,IN_BAND_DIFFERENCE,
FD-candidate lookup-down,BEACHHOUSE_FIJI,Coral Coast,minibus,airport -> destination (arrival),return,day 10:00,child seat,259,439,439,439,372.83,439,true,false,IN_BAND_DIFFERENCE,
FD-candidate lookup-down,BEACHHOUSE_FIJI,Coral Coast,minibus,airport -> destination (arrival),return,night 23:00,child seat,259,525,525,525,445,525,true,false,IN_BAND_DIFFERENCE,
FD-candidate lookup-down,ARTS_VILLAGE,Pacific Harbour,sedan,airport -> destination (arrival),one-way,day 10:00,none,199,179,179,179,178.95,179,true,false,IN_BAND_DIFFERENCE,
FD-candidate lookup-down,ARTS_VILLAGE,Pacific Harbour,sedan,airport -> destination (arrival),one-way,night 23:00,none,199,216,216,216,214.74,216,true,false,IN_BAND_DIFFERENCE,
FD-candidate lookup-down,ARTS_VILLAGE,Pacific Harbour,sedan,airport -> destination (arrival),one-way,day 10:00,child seat,199,186,186,186,185.95,186,true,false,IN_BAND_DIFFERENCE,
FD-candidate lookup-down,ARTS_VILLAGE,Pacific Harbour,sedan,airport -> destination (arrival),one-way,night 23:00,child seat,199,223,223,223,221.74,223,true,false,IN_BAND_DIFFERENCE,
FD-candidate lookup-down,ARTS_VILLAGE,Pacific Harbour,sedan,airport -> destination (arrival),return,day 10:00,none,199,333,333,333,331.06,333,true,false,IN_BAND_DIFFERENCE,
FD-candidate lookup-down,ARTS_VILLAGE,Pacific Harbour,sedan,airport -> destination (arrival),return,night 23:00,none,199,400,400,400,397.67,400,true,false,IN_BAND_DIFFERENCE,
FD-candidate lookup-down,ARTS_VILLAGE,Pacific Harbour,sedan,airport -> destination (arrival),return,day 10:00,child seat,199,340,340,340,338.06,340,true,false,IN_BAND_DIFFERENCE,
FD-candidate lookup-down,ARTS_VILLAGE,Pacific Harbour,sedan,airport -> destination (arrival),return,night 23:00,child seat,199,408,408,408,404.67,408,true,false,IN_BAND_DIFFERENCE,
FD-candidate lookup-down,ARTS_VILLAGE,Pacific Harbour,minivan,airport -> destination (arrival),one-way,day 10:00,none,269,242,242,242,239.56,242,true,false,IN_BAND_DIFFERENCE,
FD-candidate lookup-down,ARTS_VILLAGE,Pacific Harbour,minivan,airport -> destination (arrival),one-way,night 23:00,none,269,292,292,292,287.87,292,true,false,IN_BAND_DIFFERENCE,
FD-candidate lookup-down,ARTS_VILLAGE,Pacific Harbour,minivan,airport -> destination (arrival),one-way,day 10:00,child seat,269,249,249,249,247.56,249,true,false,IN_BAND_DIFFERENCE,
FD-candidate lookup-down,ARTS_VILLAGE,Pacific Harbour,minivan,airport -> destination (arrival),one-way,night 23:00,child seat,269,300,300,300,294.87,300,true,false,IN_BAND_DIFFERENCE,
FD-candidate lookup-down,ARTS_VILLAGE,Pacific Harbour,minivan,airport -> destination (arrival),return,day 10:00,none,269,450,450,450,444.14,450,true,false,IN_BAND_DIFFERENCE,
FD-candidate lookup-down,ARTS_VILLAGE,Pacific Harbour,minivan,airport -> destination (arrival),return,night 23:00,none,269,540,540,540,532.76,540,true,false,IN_BAND_DIFFERENCE,
FD-candidate lookup-down,ARTS_VILLAGE,Pacific Harbour,minivan,airport -> destination (arrival),return,day 10:00,child seat,269,457,457,457,451.14,457,true,false,IN_BAND_DIFFERENCE,
FD-candidate lookup-down,ARTS_VILLAGE,Pacific Harbour,minivan,airport -> destination (arrival),return,night 23:00,child seat,269,547,547,547,539.76,547,true,false,IN_BAND_DIFFERENCE,
FD-candidate lookup-down,ARTS_VILLAGE,Pacific Harbour,minibus,airport -> destination (arrival),one-way,day 10:00,none,299,269,269,269,269.56,269,true,false,IN_BAND_DIFFERENCE,
FD-candidate lookup-down,ARTS_VILLAGE,Pacific Harbour,minibus,airport -> destination (arrival),one-way,night 23:00,none,299,324,324,324,323.47,324,true,false,IN_BAND_DIFFERENCE,
FD-candidate lookup-down,ARTS_VILLAGE,Pacific Harbour,minibus,airport -> destination (arrival),one-way,day 10:00,child seat,299,276,276,276,276.56,276,true,false,IN_BAND_DIFFERENCE,
FD-candidate lookup-down,ARTS_VILLAGE,Pacific Harbour,minibus,airport -> destination (arrival),one-way,night 23:00,child seat,299,331,331,331,330.47,331,true,false,IN_BAND_DIFFERENCE,
FD-candidate lookup-down,ARTS_VILLAGE,Pacific Harbour,minibus,airport -> destination (arrival),return,day 10:00,none,299,499,499,499,499.19,499,true,false,IN_BAND_DIFFERENCE,
FD-candidate lookup-down,ARTS_VILLAGE,Pacific Harbour,minibus,airport -> destination (arrival),return,night 23:00,none,299,598,598,598,598.02,598,true,false,IN_BAND_DIFFERENCE,
FD-candidate lookup-down,ARTS_VILLAGE,Pacific Harbour,minibus,airport -> destination (arrival),return,day 10:00,child seat,299,507,507,507,506.19,507,true,false,IN_BAND_DIFFERENCE,
FD-candidate lookup-down,ARTS_VILLAGE,Pacific Harbour,minibus,airport -> destination (arrival),return,night 23:00,child seat,299,606,606,606,606.02,606,true,false,IN_BAND_DIFFERENCE,
FD-candidate lookup-down,PEARL_SOUTH_PACIFIC,Pacific Harbour,sedan,airport -> destination (arrival),one-way,day 10:00,none,199,179,179,179,178.95,179,true,false,IN_BAND_DIFFERENCE,
FD-candidate lookup-down,PEARL_SOUTH_PACIFIC,Pacific Harbour,sedan,airport -> destination (arrival),one-way,night 23:00,none,199,216,216,216,214.74,216,true,false,IN_BAND_DIFFERENCE,
FD-candidate lookup-down,PEARL_SOUTH_PACIFIC,Pacific Harbour,sedan,airport -> destination (arrival),one-way,day 10:00,child seat,199,186,186,186,185.95,186,true,false,IN_BAND_DIFFERENCE,
FD-candidate lookup-down,PEARL_SOUTH_PACIFIC,Pacific Harbour,sedan,airport -> destination (arrival),one-way,night 23:00,child seat,199,223,223,223,221.74,223,true,false,IN_BAND_DIFFERENCE,
FD-candidate lookup-down,PEARL_SOUTH_PACIFIC,Pacific Harbour,sedan,airport -> destination (arrival),return,day 10:00,none,199,333,333,333,331.06,333,true,false,IN_BAND_DIFFERENCE,
FD-candidate lookup-down,PEARL_SOUTH_PACIFIC,Pacific Harbour,sedan,airport -> destination (arrival),return,night 23:00,none,199,400,400,400,397.67,400,true,false,IN_BAND_DIFFERENCE,
FD-candidate lookup-down,PEARL_SOUTH_PACIFIC,Pacific Harbour,sedan,airport -> destination (arrival),return,day 10:00,child seat,199,340,340,340,338.06,340,true,false,IN_BAND_DIFFERENCE,
FD-candidate lookup-down,PEARL_SOUTH_PACIFIC,Pacific Harbour,sedan,airport -> destination (arrival),return,night 23:00,child seat,199,408,408,408,404.67,408,true,false,IN_BAND_DIFFERENCE,
FD-candidate lookup-down,PEARL_SOUTH_PACIFIC,Pacific Harbour,minivan,airport -> destination (arrival),one-way,day 10:00,none,269,242,242,242,239.56,242,true,false,IN_BAND_DIFFERENCE,
FD-candidate lookup-down,PEARL_SOUTH_PACIFIC,Pacific Harbour,minivan,airport -> destination (arrival),one-way,night 23:00,none,269,292,292,292,287.87,292,true,false,IN_BAND_DIFFERENCE,
FD-candidate lookup-down,PEARL_SOUTH_PACIFIC,Pacific Harbour,minivan,airport -> destination (arrival),one-way,day 10:00,child seat,269,249,249,249,247.56,249,true,false,IN_BAND_DIFFERENCE,
FD-candidate lookup-down,PEARL_SOUTH_PACIFIC,Pacific Harbour,minivan,airport -> destination (arrival),one-way,night 23:00,child seat,269,300,300,300,294.87,300,true,false,IN_BAND_DIFFERENCE,
FD-candidate lookup-down,PEARL_SOUTH_PACIFIC,Pacific Harbour,minivan,airport -> destination (arrival),return,day 10:00,none,269,450,450,450,444.14,450,true,false,IN_BAND_DIFFERENCE,
FD-candidate lookup-down,PEARL_SOUTH_PACIFIC,Pacific Harbour,minivan,airport -> destination (arrival),return,night 23:00,none,269,540,540,540,532.76,540,true,false,IN_BAND_DIFFERENCE,
FD-candidate lookup-down,PEARL_SOUTH_PACIFIC,Pacific Harbour,minivan,airport -> destination (arrival),return,day 10:00,child seat,269,457,457,457,451.14,457,true,false,IN_BAND_DIFFERENCE,
FD-candidate lookup-down,PEARL_SOUTH_PACIFIC,Pacific Harbour,minivan,airport -> destination (arrival),return,night 23:00,child seat,269,547,547,547,539.76,547,true,false,IN_BAND_DIFFERENCE,
FD-candidate lookup-down,PEARL_SOUTH_PACIFIC,Pacific Harbour,minibus,airport -> destination (arrival),one-way,day 10:00,none,299,269,269,269,269.56,269,true,false,IN_BAND_DIFFERENCE,
FD-candidate lookup-down,PEARL_SOUTH_PACIFIC,Pacific Harbour,minibus,airport -> destination (arrival),one-way,night 23:00,none,299,324,324,324,323.47,324,true,false,IN_BAND_DIFFERENCE,
FD-candidate lookup-down,PEARL_SOUTH_PACIFIC,Pacific Harbour,minibus,airport -> destination (arrival),one-way,day 10:00,child seat,299,276,276,276,276.56,276,true,false,IN_BAND_DIFFERENCE,
FD-candidate lookup-down,PEARL_SOUTH_PACIFIC,Pacific Harbour,minibus,airport -> destination (arrival),one-way,night 23:00,child seat,299,331,331,331,330.47,331,true,false,IN_BAND_DIFFERENCE,
FD-candidate lookup-down,PEARL_SOUTH_PACIFIC,Pacific Harbour,minibus,airport -> destination (arrival),return,day 10:00,none,299,499,499,499,499.19,499,true,false,IN_BAND_DIFFERENCE,
FD-candidate lookup-down,PEARL_SOUTH_PACIFIC,Pacific Harbour,minibus,airport -> destination (arrival),return,night 23:00,none,299,598,598,598,598.02,598,true,false,IN_BAND_DIFFERENCE,
FD-candidate lookup-down,PEARL_SOUTH_PACIFIC,Pacific Harbour,minibus,airport -> destination (arrival),return,day 10:00,child seat,299,507,507,507,506.19,507,true,false,IN_BAND_DIFFERENCE,
FD-candidate lookup-down,PEARL_SOUTH_PACIFIC,Pacific Harbour,minibus,airport -> destination (arrival),return,night 23:00,child seat,299,606,606,606,606.02,606,true,false,IN_BAND_DIFFERENCE,
FD-candidate lookup-down,UPRISING,Pacific Harbour,sedan,airport -> destination (arrival),one-way,day 10:00,none,199,179,179,179,178.95,179,true,false,IN_BAND_DIFFERENCE,
FD-candidate lookup-down,UPRISING,Pacific Harbour,sedan,airport -> destination (arrival),one-way,night 23:00,none,199,216,216,216,214.74,216,true,false,IN_BAND_DIFFERENCE,
FD-candidate lookup-down,UPRISING,Pacific Harbour,sedan,airport -> destination (arrival),one-way,day 10:00,child seat,199,186,186,186,185.95,186,true,false,IN_BAND_DIFFERENCE,
FD-candidate lookup-down,UPRISING,Pacific Harbour,sedan,airport -> destination (arrival),one-way,night 23:00,child seat,199,223,223,223,221.74,223,true,false,IN_BAND_DIFFERENCE,
FD-candidate lookup-down,UPRISING,Pacific Harbour,sedan,airport -> destination (arrival),return,day 10:00,none,199,333,333,333,331.06,333,true,false,IN_BAND_DIFFERENCE,
FD-candidate lookup-down,UPRISING,Pacific Harbour,sedan,airport -> destination (arrival),return,night 23:00,none,199,400,400,400,397.67,400,true,false,IN_BAND_DIFFERENCE,
FD-candidate lookup-down,UPRISING,Pacific Harbour,sedan,airport -> destination (arrival),return,day 10:00,child seat,199,340,340,340,338.06,340,true,false,IN_BAND_DIFFERENCE,
FD-candidate lookup-down,UPRISING,Pacific Harbour,sedan,airport -> destination (arrival),return,night 23:00,child seat,199,408,408,408,404.67,408,true,false,IN_BAND_DIFFERENCE,
FD-candidate lookup-down,UPRISING,Pacific Harbour,minivan,airport -> destination (arrival),one-way,day 10:00,none,269,242,242,242,239.56,242,true,false,IN_BAND_DIFFERENCE,
FD-candidate lookup-down,UPRISING,Pacific Harbour,minivan,airport -> destination (arrival),one-way,night 23:00,none,269,292,292,292,287.87,292,true,false,IN_BAND_DIFFERENCE,
FD-candidate lookup-down,UPRISING,Pacific Harbour,minivan,airport -> destination (arrival),one-way,day 10:00,child seat,269,249,249,249,247.56,249,true,false,IN_BAND_DIFFERENCE,
FD-candidate lookup-down,UPRISING,Pacific Harbour,minivan,airport -> destination (arrival),one-way,night 23:00,child seat,269,300,300,300,294.87,300,true,false,IN_BAND_DIFFERENCE,
FD-candidate lookup-down,UPRISING,Pacific Harbour,minivan,airport -> destination (arrival),return,day 10:00,none,269,450,450,450,444.14,450,true,false,IN_BAND_DIFFERENCE,
FD-candidate lookup-down,UPRISING,Pacific Harbour,minivan,airport -> destination (arrival),return,night 23:00,none,269,540,540,540,532.76,540,true,false,IN_BAND_DIFFERENCE,
FD-candidate lookup-down,UPRISING,Pacific Harbour,minivan,airport -> destination (arrival),return,day 10:00,child seat,269,457,457,457,451.14,457,true,false,IN_BAND_DIFFERENCE,
FD-candidate lookup-down,UPRISING,Pacific Harbour,minivan,airport -> destination (arrival),return,night 23:00,child seat,269,547,547,547,539.76,547,true,false,IN_BAND_DIFFERENCE,
FD-candidate lookup-down,UPRISING,Pacific Harbour,minibus,airport -> destination (arrival),one-way,day 10:00,none,299,269,269,269,269.56,269,true,false,IN_BAND_DIFFERENCE,
FD-candidate lookup-down,UPRISING,Pacific Harbour,minibus,airport -> destination (arrival),one-way,night 23:00,none,299,324,324,324,323.47,324,true,false,IN_BAND_DIFFERENCE,
FD-candidate lookup-down,UPRISING,Pacific Harbour,minibus,airport -> destination (arrival),one-way,day 10:00,child seat,299,276,276,276,276.56,276,true,false,IN_BAND_DIFFERENCE,
FD-candidate lookup-down,UPRISING,Pacific Harbour,minibus,airport -> destination (arrival),one-way,night 23:00,child seat,299,331,331,331,330.47,331,true,false,IN_BAND_DIFFERENCE,
FD-candidate lookup-down,UPRISING,Pacific Harbour,minibus,airport -> destination (arrival),return,day 10:00,none,299,499,499,499,499.19,499,true,false,IN_BAND_DIFFERENCE,
FD-candidate lookup-down,UPRISING,Pacific Harbour,minibus,airport -> destination (arrival),return,night 23:00,none,299,598,598,598,598.02,598,true,false,IN_BAND_DIFFERENCE,
FD-candidate lookup-down,UPRISING,Pacific Harbour,minibus,airport -> destination (arrival),return,day 10:00,child seat,299,507,507,507,506.19,507,true,false,IN_BAND_DIFFERENCE,
FD-candidate lookup-down,UPRISING,Pacific Harbour,minibus,airport -> destination (arrival),return,night 23:00,child seat,299,606,606,606,606.02,606,true,false,IN_BAND_DIFFERENCE,
FD-candidate lookup-down,NANUKU_RESORT,Pacific Harbour,sedan,airport -> destination (arrival),one-way,day 10:00,none,199,179,179,179,178.95,179,true,false,IN_BAND_DIFFERENCE,
FD-candidate lookup-down,NANUKU_RESORT,Pacific Harbour,sedan,airport -> destination (arrival),one-way,night 23:00,none,199,216,216,216,214.74,216,true,false,IN_BAND_DIFFERENCE,
FD-candidate lookup-down,NANUKU_RESORT,Pacific Harbour,sedan,airport -> destination (arrival),one-way,day 10:00,child seat,199,186,186,186,185.95,186,true,false,IN_BAND_DIFFERENCE,
FD-candidate lookup-down,NANUKU_RESORT,Pacific Harbour,sedan,airport -> destination (arrival),one-way,night 23:00,child seat,199,223,223,223,221.74,223,true,false,IN_BAND_DIFFERENCE,
FD-candidate lookup-down,NANUKU_RESORT,Pacific Harbour,sedan,airport -> destination (arrival),return,day 10:00,none,199,333,333,333,331.06,333,true,false,IN_BAND_DIFFERENCE,
FD-candidate lookup-down,NANUKU_RESORT,Pacific Harbour,sedan,airport -> destination (arrival),return,night 23:00,none,199,400,400,400,397.67,400,true,false,IN_BAND_DIFFERENCE,
FD-candidate lookup-down,NANUKU_RESORT,Pacific Harbour,sedan,airport -> destination (arrival),return,day 10:00,child seat,199,340,340,340,338.06,340,true,false,IN_BAND_DIFFERENCE,
FD-candidate lookup-down,NANUKU_RESORT,Pacific Harbour,sedan,airport -> destination (arrival),return,night 23:00,child seat,199,408,408,408,404.67,408,true,false,IN_BAND_DIFFERENCE,
FD-candidate lookup-down,NANUKU_RESORT,Pacific Harbour,minivan,airport -> destination (arrival),one-way,day 10:00,none,269,242,242,242,239.56,242,true,false,IN_BAND_DIFFERENCE,
FD-candidate lookup-down,NANUKU_RESORT,Pacific Harbour,minivan,airport -> destination (arrival),one-way,night 23:00,none,269,292,292,292,287.87,292,true,false,IN_BAND_DIFFERENCE,
FD-candidate lookup-down,NANUKU_RESORT,Pacific Harbour,minivan,airport -> destination (arrival),one-way,day 10:00,child seat,269,249,249,249,247.56,249,true,false,IN_BAND_DIFFERENCE,
FD-candidate lookup-down,NANUKU_RESORT,Pacific Harbour,minivan,airport -> destination (arrival),one-way,night 23:00,child seat,269,300,300,300,294.87,300,true,false,IN_BAND_DIFFERENCE,
FD-candidate lookup-down,NANUKU_RESORT,Pacific Harbour,minivan,airport -> destination (arrival),return,day 10:00,none,269,450,450,450,444.14,450,true,false,IN_BAND_DIFFERENCE,
FD-candidate lookup-down,NANUKU_RESORT,Pacific Harbour,minivan,airport -> destination (arrival),return,night 23:00,none,269,540,540,540,532.76,540,true,false,IN_BAND_DIFFERENCE,
FD-candidate lookup-down,NANUKU_RESORT,Pacific Harbour,minivan,airport -> destination (arrival),return,day 10:00,child seat,269,457,457,457,451.14,457,true,false,IN_BAND_DIFFERENCE,
FD-candidate lookup-down,NANUKU_RESORT,Pacific Harbour,minivan,airport -> destination (arrival),return,night 23:00,child seat,269,547,547,547,539.76,547,true,false,IN_BAND_DIFFERENCE,
FD-candidate lookup-down,NANUKU_RESORT,Pacific Harbour,minibus,airport -> destination (arrival),one-way,day 10:00,none,299,269,269,269,269.56,269,true,false,IN_BAND_DIFFERENCE,
FD-candidate lookup-down,NANUKU_RESORT,Pacific Harbour,minibus,airport -> destination (arrival),one-way,night 23:00,none,299,324,324,324,323.47,324,true,false,IN_BAND_DIFFERENCE,
FD-candidate lookup-down,NANUKU_RESORT,Pacific Harbour,minibus,airport -> destination (arrival),one-way,day 10:00,child seat,299,276,276,276,276.56,276,true,false,IN_BAND_DIFFERENCE,
FD-candidate lookup-down,NANUKU_RESORT,Pacific Harbour,minibus,airport -> destination (arrival),one-way,night 23:00,child seat,299,331,331,331,330.47,331,true,false,IN_BAND_DIFFERENCE,
FD-candidate lookup-down,NANUKU_RESORT,Pacific Harbour,minibus,airport -> destination (arrival),return,day 10:00,none,299,499,499,499,499.19,499,true,false,IN_BAND_DIFFERENCE,
FD-candidate lookup-down,NANUKU_RESORT,Pacific Harbour,minibus,airport -> destination (arrival),return,night 23:00,none,299,598,598,598,598.02,598,true,false,IN_BAND_DIFFERENCE,
FD-candidate lookup-down,NANUKU_RESORT,Pacific Harbour,minibus,airport -> destination (arrival),return,day 10:00,child seat,299,507,507,507,506.19,507,true,false,IN_BAND_DIFFERENCE,
FD-candidate lookup-down,NANUKU_RESORT,Pacific Harbour,minibus,airport -> destination (arrival),return,night 23:00,child seat,299,606,606,606,606.02,606,true,false,IN_BAND_DIFFERENCE,
FD-candidate lookup-down,BA_HOTEL,Ba,sedan,airport -> destination (arrival),one-way,day 10:00,none,169,152,152,152,154.45,152,true,false,IN_BAND_DIFFERENCE,
FD-candidate lookup-down,BA_HOTEL,Ba,sedan,airport -> destination (arrival),one-way,night 23:00,none,169,184,184,184,184.74,184,true,false,IN_BAND_DIFFERENCE,
FD-candidate lookup-down,BA_HOTEL,Ba,sedan,airport -> destination (arrival),one-way,day 10:00,child seat,169,159,159,159,161.45,159,true,false,IN_BAND_DIFFERENCE,
FD-candidate lookup-down,BA_HOTEL,Ba,sedan,airport -> destination (arrival),one-way,night 23:00,child seat,169,192,192,192,192.74,192,true,false,IN_BAND_DIFFERENCE,
FD-candidate lookup-down,BA_HOTEL,Ba,sedan,airport -> destination (arrival),return,day 10:00,none,169,283,283,283,285.18,283,true,false,IN_BAND_DIFFERENCE,
FD-candidate lookup-down,BA_HOTEL,Ba,sedan,airport -> destination (arrival),return,night 23:00,none,169,342,342,342,342.62,342,true,false,IN_BAND_DIFFERENCE,
FD-candidate lookup-down,BA_HOTEL,Ba,sedan,airport -> destination (arrival),return,day 10:00,child seat,169,291,291,291,292.18,291,true,false,IN_BAND_DIFFERENCE,
FD-candidate lookup-down,BA_HOTEL,Ba,sedan,airport -> destination (arrival),return,night 23:00,child seat,169,349,349,349,349.62,349,true,false,IN_BAND_DIFFERENCE,
FD-candidate lookup-down,BA_HOTEL,Ba,minivan,airport -> destination (arrival),one-way,day 10:00,none,199,179,179,179,194.05,179,true,false,IN_BAND_DIFFERENCE,
FD-candidate lookup-down,BA_HOTEL,Ba,minivan,airport -> destination (arrival),one-way,night 23:00,none,199,216,216,216,233.26,216,true,false,IN_BAND_DIFFERENCE,
FD-candidate lookup-down,BA_HOTEL,Ba,minivan,airport -> destination (arrival),one-way,day 10:00,child seat,199,186,186,186,202.05,186,true,false,IN_BAND_DIFFERENCE,
FD-candidate lookup-down,BA_HOTEL,Ba,minivan,airport -> destination (arrival),one-way,night 23:00,child seat,199,223,223,223,240.26,223,true,false,IN_BAND_DIFFERENCE,
FD-candidate lookup-down,BA_HOTEL,Ba,minivan,airport -> destination (arrival),return,day 10:00,none,199,333,333,333,359.69,333,true,false,IN_BAND_DIFFERENCE,
FD-candidate lookup-down,BA_HOTEL,Ba,minivan,airport -> destination (arrival),return,night 23:00,none,199,400,400,400,431.63,400,true,false,IN_BAND_DIFFERENCE,
FD-candidate lookup-down,BA_HOTEL,Ba,minivan,airport -> destination (arrival),return,day 10:00,child seat,199,340,340,340,366.69,340,true,false,IN_BAND_DIFFERENCE,
FD-candidate lookup-down,BA_HOTEL,Ba,minivan,airport -> destination (arrival),return,night 23:00,child seat,199,408,408,408,438.63,408,true,false,IN_BAND_DIFFERENCE,
FD-candidate lookup-down,BA_HOTEL,Ba,minibus,airport -> destination (arrival),one-way,day 10:00,none,249,224,224,224,242.12,224,true,false,IN_BAND_DIFFERENCE,
FD-candidate lookup-down,BA_HOTEL,Ba,minibus,airport -> destination (arrival),one-way,night 23:00,none,249,270,270,270,290.94,270,true,false,IN_BAND_DIFFERENCE,
FD-candidate lookup-down,BA_HOTEL,Ba,minibus,airport -> destination (arrival),one-way,day 10:00,child seat,249,231,231,231,249.12,231,true,false,IN_BAND_DIFFERENCE,
FD-candidate lookup-down,BA_HOTEL,Ba,minibus,airport -> destination (arrival),one-way,night 23:00,child seat,249,277,277,277,297.94,277,true,false,IN_BAND_DIFFERENCE,
FD-candidate lookup-down,BA_HOTEL,Ba,minibus,airport -> destination (arrival),return,day 10:00,none,249,418,418,418,447.87,418,true,false,IN_BAND_DIFFERENCE,
FD-candidate lookup-down,BA_HOTEL,Ba,minibus,airport -> destination (arrival),return,night 23:00,none,249,499,499,499,537.45,499,true,false,IN_BAND_DIFFERENCE,
FD-candidate lookup-down,BA_HOTEL,Ba,minibus,airport -> destination (arrival),return,day 10:00,child seat,249,426,426,426,454.87,426,true,false,IN_BAND_DIFFERENCE,
FD-candidate lookup-down,BA_HOTEL,Ba,minibus,airport -> destination (arrival),return,night 23:00,child seat,249,507,507,507,544.45,507,true,false,IN_BAND_DIFFERENCE,
FD-candidate lookup-down,VOLIVOLI_BEACH,Rakiraki,sedan,airport -> destination (arrival),one-way,day 10:00,none,249,224,224,224,220.59,224,true,false,IN_BAND_DIFFERENCE,
FD-candidate lookup-down,VOLIVOLI_BEACH,Rakiraki,sedan,airport -> destination (arrival),one-way,night 23:00,none,249,270,270,270,265.71,270,true,false,IN_BAND_DIFFERENCE,
FD-candidate lookup-down,VOLIVOLI_BEACH,Rakiraki,sedan,airport -> destination (arrival),one-way,day 10:00,child seat,249,231,231,231,228.59,231,true,false,IN_BAND_DIFFERENCE,
FD-candidate lookup-down,VOLIVOLI_BEACH,Rakiraki,sedan,airport -> destination (arrival),one-way,night 23:00,child seat,249,277,277,277,272.71,277,true,false,IN_BAND_DIFFERENCE,
FD-candidate lookup-down,VOLIVOLI_BEACH,Rakiraki,sedan,airport -> destination (arrival),return,day 10:00,none,249,418,418,418,409.34,418,true,false,IN_BAND_DIFFERENCE,
FD-candidate lookup-down,VOLIVOLI_BEACH,Rakiraki,sedan,airport -> destination (arrival),return,night 23:00,none,249,499,499,499,490.21,499,true,false,IN_BAND_DIFFERENCE,
FD-candidate lookup-down,VOLIVOLI_BEACH,Rakiraki,sedan,airport -> destination (arrival),return,day 10:00,child seat,249,426,426,426,416.34,426,true,false,IN_BAND_DIFFERENCE,
FD-candidate lookup-down,VOLIVOLI_BEACH,Rakiraki,sedan,airport -> destination (arrival),return,night 23:00,child seat,249,507,507,507,498.21,507,true,false,IN_BAND_DIFFERENCE,
FD-candidate lookup-down,VOLIVOLI_BEACH,Rakiraki,minivan,airport -> destination (arrival),one-way,day 10:00,none,299,269,269,269,290.72,269,true,false,IN_BAND_DIFFERENCE,
FD-candidate lookup-down,VOLIVOLI_BEACH,Rakiraki,minivan,airport -> destination (arrival),one-way,night 23:00,none,299,324,324,324,348.26,324,true,false,IN_BAND_DIFFERENCE,
FD-candidate lookup-down,VOLIVOLI_BEACH,Rakiraki,minivan,airport -> destination (arrival),one-way,day 10:00,child seat,299,276,276,276,297.72,276,true,false,IN_BAND_DIFFERENCE,
FD-candidate lookup-down,VOLIVOLI_BEACH,Rakiraki,minivan,airport -> destination (arrival),one-way,night 23:00,child seat,299,331,331,331,355.26,331,true,false,IN_BAND_DIFFERENCE,
FD-candidate lookup-down,VOLIVOLI_BEACH,Rakiraki,minivan,airport -> destination (arrival),return,day 10:00,none,299,499,499,499,537.03,499,true,false,IN_BAND_DIFFERENCE,
FD-candidate lookup-down,VOLIVOLI_BEACH,Rakiraki,minivan,airport -> destination (arrival),return,night 23:00,none,299,598,598,598,644.44,598,true,false,IN_BAND_DIFFERENCE,
FD-candidate lookup-down,VOLIVOLI_BEACH,Rakiraki,minivan,airport -> destination (arrival),return,day 10:00,child seat,299,507,507,507,544.03,507,true,false,IN_BAND_DIFFERENCE,
FD-candidate lookup-down,VOLIVOLI_BEACH,Rakiraki,minivan,airport -> destination (arrival),return,night 23:00,child seat,299,606,606,606,652.44,606,true,false,IN_BAND_DIFFERENCE,
FD-candidate lookup-down,VOLIVOLI_BEACH,Rakiraki,minibus,airport -> destination (arrival),one-way,day 10:00,none,349,314,314,314,335.44,314,true,false,IN_BAND_DIFFERENCE,
FD-candidate lookup-down,VOLIVOLI_BEACH,Rakiraki,minibus,airport -> destination (arrival),one-way,night 23:00,none,349,378,378,378,401.93,378,true,false,IN_BAND_DIFFERENCE,
FD-candidate lookup-down,VOLIVOLI_BEACH,Rakiraki,minibus,airport -> destination (arrival),one-way,day 10:00,child seat,349,321,321,321,342.44,321,true,false,IN_BAND_DIFFERENCE,
FD-candidate lookup-down,VOLIVOLI_BEACH,Rakiraki,minibus,airport -> destination (arrival),one-way,night 23:00,child seat,349,385,385,385,409.93,385,true,false,IN_BAND_DIFFERENCE,
FD-candidate lookup-down,VOLIVOLI_BEACH,Rakiraki,minibus,airport -> destination (arrival),return,day 10:00,none,349,585,585,585,620.01,585,true,false,IN_BAND_DIFFERENCE,
FD-candidate lookup-down,VOLIVOLI_BEACH,Rakiraki,minibus,airport -> destination (arrival),return,night 23:00,none,349,697,697,697,743.82,697,true,false,IN_BAND_DIFFERENCE,
FD-candidate lookup-down,VOLIVOLI_BEACH,Rakiraki,minibus,airport -> destination (arrival),return,day 10:00,child seat,349,592,592,592,627.01,592,true,false,IN_BAND_DIFFERENCE,
FD-candidate lookup-down,VOLIVOLI_BEACH,Rakiraki,minibus,airport -> destination (arrival),return,night 23:00,child seat,349,705,705,705,751.82,705,true,false,IN_BAND_DIFFERENCE,
FD-candidate lookup-down,GRAND_PACIFIC,Suva,sedan,airport -> destination (arrival),one-way,day 10:00,none,319,287,287,287,283.75,287,true,false,IN_BAND_DIFFERENCE,
FD-candidate lookup-down,GRAND_PACIFIC,Suva,sedan,airport -> destination (arrival),one-way,night 23:00,none,319,346,346,346,339.7,346,true,false,IN_BAND_DIFFERENCE,
FD-candidate lookup-down,GRAND_PACIFIC,Suva,sedan,airport -> destination (arrival),one-way,day 10:00,child seat,319,294,294,294,290.75,294,true,false,IN_BAND_DIFFERENCE,
FD-candidate lookup-down,GRAND_PACIFIC,Suva,sedan,airport -> destination (arrival),one-way,night 23:00,child seat,319,354,354,354,346.7,354,true,false,IN_BAND_DIFFERENCE,
FD-candidate lookup-down,GRAND_PACIFIC,Suva,sedan,airport -> destination (arrival),return,day 10:00,none,319,535,535,535,524.29,535,true,false,IN_BAND_DIFFERENCE,
FD-candidate lookup-down,GRAND_PACIFIC,Suva,sedan,airport -> destination (arrival),return,night 23:00,none,319,639,639,639,628.75,639,true,false,IN_BAND_DIFFERENCE,
FD-candidate lookup-down,GRAND_PACIFIC,Suva,sedan,airport -> destination (arrival),return,day 10:00,child seat,319,543,543,543,531.29,543,true,false,IN_BAND_DIFFERENCE,
FD-candidate lookup-down,GRAND_PACIFIC,Suva,sedan,airport -> destination (arrival),return,night 23:00,child seat,319,646,646,646,635.75,646,true,false,IN_BAND_DIFFERENCE,
FD-candidate lookup-down,GRAND_PACIFIC,Suva,minivan,airport -> destination (arrival),one-way,day 10:00,none,369,332,332,332,321.92,332,true,false,IN_BAND_DIFFERENCE,
FD-candidate lookup-down,GRAND_PACIFIC,Suva,minivan,airport -> destination (arrival),one-way,night 23:00,none,369,400,400,400,386.5,400,true,false,IN_BAND_DIFFERENCE,
FD-candidate lookup-down,GRAND_PACIFIC,Suva,minivan,airport -> destination (arrival),one-way,day 10:00,child seat,369,339,339,339,328.92,339,true,false,IN_BAND_DIFFERENCE,
FD-candidate lookup-down,GRAND_PACIFIC,Suva,minivan,airport -> destination (arrival),one-way,night 23:00,child seat,369,408,408,408,393.5,408,true,false,IN_BAND_DIFFERENCE,
FD-candidate lookup-down,GRAND_PACIFIC,Suva,minivan,airport -> destination (arrival),return,day 10:00,none,369,616,616,616,596.15,616,true,false,IN_BAND_DIFFERENCE,
FD-candidate lookup-down,GRAND_PACIFIC,Suva,minivan,airport -> destination (arrival),return,night 23:00,none,369,738,738,738,715.58,738,true,false,IN_BAND_DIFFERENCE,
FD-candidate lookup-down,GRAND_PACIFIC,Suva,minivan,airport -> destination (arrival),return,day 10:00,child seat,369,624,624,624,603.15,624,true,false,IN_BAND_DIFFERENCE,
FD-candidate lookup-down,GRAND_PACIFIC,Suva,minivan,airport -> destination (arrival),return,night 23:00,child seat,369,745,745,745,722.58,745,true,false,IN_BAND_DIFFERENCE,
FD-candidate lookup-down,GRAND_PACIFIC,Suva,minibus,airport -> destination (arrival),one-way,day 10:00,none,499,449,449,449,445.75,449,true,false,IN_BAND_DIFFERENCE,
FD-candidate lookup-down,GRAND_PACIFIC,Suva,minibus,airport -> destination (arrival),one-way,night 23:00,none,499,540,540,540,534.7,540,true,false,IN_BAND_DIFFERENCE,
FD-candidate lookup-down,GRAND_PACIFIC,Suva,minibus,airport -> destination (arrival),one-way,day 10:00,child seat,499,456,456,456,452.75,456,true,false,IN_BAND_DIFFERENCE,
FD-candidate lookup-down,GRAND_PACIFIC,Suva,minibus,airport -> destination (arrival),one-way,night 23:00,child seat,499,547,547,547,541.7,547,true,false,IN_BAND_DIFFERENCE,
FD-candidate lookup-down,GRAND_PACIFIC,Suva,minibus,airport -> destination (arrival),return,day 10:00,none,499,832,832,832,823.29,832,true,false,IN_BAND_DIFFERENCE,
FD-candidate lookup-down,GRAND_PACIFIC,Suva,minibus,airport -> destination (arrival),return,night 23:00,none,499,999,999,999,988.35,999,true,false,IN_BAND_DIFFERENCE,
FD-candidate lookup-down,GRAND_PACIFIC,Suva,minibus,airport -> destination (arrival),return,day 10:00,child seat,499,840,840,840,831.29,840,true,false,IN_BAND_DIFFERENCE,
FD-candidate lookup-down,GRAND_PACIFIC,Suva,minibus,airport -> destination (arrival),return,night 23:00,child seat,499,1006,1006,1006,995.35,1006,true,false,IN_BAND_DIFFERENCE,
FD-candidate lookup-down,TANOA_PLAZA_SUVA,Suva,sedan,airport -> destination (arrival),one-way,day 10:00,none,319,287,287,287,283.75,287,true,false,IN_BAND_DIFFERENCE,
FD-candidate lookup-down,TANOA_PLAZA_SUVA,Suva,sedan,airport -> destination (arrival),one-way,night 23:00,none,319,346,346,346,339.7,346,true,false,IN_BAND_DIFFERENCE,
FD-candidate lookup-down,TANOA_PLAZA_SUVA,Suva,sedan,airport -> destination (arrival),one-way,day 10:00,child seat,319,294,294,294,290.75,294,true,false,IN_BAND_DIFFERENCE,
FD-candidate lookup-down,TANOA_PLAZA_SUVA,Suva,sedan,airport -> destination (arrival),one-way,night 23:00,child seat,319,354,354,354,346.7,354,true,false,IN_BAND_DIFFERENCE,
FD-candidate lookup-down,TANOA_PLAZA_SUVA,Suva,sedan,airport -> destination (arrival),return,day 10:00,none,319,535,535,535,524.29,535,true,false,IN_BAND_DIFFERENCE,
FD-candidate lookup-down,TANOA_PLAZA_SUVA,Suva,sedan,airport -> destination (arrival),return,night 23:00,none,319,639,639,639,628.75,639,true,false,IN_BAND_DIFFERENCE,
FD-candidate lookup-down,TANOA_PLAZA_SUVA,Suva,sedan,airport -> destination (arrival),return,day 10:00,child seat,319,543,543,543,531.29,543,true,false,IN_BAND_DIFFERENCE,
FD-candidate lookup-down,TANOA_PLAZA_SUVA,Suva,sedan,airport -> destination (arrival),return,night 23:00,child seat,319,646,646,646,635.75,646,true,false,IN_BAND_DIFFERENCE,
FD-candidate lookup-down,TANOA_PLAZA_SUVA,Suva,minivan,airport -> destination (arrival),one-way,day 10:00,none,369,332,332,332,321.92,332,true,false,IN_BAND_DIFFERENCE,
FD-candidate lookup-down,TANOA_PLAZA_SUVA,Suva,minivan,airport -> destination (arrival),one-way,night 23:00,none,369,400,400,400,386.5,400,true,false,IN_BAND_DIFFERENCE,
FD-candidate lookup-down,TANOA_PLAZA_SUVA,Suva,minivan,airport -> destination (arrival),one-way,day 10:00,child seat,369,339,339,339,328.92,339,true,false,IN_BAND_DIFFERENCE,
FD-candidate lookup-down,TANOA_PLAZA_SUVA,Suva,minivan,airport -> destination (arrival),one-way,night 23:00,child seat,369,408,408,408,393.5,408,true,false,IN_BAND_DIFFERENCE,
FD-candidate lookup-down,TANOA_PLAZA_SUVA,Suva,minivan,airport -> destination (arrival),return,day 10:00,none,369,616,616,616,596.15,616,true,false,IN_BAND_DIFFERENCE,
FD-candidate lookup-down,TANOA_PLAZA_SUVA,Suva,minivan,airport -> destination (arrival),return,night 23:00,none,369,738,738,738,715.58,738,true,false,IN_BAND_DIFFERENCE,
FD-candidate lookup-down,TANOA_PLAZA_SUVA,Suva,minivan,airport -> destination (arrival),return,day 10:00,child seat,369,624,624,624,603.15,624,true,false,IN_BAND_DIFFERENCE,
FD-candidate lookup-down,TANOA_PLAZA_SUVA,Suva,minivan,airport -> destination (arrival),return,night 23:00,child seat,369,745,745,745,722.58,745,true,false,IN_BAND_DIFFERENCE,
FD-candidate lookup-down,TANOA_PLAZA_SUVA,Suva,minibus,airport -> destination (arrival),one-way,day 10:00,none,499,449,449,449,445.75,449,true,false,IN_BAND_DIFFERENCE,
FD-candidate lookup-down,TANOA_PLAZA_SUVA,Suva,minibus,airport -> destination (arrival),one-way,night 23:00,none,499,540,540,540,534.7,540,true,false,IN_BAND_DIFFERENCE,
FD-candidate lookup-down,TANOA_PLAZA_SUVA,Suva,minibus,airport -> destination (arrival),one-way,day 10:00,child seat,499,456,456,456,452.75,456,true,false,IN_BAND_DIFFERENCE,
FD-candidate lookup-down,TANOA_PLAZA_SUVA,Suva,minibus,airport -> destination (arrival),one-way,night 23:00,child seat,499,547,547,547,541.7,547,true,false,IN_BAND_DIFFERENCE,
FD-candidate lookup-down,TANOA_PLAZA_SUVA,Suva,minibus,airport -> destination (arrival),return,day 10:00,none,499,832,832,832,823.29,832,true,false,IN_BAND_DIFFERENCE,
FD-candidate lookup-down,TANOA_PLAZA_SUVA,Suva,minibus,airport -> destination (arrival),return,night 23:00,none,499,999,999,999,988.35,999,true,false,IN_BAND_DIFFERENCE,
FD-candidate lookup-down,TANOA_PLAZA_SUVA,Suva,minibus,airport -> destination (arrival),return,day 10:00,child seat,499,840,840,840,831.29,840,true,false,IN_BAND_DIFFERENCE,
FD-candidate lookup-down,TANOA_PLAZA_SUVA,Suva,minibus,airport -> destination (arrival),return,night 23:00,child seat,499,1006,1006,1006,995.35,1006,true,false,IN_BAND_DIFFERENCE,
FD-candidate lookup-down,NAUSORI_AIRPORT,Nausori,sedan,airport -> destination (arrival),one-way,day 10:00,none,369,332,332,332,321.35,332,true,false,IN_BAND_DIFFERENCE,
FD-candidate lookup-down,NAUSORI_AIRPORT,Nausori,sedan,airport -> destination (arrival),one-way,night 23:00,none,369,400,400,400,385.82,400,true,false,IN_BAND_DIFFERENCE,
FD-candidate lookup-down,NAUSORI_AIRPORT,Nausori,sedan,airport -> destination (arrival),one-way,day 10:00,child seat,369,339,339,339,328.35,339,true,false,IN_BAND_DIFFERENCE,
FD-candidate lookup-down,NAUSORI_AIRPORT,Nausori,sedan,airport -> destination (arrival),one-way,night 23:00,child seat,369,408,408,408,392.82,408,true,false,IN_BAND_DIFFERENCE,
FD-candidate lookup-down,NAUSORI_AIRPORT,Nausori,sedan,airport -> destination (arrival),return,day 10:00,none,369,616,616,616,595.1,616,true,false,IN_BAND_DIFFERENCE,
FD-candidate lookup-down,NAUSORI_AIRPORT,Nausori,sedan,airport -> destination (arrival),return,night 23:00,none,369,738,738,738,714.32,738,true,false,IN_BAND_DIFFERENCE,
FD-candidate lookup-down,NAUSORI_AIRPORT,Nausori,sedan,airport -> destination (arrival),return,day 10:00,child seat,369,624,624,624,602.1,624,true,false,IN_BAND_DIFFERENCE,
FD-candidate lookup-down,NAUSORI_AIRPORT,Nausori,sedan,airport -> destination (arrival),return,night 23:00,child seat,369,745,745,745,721.32,745,true,false,IN_BAND_DIFFERENCE,
FD-candidate lookup-down,NAUSORI_AIRPORT,Nausori,minivan,airport -> destination (arrival),one-way,day 10:00,none,499,449,449,449,421.69,449,true,false,IN_BAND_DIFFERENCE,
FD-candidate lookup-down,NAUSORI_AIRPORT,Nausori,minivan,airport -> destination (arrival),one-way,night 23:00,none,499,540,540,540,506.43,540,true,false,IN_BAND_DIFFERENCE,
FD-candidate lookup-down,NAUSORI_AIRPORT,Nausori,minivan,airport -> destination (arrival),one-way,day 10:00,child seat,499,456,456,456,428.69,456,true,false,IN_BAND_DIFFERENCE,
FD-candidate lookup-down,NAUSORI_AIRPORT,Nausori,minivan,airport -> destination (arrival),one-way,night 23:00,child seat,499,547,547,547,513.43,547,true,false,IN_BAND_DIFFERENCE,
FD-candidate lookup-down,NAUSORI_AIRPORT,Nausori,minivan,airport -> destination (arrival),return,day 10:00,none,499,832,832,832,780.08,832,true,false,IN_BAND_DIFFERENCE,
FD-candidate lookup-down,NAUSORI_AIRPORT,Nausori,minivan,airport -> destination (arrival),return,night 23:00,none,499,999,999,999,936.49,999,true,false,IN_BAND_DIFFERENCE,
FD-candidate lookup-down,NAUSORI_AIRPORT,Nausori,minivan,airport -> destination (arrival),return,day 10:00,child seat,499,840,840,840,787.08,840,true,false,IN_BAND_DIFFERENCE,
FD-candidate lookup-down,NAUSORI_AIRPORT,Nausori,minivan,airport -> destination (arrival),return,night 23:00,child seat,499,1006,1006,1006,943.49,1006,true,false,IN_BAND_DIFFERENCE,
FD-candidate lookup-down,NAUSORI_AIRPORT,Nausori,minibus,airport -> destination (arrival),one-way,day 10:00,none,549,494,494,494,483.35,494,true,false,IN_BAND_DIFFERENCE,
FD-candidate lookup-down,NAUSORI_AIRPORT,Nausori,minibus,airport -> destination (arrival),one-way,night 23:00,none,549,594,594,594,580.82,594,true,false,IN_BAND_DIFFERENCE,
FD-candidate lookup-down,NAUSORI_AIRPORT,Nausori,minibus,airport -> destination (arrival),one-way,day 10:00,child seat,549,501,501,501,490.35,501,true,false,IN_BAND_DIFFERENCE,
FD-candidate lookup-down,NAUSORI_AIRPORT,Nausori,minibus,airport -> destination (arrival),one-way,night 23:00,child seat,549,601,601,601,587.82,601,true,false,IN_BAND_DIFFERENCE,
FD-candidate lookup-down,NAUSORI_AIRPORT,Nausori,minibus,airport -> destination (arrival),return,day 10:00,none,549,918,918,918,895.1,918,true,false,IN_BAND_DIFFERENCE,
FD-candidate lookup-down,NAUSORI_AIRPORT,Nausori,minibus,airport -> destination (arrival),return,night 23:00,none,549,1098,1098,1098,1073.92,1098,true,false,IN_BAND_DIFFERENCE,
FD-candidate lookup-down,NAUSORI_AIRPORT,Nausori,minibus,airport -> destination (arrival),return,day 10:00,child seat,549,925,925,925,902.1,925,true,false,IN_BAND_DIFFERENCE,
FD-candidate lookup-down,NAUSORI_AIRPORT,Nausori,minibus,airport -> destination (arrival),return,night 23:00,child seat,549,1105,1105,1105,1080.92,1105,true,false,IN_BAND_DIFFERENCE,